ejercicio,input_pdf,ocr_pdf,avg_chars_per_page,decision,status,threshold_used,cleaning_ms,ocr_ms,vector_stripped
2009,2009CLXXXIV53IX.pdf,2009CLXXXIV53IX_ocr.pdf,16.0,scan,already_exists,,0,0,False
2009,2009CLXXXIV53VI.pdf,2009CLXXXIV53VI_ocr.pdf,16.0,scan,already_exists,,0,0,False
2009,2009CLXXXIV53VII.pdf,2009CLXXXIV53VII_ocr.pdf,16.0,scan,already_exists,,0,0,False
2009,2009CLXXXIV53VIII.pdf,2009CLXXXIV53VIII_ocr.pdf,16.0,scan,already_exists,,0,0,False
2009,2009CLXXXIV53X.pdf,2009CLXXXIV53X_ocr.pdf,16.0,scan,already_exists,,0,0,False
2009,2009CLXXXIV53XI.pdf,2009CLXXXIV53XI_ocr.pdf,16.0,scan,already_exists,,0,0,False
2009,2009CLXXXIV53XII.pdf,2009CLXXXIV53XII_ocr.pdf,16.0,scan,already_exists,,0,0,False
2009,2009CLXXXIV53XVIII.pdf,2009CLXXXIV53XVIII_ocr.pdf,16.0,scan,already_exists,,0,0,False
2009,2009CLXXXIII16III.pdf,2009CLXXXIII16III_ocr.pdf,16.0,scan,already_exists,,0,0,False
2010,2010CLXXXVI53IV.pdf,2010CLXXXVI53IV_ocr.pdf,45.0,scan,already_exists,,0,0,False
2010,2010CLXXXVI53X.pdf,2010CLXXXVI53X_ocr.pdf,45.0,scan,already_exists,,0,0,False
2010,2010CLXXXVI53XI.pdf,2010CLXXXVI53XI_ocr.pdf,45.0,scan,already_exists,,0,0,False
2010,2010CLXXXVI53XII.pdf,2010CLXXXVI53XII_ocr.pdf,45.0,scan,already_exists,,0,0,False
2010,2010CLXXXVI53XIV.pdf,2010CLXXXVI53XIV_ocr.pdf,16.0,scan,already_exists,,0,0,False
2010,2010CLXXXVI53XIX.pdf,2010CLXXXVI53XIX_ocr.pdf,45.0,scan,already_exists,,0,0,False
2010,2010CLXXXVI53XV.pdf,2010CLXXXVI53XV_ocr.pdf,45.0,scan,already_exists,,0,0,False
2010,2010CLXXXVI53XVI.pdf,2010CLXXXVI53XVI_ocr.pdf,45.0,scan,already_exists,,0,0,False
2010,2010CLXXXVI53XVIII.pdf,2010CLXXXVI53XVIII_ocr.pdf,45.0,scan,already_exists,,0,0,False
2010,2010CLXXXVI53XX.pdf,2010CLXXXVI53XX_ocr.pdf,45.0,scan,already_exists,,0,0,False
2010,2010CLXXXVI53XXI.pdf,2010CLXXXVI53XXI_ocr.pdf,45.0,scan,already_exists,,0,0,False
2010,2010CLXXXVI53XXII.pdf,2010CLXXXVI53XXII_ocr.pdf,45.0,scan,already_exists,,0,0,False
2010,2010CLXXXVI53XXIII.pdf,2010CLXXXVI53XXIII_ocr.pdf,45.0,scan,already_exists,,0,0,False
2012,2012CXC53IX.pdf,2012CXC53IX_ocr.pdf,3119.5,native,skipped:native,,0,0,False
2012,2012CXC53V.pdf,2012CXC53V_ocr.pdf,4095.7,native,skipped:native,,0,0,False
2012,2012CXC53VI.pdf,2012CXC53VI_ocr.pdf,3460.2,native,skipped:native,,0,0,False
2012,2012CXC53VIII.pdf,2012CXC53VIII_ocr.pdf,3762.8,native,skipped:native,,0,0,False
2012,2012CLXXXIX2I.pdf,2012CLXXXIX2I_ocr.pdf,4171.2,native,skipped:native,,0,0,False
2012,2012CLXXXIX2II.pdf,2012CLXXXIX2II_ocr.pdf,3753.7,native,skipped:native,,0,0,False
2012,2012CLXXXIX2III.pdf,2012CLXXXIX2III_ocr.pdf,3735.8,native,skipped:native,,0,0,False
2012,2012CLXXXIX2IV.pdf,2012CLXXXIX2IV_ocr.pdf,3083.3,native,skipped:native,,0,0,False
2012,2012CLXXXIX2IX.pdf,2012CLXXXIX2IX_ocr.pdf,3437.8,native,skipped:native,,0,0,False
2012,2012CLXXXIX2V.pdf,2012CLXXXIX2V_ocr.pdf,3497.2,native,skipped:native,,0,0,False
2012,2012CLXXXIX2VI.pdf,2012CLXXXIX2VI_ocr.pdf,3128.3,native,skipped:native,,0,0,False
2012,2012CLXXXIX2VII.pdf,2012CLXXXIX2VII_ocr.pdf,3242.7,native,skipped:native,,0,0,False
2012,2012CLXXXIX2VIII.pdf,2012CLXXXIX2VIII_ocr.pdf,2034.7,native,skipped:native,,0,0,False
2012,2012CLXXXIX2X.pdf,2012CLXXXIX2X_ocr.pdf,3195.8,native,skipped:native,,0,0,False
2012,2012CLXXXIX2XI.pdf,2012CLXXXIX2XI_ocr.pdf,2068.8,native,skipped:native,,0,0,False
2012,2012CLXXXIX2XII.pdf,2012CLXXXIX2XII_ocr.pdf,3080.8,native,skipped:native,,0,0,False
2012,2012CLXXXIX2XIII.pdf,2012CLXXXIX2XIII_ocr.pdf,3059.5,native,skipped:native,,0,0,False
2012,2012CLXXXIX2XIV.pdf,2012CLXXXIX2XIV_ocr.pdf,3020.0,native,skipped:native,,0,0,False
2012,2012CLXXXIX2XIX.pdf,2012CLXXXIX2XIX_ocr.pdf,2702.5,native,skipped:native,,0,0,False
2012,2012CLXXXIX2XV.pdf,2012CLXXXIX2XV_ocr.pdf,2913.3,native,skipped:native,,0,0,False
2012,2012CLXXXIX2XVI.pdf,2012CLXXXIX2XVI_ocr.pdf,2848.5,native,skipped:native,,0,0,False
2012,2012CLXXXIX2XVII.pdf,2012CLXXXIX2XVII_ocr.pdf,2417.8,native,skipped:native,,0,0,False
2012,2012CLXXXIX2XVIII.pdf,2012CLXXXIX2XVIII_ocr.pdf,3009.2,native,skipped:native,,0,0,False
2012,2012CLXXXIX2XXI.pdf,2012CLXXXIX2XXI_ocr.pdf,3060.2,native,skipped:native,,0,0,False
2012,2012CLXXXIX2XXII.pdf,2012CLXXXIX2XXII_ocr.pdf,16.0,scan,already_exists,,0,0,False
2013,2013CXCI26I.pdf,2013CXCI26I_ocr.pdf,2579.7,native,skipped:native,,0,0,False
2013,2013CXCII7I.pdf,2013CXCII7I_ocr.pdf,900.5,native,skipped:native,,0,0,False
2013,2013CXCI19I.pdf,2013CXCI19I_ocr.pdf,2980.5,native,skipped:native,,0,0,False
2013,2013CXCI41II.pdf,2013CXCI41II_ocr.pdf,931.5,native,skipped:native,,0,0,False
2013,2013CXCII28II.pdf,2013CXCII28II_ocr.pdf,1073.5,native,skipped:native,,0,0,False
2014,2014CXCIV52III.pdf,2014CXCIV52III_ocr.pdf,16.0,scan,already_exists,,0,0,False
2014,2014CXCIV52IV.pdf,2014CXCIV52IV_ocr.pdf,16.0,scan,already_exists,,0,0,False
2014,2014CXCIV52IX.pdf,2014CXCIV52IX_ocr.pdf,16.0,scan,already_exists,,0,0,False
2014,2014CXCIV52V.pdf,2014CXCIV52V_ocr.pdf,16.0,scan,already_exists,,0,0,False
2014,2014CXCIV52VII.pdf,2014CXCIV52VII_ocr.pdf,16.0,scan,already_exists,,0,0,False
2014,2014CXCIV52VIII.pdf,2014CXCIV52VIII_ocr.pdf,16.0,scan,already_exists,,0,0,False
2014,2014CXCIV52X.pdf,2014CXCIV52X_ocr.pdf,16.0,scan,already_exists,,0,0,False
2014,2014CXCIV52XI.pdf,2014CXCIV52XI_ocr.pdf,16.0,scan,already_exists,,0,0,False
2014,2014CXCIV52XII.pdf,2014CXCIV52XII_ocr.pdf,16.0,scan,already_exists,,0,0,False
2014,2014CXCIV52XIII.pdf,2014CXCIV52XIII_ocr.pdf,16.0,scan,already_exists,,0,0,False
2014,2014CXCIV52XIV.pdf,2014CXCIV52XIV_ocr.pdf,16.0,scan,already_exists,,0,0,False
2014,2014CXCIV52XIX.pdf,2014CXCIV52XIX_ocr.pdf,16.0,scan,already_exists,,0,0,False
2014,2014CXCIV52XV.pdf,2014CXCIV52XV_ocr.pdf,16.0,scan,already_exists,,0,0,False
2014,2014CXCIV52XVI.pdf,2014CXCIV52XVI_ocr.pdf,16.0,scan,already_exists,,0,0,False
2014,2014CXCIV52XVII.pdf,2014CXCIV52XVII_ocr.pdf,16.0,scan,already_exists,,0,0,False
2014,2014CXCIV52XVIII.pdf,2014CXCIV52XVIII_ocr.pdf,16.0,scan,already_exists,,0,0,False
2014,2014CXCIV52XX.pdf,2014CXCIV52XX_ocr.pdf,16.0,scan,already_exists,,0,0,False
2014,2014CXCIV52XXI.pdf,2014CXCIV52XXI_ocr.pdf,16.0,scan,already_exists,,0,0,False
2014,2014CXCIV39III.pdf,2014CXCIV39III_ocr.pdf,1846.0,native,skipped:native,,0,0,False
2015,2015CXCV35III.pdf,2015CXCV35III_ocr.pdf,1654.0,native,skipped:native,,0,0,False
2015,2015CXCV35IV.pdf,2015CXCV35IV_ocr.pdf,1426.3,native,skipped:native,,0,0,False
2015,2015CXCVI49III.pdf,2015CXCVI49III_ocr.pdf,16.0,scan,already_exists,,0,0,False
2015,2015CXCVI51I.pdf,2015CXCVI51I_ocr.pdf,16.0,scan,already_exists,,0,0,False
2015,2015CXCVI51II.pdf,2015CXCVI51II_ocr.pdf,16.0,scan,already_exists,,0,0,False
2015,2015CXCVI51III.pdf,2015CXCVI51III_ocr.pdf,16.0,scan,already_exists,,0,0,False
2015,2015CXCVI51IV.pdf,2015CXCVI51IV_ocr.pdf,16.0,scan,already_exists,,0,0,False
2015,2015CXCVI51IX.pdf,2015CXCVI51IX_ocr.pdf,16.0,scan,already_exists,,0,0,False
2015,2015CXCVI51VI.pdf,2015CXCVI51VI_ocr.pdf,16.0,scan,already_exists,,0,0,False
2015,2015CXCVI51VII.pdf,2015CXCVI51VII_ocr.pdf,16.0,scan,already_exists,,0,0,False
2015,2015CXCVI51VIII.pdf,2015CXCVI51VIII_ocr.pdf,16.0,scan,already_exists,,0,0,False
2015,2015CXCVI51X.pdf,2015CXCVI51X_ocr.pdf,16.0,scan,already_exists,,0,0,False
2015,2015CXCVI51XI.pdf,2015CXCVI51XI_ocr.pdf,16.0,scan,already_exists,,0,0,False
2015,2015CXCVI51XII.pdf,2015CXCVI51XII_ocr.pdf,16.0,scan,already_exists,,0,0,False
2015,2015CXCVI51XIII.pdf,2015CXCVI51XIII_ocr.pdf,16.0,scan,already_exists,,0,0,False
2015,2015CXCVI51XIV.pdf,2015CXCVI51XIV_ocr.pdf,16.0,scan,already_exists,,0,0,False
2015,2015CXCVI51XIX.pdf,2015CXCVI51XIX_ocr.pdf,16.0,scan,already_exists,,0,0,False
2015,2015CXCVI51XV.pdf,2015CXCVI51XV_ocr.pdf,16.0,scan,already_exists,,0,0,False
2015,2015CXCVI51XVI.pdf,2015CXCVI51XVI_ocr.pdf,16.0,scan,already_exists,,0,0,False
2015,2015CXCVI51XVII.pdf,2015CXCVI51XVII_ocr.pdf,16.0,scan,already_exists,,0,0,False
2015,2015CXCVI51XVIII.pdf,2015CXCVI51XVIII_ocr.pdf,16.0,scan,already_exists,,0,0,False
2015,2015CXCVI51XX.pdf,2015CXCVI51XX_ocr.pdf,16.0,scan,already_exists,,0,0,False
2016,2016CXCVIII51IX.pdf,2016CXCVIII51IX_ocr.pdf,3862.8,native,skipped:native,,0,0,False
2016,2016CXCVIII51V.pdf,2016CXCVIII51V_ocr.pdf,4186.3,native,skipped:native,,0,0,False
2016,2016CXCVIII51VI.pdf,2016CXCVIII51VI_ocr.pdf,3517.3,native,skipped:native,,0,0,False
2016,2016CXCVIII51VII.pdf,2016CXCVIII51VII_ocr.pdf,3577.3,native,skipped:native,,0,0,False
2016,2016CXCVIII51VIII.pdf,2016CXCVIII51VIII_ocr.pdf,3285.5,native,skipped:native,,0,0,False
2016,2016CXCVIII51X.pdf,2016CXCVIII51X_ocr.pdf,2472.2,native,skipped:native,,0,0,False
2016,2016CXCVIII51XI.pdf,2016CXCVIII51XI_ocr.pdf,3200.5,native,skipped:native,,0,0,False
2016,2016CXCVIII51XII.pdf,2016CXCVIII51XII_ocr.pdf,2539.0,native,skipped:native,,0,0,False
2016,2016CXCVIII51XIII.pdf,2016CXCVIII51XIII_ocr.pdf,3042.3,native,skipped:native,,0,0,False
2016,2016CXCVIII51XIV.pdf,2016CXCVIII51XIV_ocr.pdf,2466.7,native,skipped:native,,0,0,False
2016,2016CXCVIII51XIX.pdf,2016CXCVIII51XIX_ocr.pdf,3660.3,native,skipped:native,,0,0,False
2016,2016CXCVIII51XV.pdf,2016CXCVIII51XV_ocr.pdf,3088.8,native,skipped:native,,0,0,False
2016,2016CXCVIII51XVI.pdf,2016CXCVIII51XVI_ocr.pdf,3190.7,native,skipped:native,,0,0,False
2016,2016CXCVIII51XVII.pdf,2016CXCVIII51XVII_ocr.pdf,3942.2,native,skipped:native,,0,0,False
2016,2016CXCVIII51XVIII.pdf,2016CXCVIII51XVIII_ocr.pdf,3370.2,native,skipped:native,,0,0,False
2016,2016CXCVIII51XX.pdf,2016CXCVIII51XX_ocr.pdf,2371.0,native,skipped:native,,0,0,False
2016,2016CXCVIII51XXI.pdf,2016CXCVIII51XXI_ocr.pdf,3459.5,native,skipped:native,,0,0,False
2016,2016CXCVIII51XXII.pdf,2016CXCVIII51XXII_ocr.pdf,2498.8,native,skipped:native,,0,0,False
2016,2016CXCVIII51XXIII.pdf,2016CXCVIII51XXIII_ocr.pdf,2529.0,native,skipped:native,,0,0,False
2016,2016CXCVII46III.pdf,2016CXCVII46III_ocr.pdf,3164.3,native,skipped:native,,0,0,False
2016,2016CXCVII43II.pdf,2016CXCVII43II_ocr.pdf,2566.5,native,skipped:native,,0,0,False
2017,2017CC50II.pdf,2017CC50II_ocr.pdf,3794.0,native,skipped:native,,0,0,False
2017,2017CC51III.pdf,2017CC51III_ocr.pdf,2663.0,native,skipped:native,,0,0,False
2017,2017CC52II.pdf,2017CC52II_ocr.pdf,3869.2,native,skipped:native,,0,0,False
2017,2017CC52III.pdf,2017CC52III_ocr.pdf,3458.0,native,skipped:native,,0,0,False
2017,2017CC52IV.pdf,2017CC52IV_ocr.pdf,2757.5,native,skipped:native,,0,0,False
2017,2017CC52IX.pdf,2017CC52IX_ocr.pdf,2477.8,native,skipped:native,,0,0,False
2017,2017CC52V.pdf,2017CC52V_ocr.pdf,3705.2,native,skipped:native,,0,0,False
2017,2017CC52VI.pdf,2017CC52VI_ocr.pdf,3787.8,native,skipped:native,,0,0,False
2017,2017CC52VII.pdf,2017CC52VII_ocr.pdf,2606.7,native,skipped:native,,0,0,False
2017,2017CC52VIII.pdf,2017CC52VIII_ocr.pdf,2711.0,native,skipped:native,,0,0,False
2017,2017CC52X.pdf,2017CC52X_ocr.pdf,2496.0,native,skipped:native,,0,0,False
2017,2017CC52XI.pdf,2017CC52XI_ocr.pdf,2784.8,native,skipped:native,,0,0,False
2017,2017CC52XII.pdf,2017CC52XII_ocr.pdf,2131.7,native,skipped:native,,0,0,False
2017,2017CC52XIII.pdf,2017CC52XIII_ocr.pdf,2863.0,native,skipped:native,,0,0,False
2017,2017CC52XIV.pdf,2017CC52XIV_ocr.pdf,3863.5,native,skipped:native,,0,0,False
2017,2017CC52XV.pdf,2017CC52XV_ocr.pdf,2768.5,native,skipped:native,,0,0,False
2017,2017CC52XVI.pdf,2017CC52XVI_ocr.pdf,3699.8,native,skipped:native,,0,0,False
2017,2017CC52XVII.pdf,2017CC52XVII_ocr.pdf,3422.2,native,skipped:native,,0,0,False
2017,2017CC52XVIII.pdf,2017CC52XVIII_ocr.pdf,2204.3,native,skipped:native,,0,0,False
2017,2017CXCIX41III.pdf,2017CXCIX41III_ocr.pdf,2257.8,native,skipped:native,,0,0,False
2018,2018CCII51IX.pdf,2018CCII51IX_ocr.pdf,3354.5,native,skipped:native,,0,0,False
2018,2018CCII51V.pdf,2018CCII51V_ocr.pdf,4889.2,native,skipped:native,,0,0,False
2018,2018CCII51VI.pdf,2018CCII51VI_ocr.pdf,2174.5,native,skipped:native,,0,0,False
2018,2018CCII51VII.pdf,2018CCII51VII_ocr.pdf,2439.8,native,skipped:native,,0,0,False
2018,2018CCII51VIII.pdf,2018CCII51VIII_ocr.pdf,2505.0,native,skipped:native,,0,0,False
2018,2018CCII51X.pdf,2018CCII51X_ocr.pdf,3724.7,native,skipped:native,,0,0,False
2018,2018CCII51XII.pdf,2018CCII51XII_ocr.pdf,2347.3,native,skipped:native,,0,0,False
2018,2018CCII51XIII.pdf,2018CCII51XIII_ocr.pdf,4086.2,native,skipped:native,,0,0,False
2018,2018CCII51XIV.pdf,2018CCII51XIV_ocr.pdf,3674.5,native,skipped:native,,0,0,False
2018,2018CCII51XIX.pdf,2018CCII51XIX_ocr.pdf,2925.7,native,skipped:native,,0,0,False
2018,2018CCII51XV.pdf,2018CCII51XV_ocr.pdf,2885.2,native,skipped:native,,0,0,False
2018,2018CCII51XVI.pdf,2018CCII51XVI_ocr.pdf,3388.5,native,skipped:native,,0,0,False
2018,2018CCII51XVII.pdf,2018CCII51XVII_ocr.pdf,2106.5,native,skipped:native,,0,0,False
2018,2018CCII51XVIII.pdf,2018CCII51XVIII_ocr.pdf,1979.8,native,skipped:native,,0,0,False
2018,2018CCII51XX.pdf,2018CCII51XX_ocr.pdf,3118.0,native,skipped:native,,0,0,False
2018,2018CCII51XXI.pdf,2018CCII51XXI_ocr.pdf,3492.2,native,skipped:native,,0,0,False
2019,2019CCIII37II.pdf,2019CCIII37II_ocr.pdf,2313.2,native,skipped:native,,0,0,False
2019,EE19062019.pdf,EE19062019_ocr.pdf,2893.5,native,skipped:native,,0,0,False
2019,EE2712201910.pdf,EE2712201910_ocr.pdf,2851.3,native,skipped:native,,0,0,False
2019,EE2712201911.pdf,EE2712201911_ocr.pdf,3204.0,native,skipped:native,,0,0,False
2019,EE2712201912.pdf,EE2712201912_ocr.pdf,3324.5,native,skipped:native,,0,0,False
2019,EE2712201913.pdf,EE2712201913_ocr.pdf,2331.8,native,skipped:native,,0,0,False
2019,EE2712201914.pdf,EE2712201914_ocr.pdf,4327.3,native,skipped:native,,0,0,False
2019,EE2712201915.pdf,EE2712201915_ocr.pdf,3632.3,native,skipped:native,,0,0,False
2019,EE2712201916.pdf,EE2712201916_ocr.pdf,2868.7,native,skipped:native,,0,0,False
2019,EE2712201917.pdf,EE2712201917_ocr.pdf,2754.2,native,skipped:native,,0,0,False
2019,EE2712201918.pdf,EE2712201918_ocr.pdf,2042.3,native,skipped:native,,0,0,False
2019,EE2712201919.pdf,EE2712201919_ocr.pdf,2950.7,native,skipped:native,,0,0,False
2019,EE2712201920.pdf,EE2712201920_ocr.pdf,2958.5,native,skipped:native,,0,0,False
2019,EE2712201921.pdf,EE2712201921_ocr.pdf,3281.8,native,skipped:native,,0,0,False
2019,EE271220194.pdf,EE271220194_ocr.pdf,5138.7,native,skipped:native,,0,0,False
2019,EE271220195.pdf,EE271220195_ocr.pdf,3783.2,native,skipped:native,,0,0,False
2019,EE271220196.pdf,EE271220196_ocr.pdf,4204.3,native,skipped:native,,0,0,False
2019,EE271220197.pdf,EE271220197_ocr.pdf,2496.3,native,skipped:native,,0,0,False
2019,EE271220198.pdf,EE271220198_ocr.pdf,3552.0,native,skipped:native,,0,0,False
2019,EE271220199.pdf,EE271220199_ocr.pdf,2819.5,native,skipped:native,,0,0,False
2020,2020CCVI27III.pdf,2020CCVI27III_ocr.pdf,94.0,scan,already_exists,,0,0,False
2020,2020CCVI46III.pdf,2020CCVI46III_ocr.pdf,95.0,scan,already_exists,,0,0,False
2020,2020CCVI49I.pdf,2020CCVI49I_ocr.pdf,95.0,scan,already_exists,,0,0,False
2020,2020CCVI51III.pdf,2020CCVI51III_ocr.pdf,97.0,scan,already_exists,,0,0,False
2020,2020CCVI51IX.pdf,2020CCVI51IX_ocr.pdf,3125.7,native,skipped:native,,0,0,False
2020,2020CCVI51VI.pdf,2020CCVI51VI_ocr.pdf,2634.2,native,skipped:native,,0,0,False
2020,2020CCVI51VII.pdf,2020CCVI51VII_ocr.pdf,4560.3,native,skipped:native,,0,0,False
2020,2020CCVI51VIII.pdf,2020CCVI51VIII_ocr.pdf,1961.2,native,skipped:native,,0,0,False
2020,2020CCVI51X.pdf,2020CCVI51X_ocr.pdf,4114.2,native,skipped:native,,0,0,False
2020,2020CCVI51XI.pdf,2020CCVI51XI_ocr.pdf,2565.3,native,skipped:native,,0,0,False
2020,2020CCVI51XII.pdf,2020CCVI51XII_ocr.pdf,2873.0,native,skipped:native,,0,0,False
2020,2020CCVI51XIII.pdf,2020CCVI51XIII_ocr.pdf,2972.0,native,skipped:native,,0,0,False
2020,2020CCVI51XIV.pdf,2020CCVI51XIV_ocr.pdf,3221.0,native,skipped:native,,0,0,False
2020,2020CCVI51XIX.pdf,2020CCVI51XIX_ocr.pdf,3086.2,native,skipped:native,,0,0,False
2020,2020CCVI51XV.pdf,2020CCVI51XV_ocr.pdf,3736.0,native,skipped:native,,0,0,False
2020,2020CCVI51XVI.pdf,2020CCVI51XVI_ocr.pdf,97.0,scan,already_exists,,0,0,False
2020,2020CCVI51XVII.pdf,2020CCVI51XVII_ocr.pdf,3652.2,native,skipped:native,,0,0,False
2020,2020CCVI51XVIII.pdf,2020CCVI51XVIII_ocr.pdf,3655.8,native,skipped:native,,0,0,False
2020,2020CCVI51XX.pdf,2020CCVI51XX_ocr.pdf,3219.7,native,skipped:native,,0,0,False
2020,2020CCVI51XXI.pdf,2020CCVI51XXI_ocr.pdf,3094.7,native,skipped:native,,0,0,False
2021,2021CCVII4I.pdf,2021CCVII4I_ocr.pdf,91.0,scan,already_exists,,0,0,False
2021,2021CCVII25IV.pdf,2021CCVII25IV_ocr.pdf,3256.2,native,skipped:native,,0,0,False
2021,2021CCVIII53IX.pdf,2021CCVIII53IX_ocr.pdf,3772.7,native,skipped:native,,0,0,False
2021,2021CCVIII53V.pdf,2021CCVIII53V_ocr.pdf,4486.3,native,skipped:native,,0,0,False
2021,2021CCVIII53VI.pdf,2021CCVIII53VI_ocr.pdf,162.0,scan,already_exists,,0,0,False
2021,2021CCVIII53VII.pdf,2021CCVIII53VII_ocr.pdf,3046.5,native,skipped:native,,0,0,False
2021,2021CCVIII53VIII.pdf,2021CCVIII53VIII_ocr.pdf,3791.7,native,skipped:native,,0,0,False
2021,2021CCVIII53X.pdf,2021CCVIII53X_ocr.pdf,2623.8,native,skipped:native,,0,0,False
2021,2021CCVIII53XI.pdf,2021CCVIII53XI_ocr.pdf,2759.2,native,skipped:native,,0,0,False
2021,2021CCVIII53XII.pdf,2021CCVIII53XII_ocr.pdf,3876.2,native,skipped:native,,0,0,False
2021,2021CCVIII53XIII.pdf,2021CCVIII53XIII_ocr.pdf,4070.2,native,skipped:native,,0,0,False
2021,2021CCVIII53XIV.pdf,2021CCVIII53XIV_ocr.pdf,3818.5,native,skipped:native,,0,0,False
2021,2021CCVIII53XIX.pdf,2021CCVIII53XIX_ocr.pdf,4693.8,native,skipped:native,,0,0,False
2021,2021CCVIII53XV.pdf,2021CCVIII53XV_ocr.pdf,3710.5,native,skipped:native,,0,0,False
2021,2021CCVIII53XVI.pdf,2021CCVIII53XVI_ocr.pdf,4133.0,native,skipped:native,,0,0,False
2021,2021CCVIII53XVII.pdf,2021CCVIII53XVII_ocr.pdf,119.0,scan,already_exists,,0,0,False
2021,2021CCVIII53XVIII.pdf,2021CCVIII53XVIII_ocr.pdf,3242.5,native,skipped:native,,0,0,False
2021,2021CCVIII53XX.pdf,2021CCVIII53XX_ocr.pdf,3056.0,native,skipped:native,,0,0,False
2021,2021CCVIII53XXI.pdf,2021CCVIII53XXI_ocr.pdf,4135.3,native,skipped:native,,0,0,False
2022,2022CCIX10I.pdf,2022CCIX10I_ocr.pdf,156.0,scan,already_exists,,0,0,False
2022,2022CCX52IX.pdf,2022CCX52IX_ocr.pdf,2486.5,native,skipped:native,,0,0,False
2022,2022CCX52VI.pdf,2022CCX52VI_ocr.pdf,4225.0,native,skipped:native,,0,0,False
2022,2022CCX52VIII.pdf,2022CCX52VIII_ocr.pdf,4156.2,native,skipped:native,,0,0,False
2022,2022CCX52X.pdf,2022CCX52X_ocr.pdf,2507.2,native,skipped:native,,0,0,False
2022,2022CCX52XI.pdf,2022CCX52XI_ocr.pdf,3203.0,native,skipped:native,,0,0,False
2022,2022CCX52XII.pdf,2022CCX52XII_ocr.pdf,3880.8,native,skipped:native,,0,0,False
2022,2022CCX52XIII.pdf,2022CCX52XIII_ocr.pdf,4177.0,native,skipped:native,,0,0,False
2022,2022CCX52XIV.pdf,2022CCX52XIV_ocr.pdf,2519.0,native,skipped:native,,0,0,False
2022,2022CCX52XIX.pdf,2022CCX52XIX_ocr.pdf,114.0,scan,already_exists,,0,0,False
2022,2022CCX52XV.pdf,2022CCX52XV_ocr.pdf,2743.0,native,skipped:native,,0,0,False
2022,2022CCX52XVI.pdf,2022CCX52XVI_ocr.pdf,4273.0,native,skipped:native,,0,0,False
2022,2022CCX52XVII.pdf,2022CCX52XVII_ocr.pdf,3568.0,native,skipped:native,,0,0,False
2022,2022CCX52XVIII.pdf,2022CCX52XVIII_ocr.pdf,3280.8,native,skipped:native,,0,0,False
2022,2022CCX52XX.pdf,2022CCX52XX_ocr.pdf,4118.3,native,skipped:native,,0,0,False
2022,2022CCX52XXI.pdf,2022CCX52XXI_ocr.pdf,4433.3,native,skipped:native,,0,0,False
2022,2022CCX52XXII.pdf,2022CCX52XXII_ocr.pdf,2926.0,native,skipped:native,,0,0,False
2022,2022CCX52XXIII.pdf,2022CCX52XXIII_ocr.pdf,3608.7,native,skipped:native,,0,0,False
2022,2022CCX52XXIV.pdf,2022CCX52XXIV_ocr.pdf,3837.2,native,skipped:native,,0,0,False
2023,2023CCXII52IX.pdf,2023CCXII52IX_ocr.pdf,4137.0,native,skipped:native,,0,0,False
2023,2023CCXII52V.pdf,2023CCXII52V_ocr.pdf,2803.8,native,skipped:native,,0,0,False
2023,2023CCXII52VI.pdf,2023CCXII52VI_ocr.pdf,3218.8,native,skipped:native,,0,0,False
2023,2023CCXII52VII.pdf,2023CCXII52VII_ocr.pdf,3565.8,native,skipped:native,,0,0,False
2023,2023CCXII52VIII.pdf,2023CCXII52VIII_ocr.pdf,3977.7,native,skipped:native,,0,0,False
2023,2023CCXII52X.pdf,2023CCXII52X_ocr.pdf,4198.5,native,skipped:native,,0,0,False
2023,2023CCXII52XI.pdf,2023CCXII52XI_ocr.pdf,4339.5,native,skipped:native,,0,0,False
2023,2023CCXII52XII.pdf,2023CCXII52XII_ocr.pdf,3614.3,native,skipped:native,,0,0,False
2023,2023CCXII52XIII.pdf,2023CCXII52XIII_ocr.pdf,4152.0,native,skipped:native,,0,0,False
2023,2023CCXII52XIV.pdf,2023CCXII52XIV_ocr.pdf,3954.2,native,skipped:native,,0,0,False
2023,2023CCXII52XIX.pdf,2023CCXII52XIX_ocr.pdf,2814.2,native,skipped:native,,0,0,False
2023,2023CCXII52XV.pdf,2023CCXII52XV_ocr.pdf,4264.2,native,skipped:native,,0,0,False
2023,2023CCXII52XVI.pdf,2023CCXII52XVI_ocr.pdf,3849.7,native,skipped:native,,0,0,False
2023,2023CCXII52XVII.pdf,2023CCXII52XVII_ocr.pdf,3501.7,native,skipped:native,,0,0,False
2023,2023CCXII52XVIII.pdf,2023CCXII52XVIII_ocr.pdf,4350.5,native,skipped:native,,0,0,False
2023,2023CCXII52XX.pdf,2023CCXII52XX_ocr.pdf,4620.2,native,skipped:native,,0,0,False
2023,2023CCXII52XXI.pdf,2023CCXII52XXI_ocr.pdf,4323.2,native,skipped:native,,0,0,False
2023,2023CCXII52XXII.pdf,2023CCXII52XXII_ocr.pdf,2626.8,native,skipped:native,,0,0,False
2023,2023CCXII52XXIII.pdf,2023CCXII52XXIII_ocr.pdf,3643.7,native,skipped:native,,0,0,False
2023,2023CCXII52XXIV.pdf,2023CCXII52XXIV_ocr.pdf,3469.5,native,skipped:native,,0,0,False
2023,2023CCXII52XXV.pdf,2023CCXII52XXV_ocr.pdf,2683.7,native,skipped:native,,0,0,False
2024,2024CCXIV53IX.pdf,2024CCXIV53IX_ocr.pdf,2372.3,native,skipped:native,,0,0,False
2024,2024CCXIV53V.pdf,2024CCXIV53V_ocr.pdf,2808.3,native,skipped:native,,0,0,False
2024,2024CCXIV53VI.pdf,2024CCXIV53VI_ocr.pdf,3545.2,native,skipped:native,,0,0,False
2024,2024CCXIV53VII.pdf,2024CCXIV53VII_ocr.pdf,3550.5,native,skipped:native,,0,0,False
2024,2024CCXIV53VIII.pdf,2024CCXIV53VIII_ocr.pdf,4000.0,native,skipped:native,,0,0,False
2024,2024CCXIV53X.pdf,2024CCXIV53X_ocr.pdf,3736.7,native,skipped:native,,0,0,False
2024,2024CCXIV53XI.pdf,2024CCXIV53XI_ocr.pdf,4363.7,native,skipped:native,,0,0,False
2024,2024CCXIV53XII.pdf,2024CCXIV53XII_ocr.pdf,4035.5,native,skipped:native,,0,0,False
2024,2024CCXIV53XIII.pdf,2024CCXIV53XIII_ocr.pdf,4031.0,native,skipped:native,,0,0,False
2024,2024CCXIV53XIV.pdf,2024CCXIV53XIV_ocr.pdf,4381.7,native,skipped:native,,0,0,False
2024,2024CCXIV53XIX.pdf,2024CCXIV53XIX_ocr.pdf,3715.2,native,skipped:native,,0,0,False
2024,2024CCXIV53XV.pdf,2024CCXIV53XV_ocr.pdf,4693.7,native,skipped:native,,0,0,False
2024,2024CCXIV53XVI.pdf,2024CCXIV53XVI_ocr.pdf,4596.3,native,skipped:native,,0,0,False
2024,2024CCXIV53XVII.pdf,2024CCXIV53XVII_ocr.pdf,3882.2,native,skipped:native,,0,0,False
2024,2024CCXIV53XVIII.pdf,2024CCXIV53XVIII_ocr.pdf,4301.5,native,skipped:native,,0,0,False
2024,2024CCXIV53XX.pdf,2024CCXIV53XX_ocr.pdf,3895.2,native,skipped:native,,0,0,False
2024,2024CCXIV53XXI.pdf,2024CCXIV53XXI_ocr.pdf,4268.8,native,skipped:native,,0,0,False
2024,2024CCXIV53XXII.pdf,2024CCXIV53XXII_ocr.pdf,2912.0,native,skipped:native,,0,0,False
2024,2024CCXIV53XXIII.pdf,2024CCXIV53XXIII_ocr.pdf,3524.2,native,skipped:native,,0,0,False
2024,2024CCXIV53XXIV.pdf,2024CCXIV53XXIV_ocr.pdf,3468.0,native,skipped:native,,0,0,False
2024,2024CCXIV53XXV.pdf,2024CCXIV53XXV_ocr.pdf,3885.8,native,skipped:native,,0,0,False
2024,2024CCXIV53XXVI.pdf,2024CCXIV53XXVI_ocr.pdf,3229.8,native,skipped:native,,0,0,False
