ejercicio,slug,cve_mun,municipio_raw,num_ley,source_pdf,page_start,page_end,num_pages_ley
2009,nogales,043,Nogales,225,pdf_raw\2009\2009CLXXXIII16III.pdf,8,10,2
2009,naco,039,Naco,221,pdf_raw\2009\2009CLXXXIII16III.pdf,10,12,2
2009,general_plutarco_elias_calles,070,Gral. Plutarco Elías Calles,209,pdf_raw\2009\2009CLXXXIII16III.pdf,12,14,2
2009,guaymas,029,La Heróica Guaymas,211,pdf_raw\2009\2009CLXXXIII16III.pdf,14,18,4
2010,hermosillo,030,HERMOSILLO,,pdf_raw\2009\2009CLXXXIV53VI.pdf,2,92,90
2010,alamos,003,ALAMOS,,pdf_raw\2009\2009CLXXXIV53XII.pdf,1,68,67
2010,arizpe,006,ARIZPE,,pdf_raw\2009\2009CLXXXIV53XIII.pdf,2,40,38
2010,atil,007,ATIL,,pdf_raw\2009\2009CLXXXIV53XIII.pdf,40,68,28
2010,bacanora,009,BACANORA,,pdf_raw\2009\2009CLXXXIV53XIII.pdf,68,86,18
2010,divisaderos,024,DIVISADEROS,29,pdf_raw\2009\2009CLXXXIV53XIX.pdf,37,88,51
2010,bavispe,015,BAVISPE,,pdf_raw\2009\2009CLXXXIV53XVI.pdf,2,16,14
2010,benito_juarez,071,BENITO JUAREZ,,pdf_raw\2009\2009CLXXXIV53XVI.pdf,16,84,68
2010,fronteras,027,Fronteras,,pdf_raw\2009\2009CLXXXIV53XX.pdf,56,90,34
2010,imuris,035,Iimuris,,pdf_raw\2009\2009CLXXXIV53XXI.pdf,78,80,2
2010,rayon,050,Rayón,,pdf_raw\2009\2009CLXXXIV53XXIV.pdf,83,96,13
2010,san_miguel_de_horcasitas,056,San Miguel de Horcasitas,,pdf_raw\2009\2009CLXXXIV53XXVI.pdf,14,88,74
2010,tubutama,065,TUBUTAMA,,pdf_raw\2009\2009CLXXXIV53XXVII.pdf,40,88,48
2010,naco,039,Naco,,pdf_raw\2009\2009CLXXXIV53XXVIII.pdf,23,75,52
2010,yecora,069,Yécora,,pdf_raw\2009\2009CLXXXIV53XXVIII.pdf,75,78,3
2011,aconchi,001,ACONCHL,,pdf_raw\2010\2010CLXXXVI53XII.pdf,53,60,7
2011,benjamin_hill,016,BENJAMIN HILL,,pdf_raw\2010\2010CLXXXVI53XII.pdf,60,75,15
2011,tubutama,065,TUBUTAMA,,pdf_raw\2010\2010CLXXXVI53XII.pdf,75,88,13
2011,villa_judalgo,,VILLA JUDALGO,101,pdf_raw\2010\2010CLXXXVI53XVI.pdf,40,112,72
2011,puerto_penasco,048,PUERTO PEÑASCO,,pdf_raw\2010\2010CLXXXVI53XXII.pdf,17,96,79
2012,nogales,043,LA HEROICA NOGALES,217,pdf_raw\2012\2012CLXXXIX2II.pdf,1,56,55
2012,cajeme,018,CAJEME,191,pdf_raw\2012\2012CLXXXIX2III.pdf,1,64,63
2012,caborca,017,"LA HEROICA 
CABORCA",192,pdf_raw\2012\2012CLXXXIX2IV.pdf,1,27,26
2012,cananea,019,LA HEROICA CANANEA,192,pdf_raw\2012\2012CLXXXIX2IV.pdf,27,52,25
2012,navojoa,042,NAVOJOA,222,pdf_raw\2012\2012CLXXXIX2IX.pdf,1,76,75
2012,guaymas,029,LA HEROICA GUAYMAS,202,pdf_raw\2012\2012CLXXXIX2V.pdf,1,56,55
2012,santa_ana,058,SANTA ANA,233,pdf_raw\2012\2012CLXXXIX2VI.pdf,1,20,19
2012,san_luis_rio_colorado,055,SAN LUIS RÍO COLORADO,230,pdf_raw\2012\2012CLXXXIX2VII.pdf,1,60,59
2012,aconchi,001,ACONCHI,,pdf_raw\2012\2012CLXXXIX2VIII.pdf,1,11,10
2012,carbo,020,CARBÓ,,pdf_raw\2012\2012CLXXXIX2VIII.pdf,11,40,29
2012,alamos,003,ALAMOS,198,pdf_raw\2012\2012CLXXXIX2X.pdf,1,40,39
2012,empalme,025,EMPALME,198,pdf_raw\2012\2012CLXXXIX2X.pdf,40,68,28
2012,sahuaripa,052,SAHUARIPA,,pdf_raw\2012\2012CLXXXIX2XI.pdf,1,40,39
2012,agua_prieta,002,AGUA PRIETA,206,pdf_raw\2012\2012CLXXXIX2XII.pdf,1,84,83
2012,general_plutarco_elias_calles,070,GRAL. PLUTARCO ELIAS CALLES,241,pdf_raw\2012\2012CLXXXIX2XIII.pdf,39,88,49
2012,benito_juarez,071,BENITO JUAREZ,,pdf_raw\2012\2012CLXXXIX2XIV.pdf,1,76,75
2012,bacanora,009,BACANORA,225,pdf_raw\2012\2012CLXXXIX2XIX.pdf,1,14,13
2012,etchojoa,026,ETCHOJOA,225,pdf_raw\2012\2012CLXXXIX2XIX.pdf,14,45,31
2012,fronteras,027,FRONTERAS,225,pdf_raw\2012\2012CLXXXIX2XIX.pdf,45,59,14
2012,imuris,035,IMURIS,225,pdf_raw\2012\2012CLXXXIX2XIX.pdf,59,72,13
2012,la_colorada,021,LA COLORADA,225,pdf_raw\2012\2012CLXXXIX2XIX.pdf,72,96,24
2012,moctezuma,038,MOCTEZUMA,,pdf_raw\2012\2012CLXXXIX2XV.pdf,35,92,57
2012,saric,060,SARIC,,pdf_raw\2012\2012CLXXXIX2XV.pdf,92,108,16
2012,altar,004,ALTAR,242,pdf_raw\2012\2012CLXXXIX2XVI.pdf,1,33,32
2012,banamichi,013,BANAMICHI,242,pdf_raw\2012\2012CLXXXIX2XVI.pdf,33,49,16
2012,villa_hidalgo,067,VILLA HIDALGO,242,pdf_raw\2012\2012CLXXXIX2XVI.pdf,49,60,11
2012,bacerac,010,BACERAC,236,pdf_raw\2012\2012CLXXXIX2XVII.pdf,1,25,24
2012,soyopa,061,SOYOPA,236,pdf_raw\2012\2012CLXXXIX2XVII.pdf,25,32,7
2012,suaqui_grande,062,SUAQUI GRANDE,236,pdf_raw\2012\2012CLXXXIX2XVII.pdf,32,67,35
2012,villa_pesqueira,068,VILLA PESQUEIRA,213,pdf_raw\2012\2012CLXXXIX2XVII.pdf,67,74,7
2012,yecora,069,YECORA,213,pdf_raw\2012\2012CLXXXIX2XVII.pdf,74,84,10
2012,bacum,012,BACUM,215,pdf_raw\2012\2012CLXXXIX2XVIII.pdf,1,31,30
2012,bavispe,015,BAVISPE,215,pdf_raw\2012\2012CLXXXIX2XVIII.pdf,31,40,9
2012,cucurpe,022,CUCURPE,215,pdf_raw\2012\2012CLXXXIX2XVIII.pdf,40,53,13
2012,cumpas,023,CUMPAS,215,pdf_raw\2012\2012CLXXXIX2XVIII.pdf,53,68,15
2012,nacozari_de_garcia,041,NACOZARI. DE GARCIA,215,pdf_raw\2012\2012CLXXXIX2XVIII.pdf,68,92,24
2012,atil,007,ATIL,223,pdf_raw\2012\2012CLXXXIX2XXI.pdf,1,12,11
2012,sacaliehuachi,,SACALIEHUACHI,223,pdf_raw\2012\2012CLXXXIX2XXI.pdf,12,20,8
2012,divisaderos,024,DIVISADEROS,223,pdf_raw\2012\2012CLXXXIX2XXI.pdf,20,27,7
2012,granados,028,GRANADOS,223,pdf_raw\2012\2012CLXXXIX2XXI.pdf,27,39,12
2012,huachinera,031,HUACHINERA,223,pdf_raw\2012\2012CLXXXIX2XXI.pdf,39,49,10
2012,huasabas,032,HUASABAS,223,pdf_raw\2012\2012CLXXXIX2XXI.pdf,49,58,9
2012,huepac,034,HUÉPAC,223,pdf_raw\2012\2012CLXXXIX2XXI.pdf,58,69,11
2012,onavas,044,ONAVAS,223,pdf_raw\2012\2012CLXXXIX2XXI.pdf,69,76,7
2012,quiriego,049,OUIRIEGO,223,pdf_raw\2012\2012CLXXXIX2XXI.pdf,76,84,8
2013,cajeme,018,CAJEME,,pdf_raw\2012\2012CXC46IV.pdf,1,6,5
2013,navojoa,042,NAVOJOA,,pdf_raw\2012\2012CXC46IV.pdf,6,12,6
2013,san_luis_rio_colorado,055,SAN LUIS RÍO COLORADO,62,pdf_raw\2012\2012CXC53IX.pdf,1,68,67
2013,hermosillo,030,HERMOSILLO,35,pdf_raw\2012\2012CXC53V.pdf,1,76,75
2013,cajeme,018,CAJEME,23,pdf_raw\2012\2012CXC53VI.pdf,1,72,71
2013,navojoa,042,NAVOJOA,,pdf_raw\2012\2012CXC53VII.pdf,1,84,83
2013,nogales,043,LA HEROICA NOGALES,49,pdf_raw\2012\2012CXC53VIII.pdf,1,60,59
2043,guaymas,029,LA HEROICA GUAYMAS,,pdf_raw\2012\2012CXC53X.pdf,1,56,55
2013,huasabas,032,HUASABAS,,pdf_raw\2012\2012CXC53X.pdf,56,68,12
2013,aconchi,001,ACONCHI,,pdf_raw\2012\2012CXC53XI.pdf,1,72,71
2013,alamos,003,ALAMOS,,pdf_raw\2012\2012CXC53XII.pdf,1,44,43
2013,arivechi,005,ARIVECHI,,pdf_raw\2012\2012CXC53XII.pdf,44,53,9
2013,arizpe,006,ARIZPE,,pdf_raw\2012\2012CXC53XII.pdf,53,80,27
2013,atil,007,ATIL,,pdf_raw\2012\2012CXC53XIII.pdf,1,15,14
2013,san_pedro_de_la_cueva,057,SAN PEDRO DE LA CUEVA,,pdf_raw\2012\2012CXC53XIII.pdf,15,38,23
2043,bacerac,010,BACERAC,,pdf_raw\2012\2012CXC53XIII.pdf,38,68,30
2013,banamichi,013,BANAMICHI,,pdf_raw\2012\2012CXC53XIV.pdf,1,19,18
2013,bacum,012,BACUM,,pdf_raw\2012\2012CXC53XIV.pdf,19,68,49
2013,imuris,035,IMURIS,,pdf_raw\2012\2012CXC53XIX.pdf,11,80,69
2013,benito_juarez,071,BENITO JUAREZ,,pdf_raw\2012\2012CXC53XV.pdf,1,55,54
2013,cananea,019,LA HEROICA CANANEA,,pdf_raw\2012\2012CXC53XV.pdf,55,84,29
2013,carbo,020,CARBÓ,,pdf_raw\2012\2012CXC53XVI.pdf,1,15,14
2013,cucurpe,022,CUCURPE,,pdf_raw\2012\2012CXC53XVI.pdf,15,43,28
2013,divisaderos,024,DIVISADEROS,,pdf_raw\2012\2012CXC53XVI.pdf,43,84,41
2013,empalme,025,EMPALME,,pdf_raw\2012\2012CXC53XVII.pdf,1,80,79
2013,fronteras,027,FRONTERAS,,pdf_raw\2012\2012CXC53XVIII.pdf,1,25,24
2013,huatabampo,033,HUATABAMPO,,pdf_raw\2012\2012CXC53XVIII.pdf,25,80,55
2013,nacori_chico,040,NACORI CHICO,,pdf_raw\2012\2012CXC53XX.pdf,1,8,7
2013,nacozari_de_garcia,041,NACOZARI DE GARCIA,,pdf_raw\2012\2012CXC53XX.pdf,8,80,72
2013,sahuaripa,052,SAHUARIPA,,pdf_raw\2012\2012CXC53XXI.pdf,8,31,23
2013,san_ignacio_rio_muerto,072,"SAN IGNACIO RiO 
MUERTO",,pdf_raw\2012\2012CXC53XXI.pdf,31,60,29
2013,santa_ana,058,SANTA ANA,,pdf_raw\2012\2012CXC53XXI.pdf,60,80,20
2013,soyopa,061,SOYOPA,,pdf_raw\2012\2012CXC53XXII.pdf,1,33,32
2013,la_heroica_ures,,LA HERÓICA URES,,pdf_raw\2012\2012CXC53XXII.pdf,33,64,31
2013,bacadehuachi,008,BACADEHUACHI,,pdf_raw\2012\2012CXC53XXIII.pdf,1,80,79
2013,quiriego,049,QUÍRIEGO,,pdf_raw\2012\2012CXC53XXIV.pdf,1,17,16
2013,tepache,063,TEPACHE,,pdf_raw\2012\2012CXC53XXIV.pdf,17,28,11
2016,navojoa,042,NAVOJOA,32,pdf_raw\2015\2015CXCVI51III.pdf,2,72,70
2016,atil,007,ATIL,15,pdf_raw\2015\2015CXCVI51VII.pdf,98,110,12
2016,bacerac,010,Bacerac,18,pdf_raw\2015\2015CXCVI51VIII.pdf,83,86,3
2016,cumpas,023,CUMPAS,18,pdf_raw\2015\2015CXCVI51VIII.pdf,86,100,14
2016,benjamin_hill,016,BENJAMIN HILL,24,pdf_raw\2015\2015CXCVI51X.pdf,37,86,49
2016,etchojoa,026,ETCHOJOA,34,pdf_raw\2015\2015CXCVI51XII.pdf,45,82,37
2016,tepache,063,TEPACHE,74,pdf_raw\2015\2015CXCVI51XIX.pdf,19,27,8
2016,trincheras,064,TRINCHERAS,75,pdf_raw\2015\2015CXCVI51XIX.pdf,27,54,27
2016,san_ignacio_rio_muerto,072,SAN IGNACIO RÍO MUERTO,63,pdf_raw\2015\2015CXCVI51XVII.pdf,37,76,39
2016,san_luis_rio_colorado,055,"San Luis 
Río Colorado",66,pdf_raw\2016\2016CXCVII46III.pdf,25,36,11
2016,hermosillo,030,Hermosillo,177,pdf_raw\2016\2016CXCVIII51IV.pdf,5,40,35
2017,nogales,043,LA HEROICA NOGALES,149,pdf_raw\2016\2016CXCVIII51IX.pdf,1,68,67
2017,hermosillo,030,HERMOSILLO,135,pdf_raw\2016\2016CXCVIII51V.pdf,1,88,87
2017,navojoa,042,NAVOJOA,148,pdf_raw\2016\2016CXCVIII51VI.pdf,1,52,51
2017,cajeme,018,CAJEME,123,pdf_raw\2016\2016CXCVIII51VII.pdf,1,76,75
2017,san_luis_rio_colorado,055,SAN LUIS RIO COLORADO,162,pdf_raw\2016\2016CXCVIII51VIII.pdf,1,76,75
2017,aconchi,001,ACONCHI,105,pdf_raw\2016\2016CXCVIII51X.pdf,1,11,10
2017,altar,004,ALTAR,108,pdf_raw\2016\2016CXCVIII51X.pdf,11,32,21
2017,arivechi,005,ARIVECHI,109,pdf_raw\2016\2016CXCVIII51X.pdf,32,41,9
2017,arizpe,006,ARIZPE,110,pdf_raw\2016\2016CXCVIII51X.pdf,41,67,26
2017,atil,007,ATIL,111,pdf_raw\2016\2016CXCVIII51X.pdf,67,81,14
2017,bacanora,009,BACANORA,113,pdf_raw\2016\2016CXCVIII51X.pdf,81,97,16
2017,bacerac,010,BACERAC,114,pdf_raw\2016\2016CXCVIII51X.pdf,97,108,11
2017,agua_prieta,002,AGUA PRIETA,106,pdf_raw\2016\2016CXCVIII51XI.pdf,1,50,49
2017,alamos,003,ALAMOS,107,pdf_raw\2016\2016CXCVIII51XI.pdf,50,99,49
2017,bacadehuachi,008,BACADÉHUACHI,112,pdf_raw\2016\2016CXCVIII51XI.pdf,99,108,9
2017,bacoachi,011,BACOACHI,115,pdf_raw\2016\2016CXCVIII51XII.pdf,1,17,16
2017,bacum,012,BACUM,116,pdf_raw\2016\2016CXCVIII51XII.pdf,17,36,19
2017,banamichi,013,BANAMICHI,117,pdf_raw\2016\2016CXCVIII51XII.pdf,36,53,17
2017,baviacora,014,BAVIACORA,118,pdf_raw\2016\2016CXCVIII51XII.pdf,53,64,11
2017,bavispe,015,BAVISPE,119,pdf_raw\2016\2016CXCVIII51XII.pdf,64,75,11
2017,benito_juarez,071,BENITO JUAREZ,120,pdf_raw\2016\2016CXCVIII51XII.pdf,75,112,37
2017,benjamin_hill,016,BENJAMIN HILL,121,pdf_raw\2016\2016CXCVIII51XIII.pdf,1,28,27
2017,caborca,017,"LA HEROICA 
CABORCA",122,pdf_raw\2016\2016CXCVIII51XIII.pdf,28,61,33
2017,carbo,020,CARBÓ,125,pdf_raw\2016\2016CXCVIII51XIII.pdf,61,75,14
2017,cucurpe,022,CUCURPE,126,pdf_raw\2016\2016CXCVIII51XIII.pdf,75,92,17
2017,cananea,019,LA HEROICA CANANEA,124,pdf_raw\2016\2016CXCVIII51XIV.pdf,1,31,30
2017,cumpas,023,CUMPAS,127,pdf_raw\2016\2016CXCVIII51XIV.pdf,31,45,14
2017,divisaderos,024,DIVISADEROS,128,pdf_raw\2016\2016CXCVIII51XIV.pdf,45,54,9
2017,fronteras,027,FRONTERAS,132,pdf_raw\2016\2016CXCVIII51XIV.pdf,54,72,18
2017,granados,028,GRANADOS,133,pdf_raw\2016\2016CXCVIII51XIV.pdf,72,84,12
2017,nacozari_de_garcia,041,NACOZARI DE GARCIA,147,pdf_raw\2016\2016CXCVIII51XIX.pdf,35,57,22
2017,oquitoa,046,OQUITOA,152,pdf_raw\2016\2016CXCVIII51XIX.pdf,57,92,35
2017,empalme,025,EMPALME,130,pdf_raw\2016\2016CXCVIII51XV.pdf,1,51,50
2017,huachinera,031,HUACHINERA,136,pdf_raw\2016\2016CXCVIII51XV.pdf,51,61,10
2017,huasabas,032,HUASABAS,137,pdf_raw\2016\2016CXCVIII51XV.pdf,61,71,10
2017,huepac,034,HUÉPAC,139,pdf_raw\2016\2016CXCVIII51XV.pdf,71,84,13
2017,etchojoa,026,ETCHOJOA,131,pdf_raw\2016\2016CXCVIII51XVI.pdf,1,43,42
2017,general_plutarco_elias_calles,070,"GRAL. 
PLUTARCO 
ELÍAS CALLES",129,pdf_raw\2016\2016CXCVIII51XVI.pdf,43,77,34
2017,imuris,035,IMURIS,140,pdf_raw\2016\2016CXCVIII51XVI.pdf,77,92,15
2017,guaymas,029,LA HEROICA GUAYMAS,146,pdf_raw\2016\2016CXCVIII51XVII.pdf,1,57,56
2016,guaymas,029,Guaymas,146,pdf_raw\2016\2016CXCVIII51XVII.pdf,57,58,1
2017,la_colorada,021,LA COLORADA,141,pdf_raw\2016\2016CXCVIII51XVII.pdf,58,77,19
2017,nacori_chico,040,NACORI CHICO,143,pdf_raw\2016\2016CXCVIII51XVII.pdf,77,88,11
2017,huatabampo,033,HUATABAMPO,138,pdf_raw\2016\2016CXCVIII51XVIII.pdf,1,56,55
2017,moctezuma,038,MOCTEZUMA,144,pdf_raw\2016\2016CXCVIII51XVIII.pdf,56,72,16
2017,naco,039,NACO,145,pdf_raw\2016\2016CXCVIII51XVIII.pdf,72,92,20
2017,onavas,044,ONAVAS,150,pdf_raw\2016\2016CXCVIII51XX.pdf,1,10,9
2017,opodepe,045,OPODEPE,151,pdf_raw\2016\2016CXCVIII51XX.pdf,10,19,9
2017,quiriego,049,QUIRIEGO,155,pdf_raw\2016\2016CXCVIII51XX.pdf,19,30,11
2017,rayon,050,RAYÓN,155,pdf_raw\2016\2016CXCVIII51XX.pdf,30,40,10
2017,rosario,051,ROSARIO,157,pdf_raw\2016\2016CXCVIII51XX.pdf,40,48,8
2017,sahuaripa,052,SAHUARIPA,158,pdf_raw\2016\2016CXCVIII51XX.pdf,48,68,20
2017,san_felipe_de_jesus,053,SAN FELIPE DE JESUS,158,pdf_raw\2016\2016CXCVIII51XX.pdf,68,77,9
2017,san_ignacio_rio_muerto,072,SAN IGNACIO RÍO MUERTO,160,pdf_raw\2016\2016CXCVIII51XX.pdf,77,108,31
2017,puerto_penasco,048,PUERTO PEÑASCO,154,pdf_raw\2016\2016CXCVIII51XXI.pdf,1,46,45
2017,san_javier,054,SAN JAVIER,154,pdf_raw\2016\2016CXCVIII51XXI.pdf,46,57,11
2017,san_miguel_de_horcasitas,056,SAN MIGUEL DE HORCASITAS,163,pdf_raw\2016\2016CXCVIII51XXI.pdf,57,71,14
2017,santa_ana,058,SANTA ANA,165,pdf_raw\2016\2016CXCVIII51XXI.pdf,71,96,25
2017,san_pedro_de_la_cueva,057,SAN PEDRO DE LA CUEVA,164,pdf_raw\2016\2016CXCVIII51XXII.pdf,1,10,9
2017,santa_cruz,059,SANTA CRUZ,164,pdf_raw\2016\2016CXCVIII51XXII.pdf,10,20,10
2017,saric,060,SARIC,167,pdf_raw\2016\2016CXCVIII51XXII.pdf,20,33,13
2017,suaqui_grande,062,SUAQUI GRANDE,169,pdf_raw\2016\2016CXCVIII51XXII.pdf,33,44,11
2017,tepache,063,TEPACHE,170,pdf_raw\2016\2016CXCVIII51XXII.pdf,44,56,12
2017,soyopa,061,SOYOPA,168,pdf_raw\2016\2016CXCVIII51XXIII.pdf,1,11,10
2017,trincheras,064,TRINCHERAS,171,pdf_raw\2016\2016CXCVIII51XXIII.pdf,11,22,11
2017,tubutama,065,TUBUTAMA,172,pdf_raw\2016\2016CXCVIII51XXIII.pdf,22,35,13
2017,la_heroica_ures,,LA HERÓICA URES,173,pdf_raw\2016\2016CXCVIII51XXIII.pdf,35,56,21
2017,villa_pesqueira,068,VILLA PESQUEIRA,175,pdf_raw\2016\2016CXCVIII51XXIII.pdf,56,65,9
2017,villa_hidalgo,067,VILLA HIDALGO,174,pdf_raw\2016\2016CXCVIII51XXIII.pdf,65,77,12
2017,yecora,069,YÉCORA,176,pdf_raw\2016\2016CXCVIII51XXIII.pdf,77,88,11
2016,guaymas,029,Guaymas,134,pdf_raw\2016\2016CXCVIII52II.pdf,2,4,2
2017,hermosillo,030,Hermosillo,,pdf_raw\2016\EE131DICIEMBRE2016.pdf,1,112,111
2017,magdalena,036,MAGDALENA,,pdf_raw\2016\EE831DICIEMBRE2016.pdf,10,72,62
2018,hermosillo,030,Hermosillo,125,pdf_raw\2017\2017CC51III.pdf,13,68,55
2018,hermosillo,030,Hermosillo,,pdf_raw\2017\2017CC51IV.pdf,9,72,63
2018,hermosillo,030,HERMOSILLO,232,pdf_raw\2017\2017CC52II.pdf,1,100,99
2018,cajeme,018,CAJEME,220,pdf_raw\2017\2017CC52III.pdf,1,83,82
2018,garbo,,GARBÓ,220,pdf_raw\2017\2017CC52III.pdf,83,100,17
2018,san_luis_rio_colorado,055,SAN LUIS RÍO COLORADO,259,pdf_raw\2017\2017CC52IV.pdf,1,81,80
2018,la_colorada,021,LA COLORADA,238,pdf_raw\2017\2017CC52IV.pdf,81,92,11
2018,altar,004,ALTAR,216,pdf_raw\2017\2017CC52IX.pdf,1,22,21
2018,arivechi,005,ARIVECHI,206,pdf_raw\2017\2017CC52IX.pdf,22,31,9
2018,arizpe,006,ARIZPE,207,pdf_raw\2017\2017CC52IX.pdf,31,58,27
2018,bacadehuachi,008,BACADÉHUACHI,209,pdf_raw\2017\2017CC52IX.pdf,58,66,8
2018,bacanora,009,BACANORA,210,pdf_raw\2017\2017CC52IX.pdf,66,94,28
2018,bavispe,015,BAVISPE,210,pdf_raw\2017\2017CC52IX.pdf,94,104,10
2018,navojoa,042,NAVOJOA,245,pdf_raw\2017\2017CC52V.pdf,1,52,51
2018,puerto_penasco,048,PUERTO PEÑASCO,245,pdf_raw\2017\2017CC52V.pdf,52,108,56
2018,nogales,043,LA HEROICA NOGALES,252,pdf_raw\2017\2017CC52VI.pdf,1,69,68
2018,pitiquito,047,PITIQUITO,250,pdf_raw\2017\2017CC52VI.pdf,69,88,19
2018,quiriego,049,QUIRIEGO,250,pdf_raw\2017\2017CC52VI.pdf,88,100,12
2018,huachinera,031,HUACHINERA,233,pdf_raw\2017\2017CC52VII.pdf,1,11,10
2018,huasabas,032,HUASABAS,234,pdf_raw\2017\2017CC52VII.pdf,11,21,10
2018,huatabampo,033,HUATABAMPO,234,pdf_raw\2017\2017CC52VII.pdf,21,76,55
2018,huepac,034,HUÉPAC,234,pdf_raw\2017\2017CC52VII.pdf,76,87,11
2018,imuris,035,IMURIS,237,pdf_raw\2017\2017CC52VII.pdf,87,104,17
2018,aconchi,001,ACONCHI,202,pdf_raw\2017\2017CC52VIII.pdf,1,59,58
2018,alamos,003,ALAMOS,204,pdf_raw\2017\2017CC52VIII.pdf,59,105,46
2018,atil,007,ATIL,208,pdf_raw\2017\2017CC52VIII.pdf,105,120,15
2018,bacerac,010,BACERAC,211,pdf_raw\2017\2017CC52X.pdf,1,12,11
2018,bacoachi,011,BACOACHI,211,pdf_raw\2017\2017CC52X.pdf,12,28,16
2018,bacum,012,BACUM,211,pdf_raw\2017\2017CC52X.pdf,28,49,21
2018,benito_juarez,071,BENITO JUAREZ,217,pdf_raw\2017\2017CC52X.pdf,49,92,43
2018,banamichi,013,BANÁMICHI,214,pdf_raw\2017\2017CC52XI.pdf,1,18,17
2018,benjamin_hill,016,BENJAMIN HILL,218,pdf_raw\2017\2017CC52XI.pdf,18,45,27
2018,caborca,017,"LA HEROICA 
CABORCA",219,pdf_raw\2017\2017CC52XI.pdf,45,78,33
2018,cananea,019,LA HEROICA CANANEA,221,pdf_raw\2017\2017CC52XI.pdf,78,108,30
2018,divisaderos,024,DIVISADEROS,225,pdf_raw\2017\2017CC52XII.pdf,1,10,9
2018,empalme,025,EMPALME,225,pdf_raw\2017\2017CC52XII.pdf,10,60,50
2018,etchojoa,026,ETCHOJOA,225,pdf_raw\2017\2017CC52XII.pdf,60,104,44
2018,cucurpe,022,CUCURPE,223,pdf_raw\2017\2017CC52XIII.pdf,1,15,14
2018,cumpas,023,CUMPAS,224,pdf_raw\2017\2017CC52XIII.pdf,15,30,15
2018,fronteras,027,FRONTERAS,229,pdf_raw\2017\2017CC52XIII.pdf,30,48,18
2018,general_plutarco_elias_calles,070,"GRAL 
PLUTARCO 
ELÍAS 
CALLES",226,pdf_raw\2017\2017CC52XIII.pdf,48,83,35
2018,granados,028,GRANADOS,230,pdf_raw\2017\2017CC52XIII.pdf,83,96,13
2018,guaymas,029,LA HEROICA GUAYMAS,231,pdf_raw\2017\2017CC52XIV.pdf,1,74,73
2018,opodepe,045,OPODEPE,247,pdf_raw\2017\2017CC52XIV.pdf,74,83,9
2018,oquitoa,046,OQUITOA,249,pdf_raw\2017\2017CC52XIV.pdf,83,100,17
2018,rosario,051,ROSARIO,254,pdf_raw\2017\2017CC52XV.pdf,11,19,8
2018,sahuaripa,052,SAHUARIPA,254,pdf_raw\2017\2017CC52XV.pdf,19,41,22
2018,san_felipe_de_jesus,053,SAN FELIPE DE JESUS,256,pdf_raw\2017\2017CC52XV.pdf,41,50,9
2018,san_ignacio_rio_muerto,072,SAN IGNACIO RÍO MUERTO,257,pdf_raw\2017\2017CC52XV.pdf,50,81,31
2018,san_javier,054,SAN JAVIER,258,pdf_raw\2017\2017CC52XV.pdf,81,96,15
2018,mazatan,037,MAZATAN,240,pdf_raw\2017\2017CC52XVI.pdf,35,44,9
2018,moctezuma,038,MOCTEZUMA,241,pdf_raw\2017\2017CC52XVI.pdf,44,59,15
2018,nacori_chico,040,NACORI CHICO,243,pdf_raw\2017\2017CC52XVI.pdf,59,69,10
2018,san_miguel_de_horcasitas,056,SAN MIGUEL DE HORCASITAS,243,pdf_raw\2017\2017CC52XVI.pdf,69,84,15
2018,san_pedro_de_la_cueva,057,SAN PEDRO DE LA CUEVA,261,pdf_raw\2017\2017CC52XVI.pdf,84,96,12
2018,naco,039,NACO,242,pdf_raw\2017\2017CC52XVII.pdf,1,21,20
2018,nacozari_de_garcia,041,NACOZARI DE GARCIA,244,pdf_raw\2017\2017CC52XVII.pdf,21,45,24
2018,santa_ana,058,SANTA ANA,262,pdf_raw\2017\2017CC52XVII.pdf,45,92,47
2018,saric,060,SARIC,264,pdf_raw\2017\2017CC52XVIII.pdf,1,16,15
2018,suaqui_grande,062,SUAQUI GRANDE,266,pdf_raw\2017\2017CC52XVIII.pdf,16,27,11
2018,tepache,063,TEPACHE,267,pdf_raw\2017\2017CC52XVIII.pdf,27,38,11
2018,trincheras,064,TRINCHERAS,268,pdf_raw\2017\2017CC52XVIII.pdf,38,48,10
2018,tubutama,065,TUBUTAMA,269,pdf_raw\2017\2017CC52XVIII.pdf,48,62,14
2018,la_heroica_ures,,LA HERÓICA URES,270,pdf_raw\2017\2017CC52XVIII.pdf,62,101,39
2018,villa_pesqueira,068,VILLA PESQUEIRA,272,pdf_raw\2017\2017CC52XVIII.pdf,101,110,9
2018,yecora,069,YÉCORA,273,pdf_raw\2017\2017CC52XVIII.pdf,110,124,14
2018,magdalena,036,MAGDALENA,,pdf_raw\2017\EE1231DICIEMBRE2017.pdf,37,108,71
2018,guaymas,029,Guaymas,,pdf_raw\2017\EE2131DICIEMBRE2017.pdf,89,144,55
2019,puerto_penasco,048,PUERTO PEÑASCO,53,pdf_raw\2018\2018CCII51IV.pdf,48,100,52
2019,benjamjn_hjll,,BENJAMJN HJLL,25,pdf_raw\2018\2018CCII51IX.pdf,1,116,115
2019,mazatan,037,MAZATÁN,45,pdf_raw\2018\2018CCII51V.pdf,80,90,10
2019,moctezllma,,MOCTEZllMA,45,pdf_raw\2018\2018CCII51V.pdf,90,120,30
2019,aconchi,001,ACONCHI,11,pdf_raw\2018\2018CCII51VI.pdf,1,12,11
2019,agua_prieta,002,AGUA PRIETA,11,pdf_raw\2018\2018CCII51VI.pdf,12,71,59
2019,altar,004,ALTAR,11,pdf_raw\2018\2018CCII51VI.pdf,71,95,24
2019,arivechi,005,ARIVECHI,08,pdf_raw\2018\2018CCII51VI.pdf,95,116,21
2019,arizpe,006,ARIZPE,17,pdf_raw\2018\2018CCII51VII.pdf,1,50,49
2019,bacanora,009,BACANORA,12,pdf_raw\2018\2018CCII51VII.pdf,50,66,16
2019,bacerac,010,BACERAC,13,pdf_raw\2018\2018CCII51VII.pdf,66,94,28
2019,baviacora,014,BAVIÁCORA,17,pdf_raw\2018\2018CCII51VII.pdf,94,108,14
2019,bacum,012,BACUM,15,pdf_raw\2018\2018CCII51VIII.pdf,1,23,22
2019,banamichi,013,BANÁMICHI,16,pdf_raw\2018\2018CCII51VIII.pdf,23,41,18
2019,benito_juarez,071,BENITO JU.ÁREZ,19,pdf_raw\2018\2018CCII51VIII.pdf,41,100,59
2019,carilo,,CARilÓ,18,pdf_raw\2018\2018CCII51VIII.pdf,100,120,20
2019,cajeme,018,CAJEME,26,pdf_raw\2018\2018CCII51X.pdf,1,116,115
2019,divisaderos,024,DIVISADEROS,29,pdf_raw\2018\2018CCII51XI.pdf,1,76,75
2019,huasabas,032,HU.ÁSABAS,39,pdf_raw\2018\2018CCII51XII.pdf,74,120,46
2019,guaymas,029,GUAYMAS,33,pdf_raw\2018\2018CCII51XIII.pdf,1,66,65
2019,la_colorada,021,LA COLORADA,40,pdf_raw\2018\2018CCII51XIII.pdf,66,116,50
2019,huatabampo,033,HUA TABAMPO,,pdf_raw\2018\2018CCII51XIV.pdf,1,52,51
2019,naco,039,NACO,,pdf_raw\2018\2018CCII51XIV.pdf,52,72,20
2019,nacozari_de_garcia,041,NACOZARI DE GARCÍA,,pdf_raw\2018\2018CCII51XIV.pdf,72,100,28
2019,onavas,044,ÓNAVAS,,pdf_raw\2018\2018CCII51XIV.pdf,100,109,9
2019,opodepe,045,OPODEPE,,pdf_raw\2018\2018CCII51XIV.pdf,109,120,11
2019,tepache,063,TEPACHE,75,pdf_raw\2018\2018CCII51XIX.pdf,11,32,21
2019,tubutama,065,TUBUTAMA,71,pdf_raw\2018\2018CCII51XIX.pdf,32,91,59
2019,yitcora,,YitCORA,71,pdf_raw\2018\2018CCII51XIX.pdf,91,108,17
2019,nogales,043,LA HEROICA NOGALES,,pdf_raw\2018\2018CCII51XV.pdf,1,79,78
2019,oquitoa,046,OQUlTOA,,pdf_raw\2018\2018CCII51XV.pdf,79,93,14
2019,pitiquito,047,PITIQUJTO,,pdf_raw\2018\2018CCII51XV.pdf,93,120,27
2019,quiriego,049,QUIRIEGO,57,pdf_raw\2018\2018CCII51XVI.pdf,58,70,12
2019,rayon,050,RAYÓN,57,pdf_raw\2018\2018CCII51XVI.pdf,70,112,42
2019,san_javier,054,SAN JAVIER,60,pdf_raw\2018\2018CCII51XVII.pdf,43,69,26
2019,san_pedro_de_la_cueva,057,SAN PEDRO DE LA Cl7EVA,60,pdf_raw\2018\2018CCII51XVII.pdf,69,116,47
2019,saric,060,SARIC,249,pdf_raw\2018\2018CCII51XVIII.pdf,97,110,13
2019,soyopa,061,SOYOPA,249,pdf_raw\2018\2018CCII51XVIII.pdf,110,120,10
2019,etchojoa,026,ETCHO.JOA,32,pdf_raw\2018\2018CCII51XX.pdf,1,46,45
2019,granados,028,GRANADOS,32,pdf_raw\2018\2018CCII51XX.pdf,46,60,14
2019,hermosillo,030,Hermosillo,,pdf_raw\2018\2018CCII53I.pdf,24,96,72
2019,hermosillo,030,Hermosillo,,pdf_raw\2018\2018CCII53III.pdf,1,112,111
2019,arizpe,006,Arizpe,,pdf_raw\2018\2018CCII53VII.pdf,37,108,71
2019,banamichi,013,Banámichi,,pdf_raw\2018\2018CCII53VIII.pdf,81,120,39
2019,cucurpe,022,Cucurpe,,pdf_raw\2018\2018CCII53XI.pdf,62,112,50
2019,huepac,034,Huépac,,pdf_raw\2018\2018CCII53XV.pdf,7,104,97
2019,san_felipe_de_jesus,053,San Felipe de Jesús,,pdf_raw\2018\2018CCII53XVI.pdf,30,104,74
2019,guaymas,029,Guaymas,,pdf_raw\2018\2018CCII53XXI.pdf,81,108,27
2019,hermosillo,030,Hermosillo,34,pdf_raw\2019\2019CCIII37II.pdf,4,12,8
2020,guaymas,029,Guaymas,,pdf_raw\2019\2019CCIV52I.pdf,44,80,36
2020,arivechi,005,ARIVECHI,98,pdf_raw\2019\EE2712201910.pdf,1,9,8
2020,arjzpe,,ARJZPE,98,pdf_raw\2019\EE2712201910.pdf,9,35,26
2020,atil,007,ÁTIL,98,pdf_raw\2019\EE2712201910.pdf,35,47,12
2020,bacadehuachi,008,BACADÉHUACHl,98,pdf_raw\2019\EE2712201910.pdf,47,55,8
2020,bacanora,009,BACANORA,98,pdf_raw\2019\EE2712201910.pdf,55,71,16
2020,bacerac,010,BACERAC,98,pdf_raw\2019\EE2712201910.pdf,71,80,9
2020,bacoachi,011,BACOACHI,98,pdf_raw\2019\EE2712201910.pdf,80,96,16
2020,bacum,012,BÁCUM,103,pdf_raw\2019\EE2712201911.pdf,1,22,21
2020,banamichi,013,BANÁMTCHI,100,pdf_raw\2019\EE2712201911.pdf,22,41,19
2020,baviacora,014,BAVIÁCORA,101,pdf_raw\2019\EE2712201911.pdf,41,53,12
2020,bavispe,015,BAVISPE,102,pdf_raw\2019\EE2712201911.pdf,53,63,10
2020,benito_juarez,071,BENITO JUÁREZ,103,pdf_raw\2019\EE2712201911.pdf,63,100,37
2020,caborca,017,"LA HEROICA 
CABORCA",105,pdf_raw\2019\EE2712201912.pdf,1,72,71
2020,carbo,020,CARBÓ,108,pdf_raw\2019\EE2712201912.pdf,72,100,28
2020,cucurpe,022,CUCURPE,109,pdf_raw\2019\EE2712201913.pdf,1,16,15
2020,cumpas,023,CUMPAS,110,pdf_raw\2019\EE2712201913.pdf,16,33,17
2020,divisaderos,024,DIVISAUEROS,111,pdf_raw\2019\EE2712201913.pdf,33,41,8
2020,general_plutarco_elias_calles,070,"GENERAL 
PLUTARCO ELÍAS CALLES",112,pdf_raw\2019\EE2712201913.pdf,41,72,31
2020,fronteras,027,FRONTERAS,115,pdf_raw\2019\EE2712201913.pdf,72,96,24
2020,imuris,035,ÍMURIS,123,pdf_raw\2019\EE2712201914.pdf,55,75,20
2020,la_colorada,021,LA COLORADA,124,pdf_raw\2019\EE2712201914.pdf,75,85,10
2020,mazatan,037,MAZA TAN,126,pdf_raw\2019\EE2712201914.pdf,85,96,11
2020,moctezuma,038,MOCTEZUMA,127,pdf_raw\2019\EE2712201915.pdf,36,52,16
2020,naco,039,NACO,128,pdf_raw\2019\EE2712201915.pdf,52,72,20
2020,nacori_chico,040,NÁCORI CHICO,129,pdf_raw\2019\EE2712201915.pdf,72,81,9
2020,onavas,044,ONA VAS,129,pdf_raw\2019\EE2712201915.pdf,81,90,9
2020,opodepe,045,OPODEPE,134,pdf_raw\2019\EE2712201915.pdf,90,100,10
2020,nacozari_de_garcia,041,NACOZARI DE GARCÍA,130,pdf_raw\2019\EE2712201916.pdf,1,26,25
2020,navojoa,042,NA VOJOA,131,pdf_raw\2019\EE2712201916.pdf,26,78,52
2020,oquitoa,046,OQUITOA,135,pdf_raw\2019\EE2712201916.pdf,78,92,14
2020,pitiquito,047,PITIQUITO,136,pdf_raw\2019\EE2712201917.pdf,1,20,19
2020,puerto_penasco,048,PUERTO PEÑASCO,137,pdf_raw\2019\EE2712201917.pdf,20,78,58
2020,quiriego,049,QUIRIEGO,138,pdf_raw\2019\EE2712201917.pdf,78,88,10
2020,rosario,051,ROSARIO,140,pdf_raw\2019\EE2712201917.pdf,88,100,12
2020,san_luis_rio_colorado,055,SAN LUIS RÍO COLORADO,145,pdf_raw\2019\EE2712201918.pdf,1,100,99
2020,san_javier,054,SAN .TA VIER,144,pdf_raw\2019\EE2712201919.pdf,1,12,11
2020,san_miguel_de_horcasitas,056,SAN MIGUEL DE HORCASITAS,146,pdf_raw\2019\EE2712201919.pdf,12,40,28
2020,san_pedro_de_la_cueva,057,SAN PEDRO DE LA CUEVA,147,pdf_raw\2019\EE2712201919.pdf,40,49,9
2020,sajuc,,SÁJUC,150,pdf_raw\2019\EE2712201919.pdf,49,61,12
2020,santa_cruz,059,SANTA CRUZ,149,pdf_raw\2019\EE2712201919.pdf,61,71,10
2020,santa_ana,058,SANTA ANA,148,pdf_raw\2019\EE2712201919.pdf,71,100,29
2020,soyopa,061,SOYOPA,151,pdf_raw\2019\EE2712201920.pdf,1,9,8
2020,suaqui_grande,062,SU A QUI GRANDE,152,pdf_raw\2019\EE2712201920.pdf,9,29,20
2020,trincheras,064,TRINCHERAS,153,pdf_raw\2019\EE2712201920.pdf,29,39,10
2020,tubutama,065,TUBUTAMA,155,pdf_raw\2019\EE2712201920.pdf,39,52,13
2020,la_heroica_ures,,LA HERÓICA URES,156,pdf_raw\2019\EE2712201920.pdf,52,81,29
2020,villa_pesqueira,068,VILLA PESQUEIRA,158,pdf_raw\2019\EE2712201920.pdf,81,89,8
2020,yecora,069,YÉCORA,159,pdf_raw\2019\EE2712201920.pdf,89,100,11
2020,sahuaripa,052,SAHUARTPA,,pdf_raw\2019\EE2712201921.pdf,1,20,19
2020,san_felipe_de_jesus,053,SAN FELIPE DE JESUS,142,pdf_raw\2019\EE2712201921.pdf,20,29,9
2020,san_ignacio_rio_muerto,072,SAN IGNACIO RÍO MUERTO,143,pdf_raw\2019\EE2712201921.pdf,29,60,31
2020,benjamin_hill,016,BENJAMIN HILL,104,pdf_raw\2019\EE271220195.pdf,1,25,24
2020,cajeme,018,CAJEME,106,pdf_raw\2019\EE271220195.pdf,25,92,67
2020,nogales,043,LA HEROICA NOGALES,132,pdf_raw\2019\EE271220196.pdf,1,90,89
2020,rayon,050,RAYÓN,139,pdf_raw\2019\EE271220196.pdf,90,100,10
2020,empalme,025,EMPALME,113,pdf_raw\2019\EE271220197.pdf,1,55,54
2020,etchojoa,026,ETCHOJOA,114,pdf_raw\2019\EE271220197.pdf,55,96,41
2020,granados,028,GRANADOS,116,pdf_raw\2019\EE271220198.pdf,1,12,11
2020,huasabas,032,HUÁSABAS,120,pdf_raw\2019\EE271220198.pdf,12,34,22
2020,guaymas,029,GUAYMAS,117,pdf_raw\2019\EE271220198.pdf,34,96,62
2020,aconchi,001,ACONCHI,,pdf_raw\2019\EE271220199.pdf,1,9,8
2020,agua_prieta,002,AGUA PRIETA,,pdf_raw\2019\EE271220199.pdf,9,52,43
2020,altar,004,ALTAR,91,pdf_raw\2019\EE271220199.pdf,52,112,60
2020,ures,066,Heroica Ures,,pdf_raw\2019\EE3112201910.pdf,87,104,17
2019,hermosillo,030,Hermosillo,34,pdf_raw\2019\EE3112201912.pdf,32,36,4
2020,hermosillo,030,Hermosillo,34,pdf_raw\2019\EE3112201912.pdf,36,76,40
2020,bacadehuachi,008,BACADEHUACHI,,pdf_raw\2019\EE311220192.pdf,4,60,56
2020,banamichi,013,Banámichi,,pdf_raw\2019\EE311220192.pdf,60,96,36
2020,cajeme,018,Cajeme,,pdf_raw\2019\EE311220193.pdf,50,100,50
2020,cucurpe,022,Cucurpe,,pdf_raw\2019\EE311220194.pdf,24,100,76
2020,huepac,034,Huépac,,pdf_raw\2019\EE311220196.pdf,40,68,28
2020,hermosillo,030,Hermosillo,,pdf_raw\2019\EE311220196.pdf,68,104,36
2020,magdalena,036,MAGDALENA,,pdf_raw\2019\EE311220197.pdf,10,65,55
2020,navojoa,042,Navojoa,,pdf_raw\2019\EE311220197.pdf,65,100,35
2020,pitiquito,047,Pitiquito,,pdf_raw\2019\EE311220198.pdf,45,104,59
2020,san_felipe_de_jesus,053,San Felipe de Jesús,,pdf_raw\2019\EE311220199.pdf,32,104,72
2020,magdalena,036,Magdalena,125,pdf_raw\2020\2020CCV9I.pdf,9,24,15
2020,san_ignacio_rio_muerto,072,San Ignacio Río Muerto,143,pdf_raw\2020\2020CCV9I.pdf,24,36,12
2020,san_miguel_de_horcasitas,056,San Miguel de Horcasitas,145,pdf_raw\2020\2020CCVI46III.pdf,0,7,7
2024,san_miguel_de_horcasitas,056,"SAN MIGUEL DE
MORCASITAS",146,pdf_raw\2020\2020CCVI46III.pdf,7,16,9
2020,banamichi,013,Banámichi,100,pdf_raw\2020\2020CCVI49I.pdf,3,20,17
2021,guaymas,029,Guaymas,4,pdf_raw\2020\2020CCVI51I.pdf,40,74,34
6202,guaymas,029,GUAYMAS DE ZARAGOZA,4,pdf_raw\2020\2020CCVI51I.pdf,74,76,2
2020,cajeme,018,Cajeme,,pdf_raw\2020\2020CCVI51III.pdf,26,26,0
2020,empalme,025,Empalme,,pdf_raw\2020\2020CCVI51III.pdf,26,32,6
2021,alamos,003,ALAMOS,178,pdf_raw\2020\2020CCVI51IX.pdf,1,41,40
2021,navojoa,042,NAVOJOA,217,pdf_raw\2020\2020CCVI51IX.pdf,41,100,59
2021,aconchi,001,ACONCHl,,pdf_raw\2020\2020CCVI51VI.pdf,1,10,9
2021,arivechi,005,ARIVECHI,180,pdf_raw\2020\2020CCVI51VI.pdf,10,18,8
2021,atil,007,ATIL,182,pdf_raw\2020\2020CCVI51VI.pdf,18,31,13
2021,guaymas,029,GUAYMAS DE ZARAGOZA,203,pdf_raw\2020\2020CCVI51VI.pdf,31,92,61
2021,hermosillo,030,HERMOSILLO,204,pdf_raw\2020\2020CCVI51VII.pdf,1,88,87
2021,altar,004,ALTAR,179,pdf_raw\2020\2020CCVI51VIII.pdf,1,20,19
2021,bacadehuachi,008,RACADÉHUACHI,179,pdf_raw\2020\2020CCVI51VIII.pdf,20,100,80
2021,bacerac,010,BACERAC,185,pdf_raw\2020\2020CCVI51XI.pdf,1,11,10
2021,bacoachi,011,BACOACHI,186,pdf_raw\2020\2020CCVI51XI.pdf,11,38,27
2021,puerto_penasco,048,PUERTO PENASCO,223,pdf_raw\2020\2020CCVI51XI.pdf,38,100,62
2021,san_luis_rio_colorado,055,SAN LUIS RÍO COLORADO,231,pdf_raw\2020\2020CCVI51XII.pdf,1,84,83
2021,divisaderos,024,llIVISADEROS,198,pdf_raw\2020\2020CCVI51XIII.pdf,91,100,9
2021,bacum,012,BACUM,187,pdf_raw\2020\2020CCVI51XIV.pdf,1,21,20
2021,benito_juarez,071,BENITO JUAREZ,191,pdf_raw\2020\2020CCVI51XIV.pdf,21,57,36
2021,benjamin_hill,016,BENJAMIN HILL,192,pdf_raw\2020\2020CCVI51XIV.pdf,57,80,23
2021,cucurpe,022,CUCURPE,192,pdf_raw\2020\2020CCVI51XIV.pdf,80,93,13
2021,huachinera,031,HUACHINERA,205,pdf_raw\2020\2020CCVI51XIV.pdf,93,104,11
2021,san_felipe_de_jesus,053,SAN FELIPE DE JESUS,228,pdf_raw\2020\2020CCVI51XIX.pdf,82,100,18
2021,cananea,019,CANANEA,194,pdf_raw\2020\2020CCVI51XV.pdf,34,74,40
2021,carbo,020,CARBÓ,195,pdf_raw\2020\2020CCVI51XV.pdf,74,100,26
2021,cumpas,023,CUMPAS,197,pdf_raw\2020\2020CCVI51XVI.pdf,1,16,15
2021,etchojoa,026,ETCHOJOA,200,pdf_raw\2020\2020CCVI51XVI.pdf,16,77,61
2021,granados,028,GRANADOS,202,pdf_raw\2020\2020CCVI51XVI.pdf,77,89,12
2021,huasabas,032,HUASABAS,206,pdf_raw\2020\2020CCVI51XVI.pdf,89,100,11
2021,la_colorada,021,LA COLORADA,219,pdf_raw\2020\2020CCVI51XVII.pdf,60,104,44
2021,naco,039,NACO,214,pdf_raw\2020\2020CCVI51XVIII.pdf,38,60,22
2021,nacori_chico,040,NACORI CHICO,215,pdf_raw\2020\2020CCVI51XVIII.pdf,60,69,9
2021,nacozari_de_garcia,041,NACOZARI DE GARCIA,216,pdf_raw\2020\2020CCVI51XVIII.pdf,69,93,24
2021,san_javier,054,SAN JAVIER,230,pdf_raw\2020\2020CCVI51XVIII.pdf,93,104,11
2021,saric,060,SARIC,236,pdf_raw\2020\2020CCVI51XX.pdf,89,104,15
2021,tubljtama,,TUBlJTAMA,245,pdf_raw\2020\2020CCVI51XXI.pdf,39,54,15
2021,la_heroica_ures,,LA HERÓICA URES,245,pdf_raw\2020\2020CCVI51XXI.pdf,54,104,50
2020,general_plutarco_elias_calles,070,General Plutarco Elías Calles,,pdf_raw\2020\2020CCVI52I.pdf,3,12,9
2021,aconchi,001,Aconchi,,pdf_raw\2020\2020CCVI53II.pdf,3,60,57
2021,arivechi,005,Arivechi,,pdf_raw\2020\2020CCVI53II.pdf,60,81,21
2021,bacadehuachi,008,BACAOEHUACHI,,pdf_raw\2020\2020CCVI53II.pdf,81,96,15
2021,arizpe,006,Arizpe,,pdf_raw\2020\2020CCVI53III.pdf,1,38,37
2021,bacoachi,011,Bacoachi,,pdf_raw\2020\2020CCVI53III.pdf,38,58,20
2021,bacum,012,Bácum,,pdf_raw\2020\2020CCVI53III.pdf,58,71,13
2021,banamichi,013,Banámichi,,pdf_raw\2020\2020CCVI53III.pdf,71,100,29
2021,naco,039,Naco,,pdf_raw\2020\2020CCVI53IX.pdf,21,58,37
2021,navojoa,042,Navojoa,,pdf_raw\2020\2020CCVI53IX.pdf,58,84,26
2021,opodepe,045,Opodepe,,pdf_raw\2020\2020CCVI53IX.pdf,84,100,16
2020,cajeme,018,Cajeme,,pdf_raw\2020\2020CCVI53V.pdf,27,68,41
2021,divisaderos,024,Divisaderos,,pdf_raw\2020\2020CCVI53V.pdf,68,96,28
2021,etchojoa,026,Etchojoa,,pdf_raw\2020\2020CCVI53VI.pdf,3,54,51
2021,general_plutarco_elias_calles,070,Gral. Plutarco Ellas Calles,,pdf_raw\2020\2020CCVI53VI.pdf,54,104,50
2021,hermosillo,030,Hermosillo,,pdf_raw\2020\2020CCVI53VIII.pdf,1,56,55
2021,huepac,034,Huépac,,pdf_raw\2020\2020CCVI53VIII.pdf,56,104,48
2021,pitiquito,047,Pitiquito,,pdf_raw\2020\2020CCVI53X.pdf,35,104,69
2021,rayon,050,Rayón,,pdf_raw\2020\2020CCVI53XI.pdf,3,24,21
2021,sahuaripa,052,Sahuaripa,,pdf_raw\2020\2020CCVI53XI.pdf,24,36,12
2021,san_felipe_de_jesus,053,San Felipe de Jesús,,pdf_raw\2020\2020CCVI53XI.pdf,36,69,33
2021,san_javier,054,San Javier,,pdf_raw\2020\2020CCVI53XI.pdf,69,100,31
2021,san_miguel_de_horcasitas,056,san miguel de Horcasitas,,pdf_raw\2020\2020CCVI53XII.pdf,50,80,30
2021,soyopa,061,Soyopa,,pdf_raw\2020\2020CCVI53XII.pdf,80,112,32
2021,tepache,063,Tepache,,pdf_raw\2020\2020CCVI53XIII.pdf,22,83,61
2021,yecora,069,Yécora,,pdf_raw\2020\2020CCVI53XIII.pdf,83,96,13
2021,villa_pesqueira,068,Villa Pesqueira,05,pdf_raw\2021\2021CCVIII52II.pdf,0,32,32
2022,hermosillo,030,Hermosillo,,pdf_raw\2021\2021CCVIII53II.pdf,6,18,12
2022,hermosiho,,HermosiHo,,pdf_raw\2021\2021CCVIII53II.pdf,18,92,74
2022,naco,039,NACO,54,pdf_raw\2021\2021CCVIII53IX.pdf,1,22,21
2022,nacori_chico,040,NACOIU CHICO,54,pdf_raw\2021\2021CCVIII53IX.pdf,22,32,10
2022,nacozari_de_garcia,041,NACOZARI DE GARCIA,54,pdf_raw\2021\2021CCVIII53IX.pdf,32,58,26
2022,opodepe,045,OPODEPE,52,pdf_raw\2021\2021CCVIII53IX.pdf,58,100,42
2022,la_colorada,021,LA COLORADA,51,pdf_raw\2021\2021CCVIII53V.pdf,90,101,11
2022,onavas,044,ONAVAS,51,pdf_raw\2021\2021CCVIII53V.pdf,101,112,11
2022,gua_ymas_de_zaragoza,,GUA YMAS DE ZARAGOZA,44,pdf_raw\2021\2021CCVIII53VII.pdf,28,93,65
2022,mazatan,037,MAZA TAN,44,pdf_raw\2021\2021CCVIII53VII.pdf,93,104,11
2022,imuris,035,IMURIS,45,pdf_raw\2021\2021CCVIII53VIII.pdf,63,81,18
2022,moctezuma,038,MOCTEZUMA,45,pdf_raw\2021\2021CCVIII53VIII.pdf,81,100,19
2022,aconchi,001,ACONCHI,28,pdf_raw\2021\2021CCVIII53X.pdf,1,56,55
2022,llavispe,,llAVISPE,19,pdf_raw\2021\2021CCVIII53X.pdf,56,78,22
2022,cumpas,023,CUMPAS,19,pdf_raw\2021\2021CCVIII53X.pdf,78,96,18
2022,arizpe,006,ARIZPE,11,pdf_raw\2021\2021CCVIII53XI.pdf,9,34,25
2022,atil,007,ATIL,12,pdf_raw\2021\2021CCVIII53XI.pdf,34,82,48
2022,bacoachi,011,BACOACHI,16,pdf_raw\2021\2021CCVIII53XI.pdf,82,96,14
2022,benito_juarez,071,BENITO .JUÁREZ,29,pdf_raw\2021\2021CCVIII53XII.pdf,1,91,90
2022,divisaderos,024,DIVISADEROS,29,pdf_raw\2021\2021CCVIII53XII.pdf,91,100,9
2022,caborca,017,"LA 
HEROICA CABORCA",24,pdf_raw\2021\2021CCVIII53XIII.pdf,1,112,111
2022,carbo,020,CARBÓ,37,pdf_raw\2021\2021CCVIII53XIV.pdf,1,26,25
2022,etchojoa,026,ETCHOJOA,37,pdf_raw\2021\2021CCVIII53XIV.pdf,26,84,58
2022,san_javier,054,SANJA VIER,65,pdf_raw\2021\2021CCVIII53XIX.pdf,84,104,20
2022,empalme,025,EMPALME,40,pdf_raw\2021\2021CCVIII53XV.pdf,1,89,88
2022,huasabas,032,HUASABAS,40,pdf_raw\2021\2021CCVIII53XV.pdf,89,112,23
2022,quiriego,049,QUIRIEGO,60,pdf_raw\2021\2021CCVIII53XVI.pdf,46,56,10
2022,rayon,050,RAYÓN,60,pdf_raw\2021\2021CCVIII53XVI.pdf,56,65,9
2022,rosario,051,ROSARIO,60,pdf_raw\2021\2021CCVIII53XVI.pdf,65,95,30
2022,san_felipe_de_jesus,053,SAN FELIPE DE JESUS,60,pdf_raw\2021\2021CCVIII53XVI.pdf,95,104,9
2022,puerto_penasco,048,PUERTO PEÑASCO,55,pdf_raw\2021\2021CCVIII53XVII.pdf,1,64,63
2022,san_ignacio_rio_muerto,072,SAN IGNACIO RIO MUERTO,61,pdf_raw\2021\2021CCVIII53XVII.pdf,64,94,30
2022,soyopa,061,SOYOPA,69,pdf_raw\2021\2021CCVIII53XVII.pdf,94,104,10
2022,santa_cruz,059,SANTA CRUZ,249,pdf_raw\2021\2021CCVIII53XVIII.pdf,78,89,11
2022,saric,060,SARIC,249,pdf_raw\2021\2021CCVIII53XVIII.pdf,89,104,15
2022,san_miguel_de_horcasitas,056,SAN MIGUEL DE HORCASITAS,64,pdf_raw\2021\2021CCVIII53XX.pdf,1,29,28
2021,santa_ana,058,SANTA ANA,64,pdf_raw\2021\2021CCVIII53XX.pdf,29,53,24
2022,suaqui_grande,062,SU A QUI GRANDE,64,pdf_raw\2021\2021CCVIII53XX.pdf,53,76,23
2022,trincheras,064,TRINCHERAS,72,pdf_raw\2021\2021CCVIII53XXI.pdf,38,90,52
2022,tubutama,065,TUBUTAMA,73,pdf_raw\2021\2021CCVIII53XXI.pdf,90,104,14
2022,aconchi,001,Aconchi,,pdf_raw\2021\EE31122021.pdf,1,68,67
2022,arivechi,005,Arivechi,,pdf_raw\2021\EE31122021.pdf,68,91,23
2022,arizpe,006,Arizpe,,pdf_raw\2021\EE31122021.pdf,91,104,13
2022,nacozari_de_garcia,041,Nacozari de García,,pdf_raw\2021\EE3112202110.pdf,1,27,26
2022,opodepe,045,Opodepe,,pdf_raw\2021\EE3112202110.pdf,27,54,27
2022,pitiquito,047,Pitiquito,,pdf_raw\2021\EE3112202110.pdf,54,78,24
2022,rayon,050,Rayón,,pdf_raw\2021\EE3112202110.pdf,78,100,22
2022,san_felipe_de_jesus,053,San Felipe de Jesús,,pdf_raw\2021\EE3112202111.pdf,1,32,31
2022,san_javier,054,San Javier,,pdf_raw\2021\EE3112202111.pdf,32,96,64
2022,ures,066,Heroica Ures,,pdf_raw\2021\EE3112202112.pdf,36,55,19
2022,villa_hidalgo,067,Villa Hidalgo,,pdf_raw\2021\EE3112202112.pdf,55,88,33
2022,yecora,069,Yéco ra,,pdf_raw\2021\EE3112202112.pdf,88,100,12
2022,quiriego,049,Quiriego,,pdf_raw\2021\EE3112202113.pdf,66,79,13
2022,sahuaripa,052,Sahuaripa,,pdf_raw\2021\EE3112202113.pdf,79,100,21
2022,guaymas,029,Guaymas,,pdf_raw\2021\EE3112202116.pdf,0,40,40
2022,gua_ymas_de_zaragoza,,GUA YMAS DE ZARAGOZA,,pdf_raw\2021\EE3112202116.pdf,40,60,20
2022,atil,007,Atil,,pdf_raw\2021\EE311220212.pdf,1,23,22
2022,bacadehuachi,008,BACADEHUACHI,,pdf_raw\2021\EE311220212.pdf,23,60,37
2022,bacum,012,Bácum,,pdf_raw\2021\EE311220212.pdf,60,75,15
2022,banamichi,013,Banámichi,,pdf_raw\2021\EE311220212.pdf,75,104,29
2022,cananea,019,C.ananea,,pdf_raw\2021\EE311220213.pdf,70,100,30
2022,cajeme,018,Cajeme,,pdf_raw\2021\EE311220216.pdf,1,33,32
2022,carba,,Carba,,pdf_raw\2021\EE311220216.pdf,33,37,4
2022,carbo,020,Carbo,,pdf_raw\2021\EE311220216.pdf,37,56,19
2022,cucurpe,022,Cucurpe,,pdf_raw\2021\EE311220216.pdf,56,96,40
2022,divisaderos,024,Divisaderos,,pdf_raw\2021\EE311220217.pdf,3,19,16
2022,etchojoa,026,Etchojoa,,pdf_raw\2021\EE311220217.pdf,19,69,50
2022,general_plutarco_elias_calles,070,Gral. Plutarco Elías Calles,,pdf_raw\2021\EE311220217.pdf,69,96,27
2022,san_luis_rio_colorado,055,Son luis Ria Colorado,,pdf_raw\2021\EE311220218.pdf,4,61,57
2022,saric,060,Sáric,,pdf_raw\2021\EE311220218.pdf,61,64,3
2022,san_javier,054,San Javier,,pdf_raw\2021\EE311220218.pdf,64,84,20
2022,tepache,063,Tepache,,pdf_raw\2021\EE311220218.pdf,84,100,16
2022,mazatan,037,Mazatán,,pdf_raw\2021\EE311220219.pdf,1,21,20
2022,moctezuma,038,Moctezuma,,pdf_raw\2021\EE311220219.pdf,21,53,32
2022,navojoa,042,Navojoa,,pdf_raw\2021\EE311220219.pdf,53,96,43
2022,etchojoa,026,Etchojoa,35,pdf_raw\2022\2022CCIX10I.pdf,2,36,34
2023,arivechi,005,ARIVECHI,100,pdf_raw\2022\2022CCX52IX.pdf,1,10,9
2023,bacum,012,BÁCUM,100,pdf_raw\2022\2022CCX52IX.pdf,10,46,36
2023,empalme,025,EMPALME,121,pdf_raw\2022\2022CCX52IX.pdf,46,96,50
2023,huepac,034,HUÉPAC,130,pdf_raw\2022\2022CCX52V.pdf,93,104,11
2023,guaymas,029,GUAYMAS DE ZARAGOZA,125,pdf_raw\2022\2022CCX52VI.pdf,1,66,65
2023,arizpe,006,ARIZPE,101,pdf_raw\2022\2022CCX52VI.pdf,66,92,26
2023,cajeme,018,CAJEME,114,pdf_raw\2022\2022CCX52VIII.pdf,1,80,79
2023,san_pedro_de_la_cueva,057,SAN PEDRO DE LA CUEVA,155,pdf_raw\2022\2022CCX52VIII.pdf,80,92,12
2023,suaqui_grande,062,SUAQUI GRANDE,160,pdf_raw\2022\2022CCX52VIII.pdf,92,104,12
2023,huachinera,031,HUACHINERA,127,pdf_raw\2022\2022CCX52X.pdf,1,12,11
2023,nogales,043,NOGALES,140,pdf_raw\2022\2022CCX52X.pdf,12,104,92
2023,general_plutarco_elias_calles,070,GENERAL PLUTARCO ELÍAS CALLES,120,pdf_raw\2022\2022CCX52XI.pdf,1,48,47
2023,granados,028,GRANADOS,120,pdf_raw\2022\2022CCX52XI.pdf,48,61,13
2023,imuris,035,IMURIS,120,pdf_raw\2022\2022CCX52XI.pdf,61,78,17
2023,la_colorada,021,LA COLORADA,132,pdf_raw\2022\2022CCX52XI.pdf,78,92,14
2023,mazatan,037,MAZATÁN,134,pdf_raw\2022\2022CCX52XII.pdf,40,49,9
2023,moctezuma,038,MOCTEZUMA,134,pdf_raw\2022\2022CCX52XII.pdf,49,67,18
2023,nacozari_de_garcia,041,NACOZARI DE GARCÍA,138,pdf_raw\2022\2022CCX52XII.pdf,67,96,29
2023,navojoa,042,NAVOJOA,139,pdf_raw\2022\2022CCX52XIII.pdf,1,48,47
2023,opodepe,045,OPODEPE,142,pdf_raw\2022\2022CCX52XIII.pdf,48,59,11
2023,pitiquito,047,PJTIQUITO,144,pdf_raw\2022\2022CCX52XIII.pdf,59,78,19
2023,quiriego,049,QUIRIEGO,146,pdf_raw\2022\2022CCX52XIII.pdf,78,87,9
2023,rayon,050,RAYÓN,146,pdf_raw\2022\2022CCX52XIII.pdf,87,96,9
2023,rosario,051,ROSARIO,148,pdf_raw\2022\2022CCX52XIII.pdf,96,108,12
2023,aconchi,001,ACONCHI,129,pdf_raw\2022\2022CCX52XIV.pdf,1,28,27
2023,bacadehuachi,008,BACADÉHUACHI,103,pdf_raw\2022\2022CCX52XIV.pdf,28,37,9
2023,huatabampo,033,HUATABAMPO,129,pdf_raw\2022\2022CCX52XIV.pdf,37,104,67
2023,naco,039,NACO,136,pdf_raw\2022\2022CCX52XIX.pdf,29,50,21
2023,nacori_chico,040,NACORI CHICO,137,pdf_raw\2022\2022CCX52XIX.pdf,50,60,10
2023,onavas,044,ONAVAS,141,pdf_raw\2022\2022CCX52XIX.pdf,60,69,9
2023,oquitoa,046,OQUITOA,143,pdf_raw\2022\2022CCX52XIX.pdf,69,84,15
2023,san_felipe_de_jesus,053,SAN FELIPE DE JESUS,150,pdf_raw\2022\2022CCX52XIX.pdf,84,92,8
2023,san_javier,054,SAN JAVIER,152,pdf_raw\2022\2022CCX52XIX.pdf,92,104,12
2023,bacerac,010,BACERAC,105,pdf_raw\2022\2022CCX52XV.pdf,1,10,9
2023,san_luis_rio_colorado,055,SAN LUIS RÍO COLORADO,105,pdf_raw\2022\2022CCX52XV.pdf,10,96,86
2023,puerto_penasco,048,PUERTO PEÑASCO,145,pdf_raw\2022\2022CCX52XVI.pdf,1,68,67
2023,sahuaripa,052,SAHUARIPA,149,pdf_raw\2022\2022CCX52XVI.pdf,68,86,18
2023,soyopa,061,SOYOPA,159,pdf_raw\2022\2022CCX52XVI.pdf,86,96,10
2023,alamos,003,ALAMOS,108,pdf_raw\2022\2022CCX52XVII.pdf,1,42,41
2023,atil,007,Á TIL,102,pdf_raw\2022\2022CCX52XVII.pdf,42,55,13
2023,bacanora,009,BACANORA,102,pdf_raw\2022\2022CCX52XVII.pdf,55,69,14
2023,bacoachi,011,BACOACHI,106,pdf_raw\2022\2022CCX52XVII.pdf,69,83,14
2023,banamichi,013,BANÁMICHI,108,pdf_raw\2022\2022CCX52XVII.pdf,83,100,17
2023,baviacora,014,BA VIÁCORA,128,pdf_raw\2022\2022CCX52XVIII.pdf,1,22,21
2023,benito_juarez,071,BENITO JUÁREZ,110,pdf_raw\2022\2022CCX52XVIII.pdf,22,65,43
2023,cucurpe,022,CUCURPE,117,pdf_raw\2022\2022CCX52XVIII.pdf,65,78,13
2023,cumpas,023,CUMPAS,118,pdf_raw\2022\2022CCX52XVIII.pdf,78,92,14
2023,huasabas,032,HU ASABAS,128,pdf_raw\2022\2022CCX52XVIII.pdf,92,104,12
2023,caborca,017,"LA HEROICA 
CABORCA",113,pdf_raw\2022\2022CCX52XX.pdf,1,44,43
2023,san_ignacio_rio_muerto,072,SAN IGNACIO RÍO MUERTO,151,pdf_raw\2022\2022CCX52XX.pdf,44,74,30
2023,santa_cruz,059,SANTA CRUZ,157,pdf_raw\2022\2022CCX52XX.pdf,74,86,12
2023,saric,060,SÁRIC,158,pdf_raw\2022\2022CCX52XX.pdf,86,100,14
2023,etchojoa,026,ETCHOJOA,122,pdf_raw\2022\2022CCX52XXI.pdf,1,51,50
2023,tubutama,065,TUBUTAMA,163,pdf_raw\2022\2022CCX52XXI.pdf,51,64,13
2023,agua_prieta,002,AGUA PRIETA,164,pdf_raw\2022\2022CCX52XXII.pdf,1,54,53
2023,tepache,063,TEPACHE,164,pdf_raw\2022\2022CCX52XXII.pdf,54,64,10
2023,trincheras,064,TRINCHERAS,162,pdf_raw\2022\2022CCX52XXII.pdf,64,75,11
2023,ures,066,URES,164,pdf_raw\2022\2022CCX52XXII.pdf,75,96,21
2023,san_miguel_de_horcasitas,056,SAN MIGUEL DE HORCASIT AS,154,pdf_raw\2022\2022CCX52XXIII.pdf,1,26,25
2023,santa_ana,058,SANTA ANA,156,pdf_raw\2022\2022CCX52XXIII.pdf,26,51,25
2023,villa_hidalgo,067,VILLA HIDALGO,165,pdf_raw\2022\2022CCX52XXIII.pdf,51,62,11
2023,villa_pesqueira,068,VILLA PESQUEIRA,165,pdf_raw\2022\2022CCX52XXIII.pdf,62,72,10
2023,benjamin_hill,016,BENJAMIN HILL,112,pdf_raw\2022\2022CCX52XXIV.pdf,1,24,23
2023,cananea,019,CANANEA,112,pdf_raw\2022\2022CCX52XXIV.pdf,24,61,37
2023,carbo,020,CARBÓ,249,pdf_raw\2022\2022CCX52XXIV.pdf,61,85,24
2023,divisaderos,024,DIVISADEROS,119,pdf_raw\2022\2022CCX52XXIV.pdf,85,96,11
2023,cajeme,018,Cajeme,,pdf_raw\2023\2023CCXII47I.pdf,0,28,28
2024,caborca,017,CABORCA,196,pdf_raw\2023\2023CCXII52IX.pdf,1,47,46
2024,cananea,019,CANANEA,198,pdf_raw\2023\2023CCXII52IX.pdf,47,88,41
2024,aconchi,001,ACONCHI,179,pdf_raw\2023\2023CCXII52V.pdf,1,10,9
2024,agua_prieta,002,AGUA PRIETA,180,pdf_raw\2023\2023CCXII52V.pdf,10,62,52
2024,alamos,003,ÁLAMOS,181,pdf_raw\2023\2023CCXII52V.pdf,62,104,42
2024,altar,004,ALTAR,182,pdf_raw\2023\2023CCXII52VI.pdf,1,18,17
2024,arivechi,005,ARIVECHI,183,pdf_raw\2023\2023CCXII52VI.pdf,18,26,8
2024,arizpe,006,ARIZPE,184,pdf_raw\2023\2023CCXII52VI.pdf,26,51,25
2024,atil,007,ATIL,185,pdf_raw\2023\2023CCXII52VI.pdf,51,88,37
2024,bacoachi,011,BACOACHT,189,pdf_raw\2023\2023CCXII52VII.pdf,1,13,12
2024,bacum,012,BÁCUM,190,pdf_raw\2023\2023CCXII52VII.pdf,13,70,57
2024,baviacora,014,BA VIÁCORA,192,pdf_raw\2023\2023CCXII52VII.pdf,70,79,9
2024,bavispe,015,BAVISPE,193,pdf_raw\2023\2023CCXII52VII.pdf,79,92,13
2024,benito_juarez,071,BENITO JUÁREZ,194,pdf_raw\2023\2023CCXII52VIII.pdf,1,44,43
2024,benjamin_hill,016,BENJAMÍN HILL,195,pdf_raw\2023\2023CCXII52VIII.pdf,44,69,25
2024,cucurpe,022,CUCURPE,195,pdf_raw\2023\2023CCXII52VIII.pdf,69,84,15
2024,cajeme,018,CAJEME,197,pdf_raw\2023\2023CCXII52X.pdf,1,84,83
2024,carbo,020,CARBÓ,199,pdf_raw\2023\2023CCXII52XI.pdf,1,23,22
2024,cumpas,023,CUMPAS,199,pdf_raw\2023\2023CCXII52XI.pdf,23,37,14
2024,divisaderos,024,DIVISADEROS,199,pdf_raw\2023\2023CCXII52XI.pdf,37,46,9
2024,etchojoa,026,ETCHOJOA,199,pdf_raw\2023\2023CCXII52XI.pdf,46,84,38
2024,empalme,025,EMPALME,204,pdf_raw\2023\2023CCXII52XII.pdf,1,51,50
2024,fronteras,027,FRONTERAS,204,pdf_raw\2023\2023CCXII52XII.pdf,51,92,41
2024,guaymas,029,GUAYMAS,210,pdf_raw\2023\2023CCXII52XIII.pdf,1,68,67
2024,huachinera,031,HUACHINERA,210,pdf_raw\2023\2023CCXII52XIII.pdf,68,80,12
2024,general_plutarco_elias_calles,070,GENERAL PLUTARCO ELÍAS CALLES,217,pdf_raw\2023\2023CCXII52XIV.pdf,1,50,49
2024,huasabas,032,HUÁSABAS,217,pdf_raw\2023\2023CCXII52XIV.pdf,50,60,10
2024,huepac,034,HUÉPAC,217,pdf_raw\2023\2023CCXII52XIV.pdf,60,72,12
2024,mazatan,037,MAZATÁN,217,pdf_raw\2023\2023CCXII52XIV.pdf,72,84,12
2024,la_colorada,021,LA COLORADA,229,pdf_raw\2023\2023CCXII52XIX.pdf,1,51,50
2024,nacozari_de_garcia,041,NACOZARI DE GARCÍA,229,pdf_raw\2023\2023CCXII52XIX.pdf,51,77,26
2024,quiriego,049,QUIRIEGO,229,pdf_raw\2023\2023CCXII52XIX.pdf,77,88,11
2024,nacori_chico,040,NÁCORI CHICO,220,pdf_raw\2023\2023CCXII52XV.pdf,92,104,12
2024,huatabampo,033,HUAT ABAMPO,214,pdf_raw\2023\2023CCXII52XVI.pdf,1,65,64
2024,imuris,035,IMURIS,214,pdf_raw\2023\2023CCXII52XVI.pdf,65,84,19
2024,moctezuma,038,MOCTEZUMA,230,pdf_raw\2023\2023CCXII52XVII.pdf,1,19,18
2024,naco,039,NACO,219,pdf_raw\2023\2023CCXII52XVII.pdf,19,38,19
2024,onavas,044,ONAVAS,219,pdf_raw\2023\2023CCXII52XVII.pdf,38,46,8
2024,opodepe,045,OPODEPE,219,pdf_raw\2023\2023CCXII52XVII.pdf,46,54,8
2024,oquitoa,046,OQUITOA,219,pdf_raw\2023\2023CCXII52XVII.pdf,54,69,15
2024,rayon,050,RAYÓN,219,pdf_raw\2023\2023CCXII52XVII.pdf,69,80,11
2024,navojoa,042,NA VOJOA,231,pdf_raw\2023\2023CCXII52XVIII.pdf,1,51,50
2024,pitiquito,047,PITIQUITO,227,pdf_raw\2023\2023CCXII52XVIII.pdf,51,69,18
2024,rosario,051,ROSARIO,231,pdf_raw\2023\2023CCXII52XVIII.pdf,69,80,11
2024,nogales,043,NOGALES,235,pdf_raw\2023\2023CCXII52XX.pdf,1,92,91
2024,san_javier,054,SAN JAVIER,235,pdf_raw\2023\2023CCXII52XX.pdf,92,104,12
2024,puerto_penasco,048,PUERTO PEÑASCO,232,pdf_raw\2023\2023CCXII52XXI.pdf,1,65,64
2024,sahuaripa,052,SAHUARIPA,232,pdf_raw\2023\2023CCXII52XXI.pdf,65,84,19
2024,san_felipe_de_jesus,053,SAN FELIPE DE JESÚS,242,pdf_raw\2023\2023CCXII52XXII.pdf,1,10,9
2024,san_ignacio_rio_muerto,072,SAN IGNACIO RÍO MUERTO,242,pdf_raw\2023\2023CCXII52XXII.pdf,10,37,27
2024,san_miguel_de_horcasitas,056,SAN MIGUEL DE HORCASITAS,237,pdf_raw\2023\2023CCXII52XXII.pdf,37,56,19
2024,san_pedro_de_la_cueva,057,SAN PEDRO DE LA CUEVA,237,pdf_raw\2023\2023CCXII52XXII.pdf,56,66,10
2024,santa_cruz,059,SANTA CRUZ,240,pdf_raw\2023\2023CCXII52XXII.pdf,66,77,11
2024,soyopa,061,SOYOPA,240,pdf_raw\2023\2023CCXII52XXII.pdf,77,88,11
2024,saric,060,SÁRIC,249,pdf_raw\2023\2023CCXII52XXIII.pdf,81,96,15
2024,santa_ana,058,SANTA ANA,246,pdf_raw\2023\2023CCXII52XXIV.pdf,1,24,23
2024,suaqui_grande,062,SUAQUJ GRANDE,246,pdf_raw\2023\2023CCXII52XXIV.pdf,24,34,10
2024,tepache,063,TEfACHE,246,pdf_raw\2023\2023CCXII52XXIV.pdf,34,44,10
2024,trincheras,064,TRINCHERAS,246,pdf_raw\2023\2023CCXII52XXIV.pdf,44,68,24
2024,bacadehuachi,008,BACADÉHUACHI,186,pdf_raw\2023\2023CCXII52XXV.pdf,1,9,8
2024,ures,066,URES,186,pdf_raw\2023\2023CCXII52XXV.pdf,9,28,19
2024,villa_hidalgo,067,VILLA HIDALGO,186,pdf_raw\2023\2023CCXII52XXV.pdf,28,39,11
2024,villa_pesqueira,068,VILLA PESQUEIRA,186,pdf_raw\2023\2023CCXII52XXV.pdf,39,47,8
2024,yecora,069,YÉCORA,186,pdf_raw\2023\2023CCXII52XXV.pdf,47,60,13
2024,baviacora,014,BAVIACORA,,pdf_raw\2023\EE311220231.pdf,13,92,79
2024,huepac,034,Huépac,,pdf_raw\2023\EE3112202310.pdf,49,84,35
2024,moctezuma,038,Moctezuma,,pdf_raw\2023\EE3112202311.pdf,13,36,23
2024,naco,039,Naco,,pdf_raw\2023\EE3112202311.pdf,36,72,36
2024,hermosillo,030,Henmosillo,,pdf_raw\2023\EE3112202312.pdf,66,84,18
2024,navojoa,042,Navojoa,,pdf_raw\2023\EE3112202313.pdf,27,55,28
2024,opodepe,045,Opodepe,,pdf_raw\2023\EE3112202313.pdf,55,76,21
2024,san_luis_rio_colorado,055,San Luis Río Colorado,,pdf_raw\2023\EE3112202314.pdf,4,52,48
2024,san_miguel_de_horcasitas,056,San Miguel de Horcas itas,,pdf_raw\2023\EE3112202314.pdf,52,64,12
2024,san_pedro_de_la_cueva,057,San Pedro de la Cueva,,pdf_raw\2023\EE3112202314.pdf,64,88,24
2024,onavas,044,Ónavas,,pdf_raw\2023\EE3112202315.pdf,27,58,31
2024,pitiquito,047,Pitiquito,,pdf_raw\2023\EE3112202315.pdf,58,80,22
2024,quiriego,049,Quiriego,,pdf_raw\2023\EE3112202316.pdf,55,67,12
2024,sahuaripa,052,Sahuaripa,,pdf_raw\2023\EE3112202316.pdf,67,80,13
2024,rayon,050,Rayón,,pdf_raw\2023\EE3112202317.pdf,3,29,26
2024,san_felipe_de_jesus,053,San Felipe de Jesús,,pdf_raw\2023\EE3112202317.pdf,29,80,51
2024,santa_cruz,059,Santa Cruz,,pdf_raw\2023\EE3112202318.pdf,9,28,19
2024,saric,060,Sáric,,pdf_raw\2023\EE3112202318.pdf,28,32,4
2024,san_javier,054,San Javier,,pdf_raw\2023\EE3112202318.pdf,32,52,20
2024,soyopa,061,Soyopa,,pdf_raw\2023\EE3112202318.pdf,52,65,13
2024,suaqui_grande,062,Suaqui Grande,,pdf_raw\2023\EE3112202318.pdf,65,77,12
2024,yecora,069,Yécora,,pdf_raw\2023\EE3112202318.pdf,77,88,11
2024,tepache,063,Tepache,,pdf_raw\2023\EE3112202319.pdf,3,24,21
2024,tubutama,065,Tubutama,,pdf_raw\2023\EE3112202319.pdf,24,57,33
2024,villa_hidalgo,067,Villa Hidalgo,,pdf_raw\2023\EE3112202319.pdf,57,77,20
2024,villa_pesqueira,068,Villa Pesqueira,,pdf_raw\2023\EE3112202319.pdf,77,100,23
2024,aconchi,001,Aconchi,,pdf_raw\2023\EE311220232.pdf,1,1,0
2023,aconchi,001,Aconchi,,pdf_raw\2023\EE311220232.pdf,1,88,87
2024,arivechi,005,Arivechi,,pdf_raw\2023\EE311220233.pdf,1,24,23
2024,arizpe,006,Arizpe,,pdf_raw\2023\EE311220233.pdf,24,35,11
2024,atil,007,Átil,,pdf_raw\2023\EE311220233.pdf,35,39,4
2024,alil,,Álil,,pdf_raw\2023\EE311220233.pdf,39,59,20
2024,bacadehuachi,008,BACADEHUACHI,,pdf_raw\2023\EE311220233.pdf,59,72,13
2023,bacanora,009,Bacanora,,pdf_raw\2023\EE311220234.pdf,1,4,3
2024,bacanora,009,Bacanora,,pdf_raw\2023\EE311220234.pdf,4,33,29
2024,bacum,012,Bácum,,pdf_raw\2023\EE311220234.pdf,33,60,27
2024,banamichi,013,Banámichi,,pdf_raw\2023\EE311220234.pdf,60,80,20
2024,benjamin_hill,016,Benjamln Hill,,pdf_raw\2023\EE311220235.pdf,1,23,22
2024,cajeme,018,Cajeme,,pdf_raw\2023\EE311220235.pdf,23,84,61
2024,cucurpe,022,Cucurpe,,pdf_raw\2023\EE311220236.pdf,1,23,22
2024,cumpas,023,Cumpas,,pdf_raw\2023\EE311220236.pdf,23,45,22
2024,carbo,020,Carbo,,pdf_raw\2023\EE311220236.pdf,45,49,4
2024,carba,,Carba,,pdf_raw\2023\EE311220236.pdf,49,68,19
2024,divisaderos,024,Divisaderos,,pdf_raw\2023\EE311220237.pdf,3,32,29
2024,etchojoa,026,Etchojoa,,pdf_raw\2023\EE311220237.pdf,32,88,56
2024,general_plutarco_elias_calles,070,Gral. Plutarco Elías Calles,,pdf_raw\2023\EE311220238.pdf,9,23,14
2024,granados,028,Granados,,pdf_raw\2023\EE311220238.pdf,23,44,21
2024,huasabas,032,Huasabas,,pdf_raw\2023\EE311220238.pdf,44,67,23
2024,magdalena,036,MAGDALENA,,pdf_raw\2023\EE311220238.pdf,67,84,17
2024,guaymas,029,Guaymas,,pdf_raw\2023\EE311220239.pdf,0,96,96
2024,empalme,025,EMPALME,,pdf_raw\2024\2024CCXIV45II.pdf,38,44,6
2025,bacadehuachi,008,BACADÉHUACHI,13,pdf_raw\2024\2024CCXIV53IX.pdf,1,20,19
2025,bavispe,015,BA VISPE,13,pdf_raw\2024\2024CCXIV53IX.pdf,20,30,10
2025,carbo,020,CARBÓ,13,pdf_raw\2024\2024CCXIV53IX.pdf,30,52,22
2025,cucurpe,022,CUCURPE,13,pdf_raw\2024\2024CCXIV53IX.pdf,52,65,13
2025,cumpas,023,CUMPAS,29,pdf_raw\2024\2024CCXIV53IX.pdf,65,80,15
2025,aconchi,001,ACONCHI,09,pdf_raw\2024\2024CCXIV53V.pdf,1,11,10
2025,agua_prieta,002,HEROICA AGUA PRIETA,09,pdf_raw\2024\2024CCXIV53V.pdf,11,60,49
2025,altar,004,ALTAR,09,pdf_raw\2024\2024CCXIV53V.pdf,60,84,24
2025,alamos,003,ÁLAMOS,14,pdf_raw\2024\2024CCXIV53VI.pdf,1,40,39
2025,arivechi,005,ARIVECHI,10,pdf_raw\2024\2024CCXIV53VI.pdf,40,49,9
2025,atil,007,ATIL,12,pdf_raw\2024\2024CCXIV53VI.pdf,49,61,12
2025,bacanora,009,BACANORA,12,pdf_raw\2024\2024CCXIV53VI.pdf,61,76,15
2025,bacerac,010,BACERAC,16,pdf_raw\2024\2024CCXIV53VII.pdf,24,36,12
2025,bacoachi,011,Bacoachi,16,pdf_raw\2024\2024CCXIV53VII.pdf,36,76,40
2025,bacum,012,BÁCUM,22,pdf_raw\2024\2024CCXIV53VIII.pdf,1,42,41
2025,banamichi,013,BANÁMICHI,22,pdf_raw\2024\2024CCXIV53VIII.pdf,42,57,15
2025,benjamin_hill,016,BENJAMIN HILL,22,pdf_raw\2024\2024CCXIV53VIII.pdf,57,84,27
2025,benito_juarez,071,BENITO JUÁREZ,38,pdf_raw\2024\2024CCXIV53X.pdf,1,47,46
2025,divisaderos,024,DIVISAD EROS,38,pdf_raw\2024\2024CCXIV53X.pdf,47,78,31
2025,huasabas,032,HUÁSABAS,38,pdf_raw\2024\2024CCXIV53X.pdf,78,88,10
2025,cajeme,018,CAJEME,45,pdf_raw\2024\2024CCXIV53XI.pdf,1,83,82
2025,nacori_chico,040,NACORI CHICO,45,pdf_raw\2024\2024CCXIV53XI.pdf,83,96,13
2025,etchojoa,026,ETCHOJOA,49,pdf_raw\2024\2024CCXIV53XII.pdf,1,45,44
2025,huepac,034,HUÉPAC,49,pdf_raw\2024\2024CCXIV53XII.pdf,45,78,33
2025,onavas,044,ONA V AS,49,pdf_raw\2024\2024CCXIV53XII.pdf,78,88,10
2025,general_plutarco_elias_calles,070,GRAL. PLUTARCO ELÍAS CALLES,54,pdf_raw\2024\2024CCXIV53XIII.pdf,1,54,53
2025,moctezuma,038,MOCTEZUMA,54,pdf_raw\2024\2024CCXIV53XIII.pdf,54,73,19
2025,quiriego,049,QUIRIEGO,54,pdf_raw\2024\2024CCXIV53XIII.pdf,73,84,11
2025,heroica_guaymas_de_zaragoza,,HEROICA GUAYMAS DE ZARAGOZA,55,pdf_raw\2024\2024CCXIV53XIV.pdf,1,73,72
2025,rayon,050,RAYÓN,55,pdf_raw\2024\2024CCXIV53XIV.pdf,73,84,11
2025,empalme,025,EMPALME,27,pdf_raw\2024\2024CCXIV53XIX.pdf,1,76,75
2025,la_colorada,021,LA COLORADA,27,pdf_raw\2024\2024CCXIV53XIX.pdf,76,88,12
2025,navojoa,042,NA VOJOA,52,pdf_raw\2024\2024CCXIV53XV.pdf,1,60,59
2025,pitiquito,047,PITIQUITO,52,pdf_raw\2024\2024CCXIV53XV.pdf,60,84,24
2025,nogales,043,HEROICA NOGALES,48,pdf_raw\2024\2024CCXIV53XVI.pdf,1,96,95
2025,caborca,017,LA HEROICA CABORCA,41,pdf_raw\2024\2024CCXIV53XVII.pdf,1,48,47
2025,granados,028,GRANADOS,41,pdf_raw\2024\2024CCXIV53XVII.pdf,48,61,13
2025,imuris,035,IMURIS,41,pdf_raw\2024\2024CCXIV53XVII.pdf,61,80,19
2025,cananea,019,HEROICA CANANEA,44,pdf_raw\2024\2024CCXIV53XVIII.pdf,1,88,87
2025,huatabampo,033,HUATABAMPO,56,pdf_raw\2024\2024CCXIV53XX.pdf,1,62,61
2025,oquitoa,046,OQUITOA,56,pdf_raw\2024\2024CCXIV53XX.pdf,62,77,15
2025,rosario,051,ROSARIO,56,pdf_raw\2024\2024CCXIV53XX.pdf,77,88,11
2025,puerto_penasco,048,PUERTO PEÑASCO,65,pdf_raw\2024\2024CCXIV53XXI.pdf,1,66,65
2025,san_felipe_de_jesus,053,SAN FELIPE DE JESUS,65,pdf_raw\2024\2024CCXIV53XXI.pdf,66,75,9
2025,santa_cruz,059,SANTA CRUZ,65,pdf_raw\2024\2024CCXIV53XXI.pdf,75,88,13
2025,trincheras,064,TRINCHERAS,73,pdf_raw\2024\2024CCXIV53XXII.pdf,1,12,11
2025,tubutama,065,TUBUTAMA,73,pdf_raw\2024\2024CCXIV53XXII.pdf,12,27,15
2025,ures,066,URES,73,pdf_raw\2024\2024CCXIV53XXII.pdf,27,51,24
2025,villa_hidalgo,067,VILLA HIDALGO,73,pdf_raw\2024\2024CCXIV53XXII.pdf,51,64,13
2025,santa_ana,058,SANTA ANA,75,pdf_raw\2024\2024CCXIV53XXIII.pdf,1,26,25
2025,saric,060,SARIC,75,pdf_raw\2024\2024CCXIV53XXIII.pdf,26,51,25
2025,villa_pesqueira,068,VILLA PESQUEIRA,75,pdf_raw\2024\2024CCXIV53XXIII.pdf,51,59,8
2025,yecora,069,YÉCORA,75,pdf_raw\2024\2024CCXIV53XXIII.pdf,59,72,13
2025,san_luis_rio_colorado,055,SAN LUIS RÍO COLORADO,69,pdf_raw\2024\2024CCXIV53XXIV.pdf,1,88,87
2025,tepache,063,TEPACHE,249,pdf_raw\2024\2024CCXIV53XXIV.pdf,88,100,12
2025,nacozari_de_garcia,041,NACOZARI DE GARCÍA,63,pdf_raw\2024\2024CCXIV53XXV.pdf,37,64,27
2025,opodepe,045,OPODEPE,63,pdf_raw\2024\2024CCXIV53XXV.pdf,64,72,8
2025,san_pedro_de_la_cueva,057,SAN PEDRO DE LA CUEVA,63,pdf_raw\2024\2024CCXIV53XXV.pdf,72,84,12
2025,sahuaripa,052,SAHUARIPA,67,pdf_raw\2024\2024CCXIV53XXVI.pdf,1,19,18
2025,san_ignacio_rio_muerto,072,SAN IGNACIO RÍO MUERTO,67,pdf_raw\2024\2024CCXIV53XXVI.pdf,19,49,30
2025,san_javier,054,SANJA VIER,67,pdf_raw\2024\2024CCXIV53XXVI.pdf,49,59,10
2025,san_miguel_de_horcasitas,056,SAN MIGUEL DE HORCASITAS,67,pdf_raw\2024\2024CCXIV53XXVI.pdf,59,78,19
2025,soyopa,061,SOYOPA,67,pdf_raw\2024\2024CCXIV53XXVI.pdf,78,88,10
2025,baviacora,014,BAVIÁCORA,,pdf_raw\2024\EE3112202410.pdf,1,40,39
2025,benjamin_hill,016,Benjamín Hill,,pdf_raw\2024\EE3112202410.pdf,40,65,25
2025,cananea,019,Cananea,,pdf_raw\2024\EE3112202410.pdf,65,88,23
2025,puerto_penasco,048,"PUERTO 
PEÑASCO",,pdf_raw\2024\EE3112202411.pdf,81,96,15
2025,carbo,020,Carbo,,pdf_raw\2024\EE3112202412.pdf,38,42,4
2025,carba,,Carba,,pdf_raw\2024\EE3112202412.pdf,42,59,17
2025,cucurpe,022,Cucurpe,,pdf_raw\2024\EE3112202412.pdf,59,88,29
2025,cajeme,018,Cajeme,,pdf_raw\2024\EE3112202413.pdf,0,58,58
2025,navojoa,042,Navojoa,,pdf_raw\2024\EE3112202413.pdf,58,88,30
2025,san_luis_rio_colorado,055,San Luis Río Colorado,,pdf_raw\2024\EE3112202414.pdf,4,39,35
2025,san_miguel_de_horcasitas,056,San Miguel de Horcasttas,,pdf_raw\2024\EE3112202414.pdf,39,60,21
2025,san_pedro_de_la_cueva,057,San Pedro de la Cueva,,pdf_raw\2024\EE3112202414.pdf,60,84,24
2025,empalme,025,Empalme,,pdf_raw\2024\EE3112202415.pdf,0,1,1
2025,cumpas,023,Cumpas,,pdf_raw\2024\EE3112202415.pdf,1,24,23
2025,divisaderos,024,Divisaderos,,pdf_raw\2024\EE3112202415.pdf,24,88,64
2025,guaymas,029,Guaymas,,pdf_raw\2024\EE3112202417.pdf,0,61,61
2025,guay_mas_de_zaragoza,,GUAY MAS DE ZARAGOZA,,pdf_raw\2024\EE3112202417.pdf,61,77,16
2025,rayon,050,Rayón,,pdf_raw\2024\EE3112202417.pdf,77,88,11
2025,santa_cruz,059,Santa Cruz,,pdf_raw\2024\EE3112202418.pdf,1,21,20
2025,saric,060,Sáric,,pdf_raw\2024\EE3112202418.pdf,21,25,4
2025,seric,,Séric,,pdf_raw\2024\EE3112202418.pdf,25,45,20
2025,soyopa,061,Soyopa,,pdf_raw\2024\EE3112202418.pdf,45,58,13
2025,suaqui_grande,062,Suaqui Grande,,pdf_raw\2024\EE3112202418.pdf,58,77,19
2025,trincheras,064,Trincheras,,pdf_raw\2024\EE3112202418.pdf,77,100,23
2025,tepache,063,Tepache,,pdf_raw\2024\EE3112202419.pdf,9,33,24
2025,ures,066,Heroica Ures,,pdf_raw\2024\EE3112202419.pdf,33,44,11
2025,villa_hidalgo,067,Villa Hidalgo,,pdf_raw\2024\EE3112202419.pdf,44,65,21
2025,villa_pesqueira,068,Villa Pesqueira,,pdf_raw\2024\EE3112202419.pdf,65,88,23
2025,aconchi,001,Aconchi,,pdf_raw\2024\EE311220242.pdf,3,67,64
2025,arizpe,006,Arizpe,,pdf_raw\2024\EE311220242.pdf,67,88,21
2025,etchojoa,026,Etchojoa,,pdf_raw\2024\EE3112202420.pdf,3,34,31
2025,granados,028,Granados,,pdf_raw\2024\EE3112202420.pdf,34,57,23
2025,huasabas,032,Huasabas,,pdf_raw\2024\EE3112202420.pdf,57,84,27
2025,sahuaripa,052,Sahuaripa,,pdf_raw\2024\EE3112202421.pdf,3,14,11
2025,san_felipe_de_jesus,053,San Felipe de Jesús,,pdf_raw\2024\EE3112202421.pdf,14,53,39
2025,san_javier,054,San Javier,,pdf_raw\2024\EE3112202421.pdf,53,63,10
2025,yecora,069,Yécora,,pdf_raw\2024\EE3112202421.pdf,63,88,25
2025,onavas,044,Onavas,,pdf_raw\2024\EE311220243.pdf,50,75,25
2025,quiriego,049,Quiriego,,pdf_raw\2024\EE311220243.pdf,75,88,13
2025,opodepe,045,Opodepe,,pdf_raw\2024\EE311220244.pdf,1,20,19
2025,oquitoa,046,Oquitoa,,pdf_raw\2024\EE311220244.pdf,20,40,20
2025,pitiquito,047,Pitiquito,,pdf_raw\2024\EE311220244.pdf,40,61,21
2025,tubutama,065,Tubutama,,pdf_raw\2024\EE311220244.pdf,61,88,27
2025,hermosillo,030,Hermosillo,,pdf_raw\2024\EE311220246.pdf,16,21,5
2025,hennosillo,,Hennosillo,,pdf_raw\2024\EE311220246.pdf,21,52,31
2025,naco,039,Naco,,pdf_raw\2024\EE311220246.pdf,52,76,24
2025,moctezuma,038,Moctezuma,,pdf_raw\2024\EE311220247.pdf,22,42,20
2025,nacori_chico,040,Nácori chico,,pdf_raw\2024\EE311220247.pdf,42,92,50
2025,altar,004,Altar,,pdf_raw\2024\EE311220248.pdf,1,24,23
2025,arivechi,005,Arivechi,,pdf_raw\2024\EE311220248.pdf,24,44,20
2025,atil,007,Átil,,pdf_raw\2024\EE311220248.pdf,44,65,21
2025,bacanora,009,Bacanora,,pdf_raw\2024\EE311220248.pdf,65,88,23
2025,bacadehuachi,008,BACADEHUACHI,,pdf_raw\2024\EE311220249.pdf,4,63,59
2025,banamichi,013,Banámichi,,pdf_raw\2024\EE311220249.pdf,63,84,21
