municipio,municipio_slug,ejercicio,doc_id,ley_lines,predial_lines,predial_chars,status,predial_articulo,parts
Amealco de Bonfil,amealco_de_bonfil,2010,2009/QRO_RAW_20091295,227-2712,468-490,793,ok,11,QRO_RAW_20091295-01.pdf;QRO_RAW_20091295-02.pdf;QRO_RAW_20091295-03.pdf;QRO_RAW_20091295-04.pdf
Amealco de Bonfil,amealco_de_bonfil,2010,2009/QRO_RAW_20091295,2713-2816,,0,no_predial_found,,
Arroyo Seco,arroyo_seco,2010,2009/QRO_RAW_20091295,2817-4731,3057-4580,40852,ok,11,QRO_RAW_20091295-01.pdf;QRO_RAW_20091295-02.pdf;QRO_RAW_20091295-03.pdf;QRO_RAW_20091295-04.pdf
Arroyo Seco,arroyo_seco,2010,2009/QRO_RAW_20091295,4732-4839,,0,no_predial_found,,
Cadereyta de Montes,cadereyta_de_montes,2010,2009/QRO_RAW_20091295,4840-7647,5086-5108,792,ok,11,QRO_RAW_20091295-01.pdf;QRO_RAW_20091295-02.pdf;QRO_RAW_20091295-03.pdf;QRO_RAW_20091295-04.pdf
Cadereyta de Montes,cadereyta_de_montes,2010,2009/QRO_RAW_20091295,7648-7756,,0,no_predial_found,,
Colon,colon,2010,2009/QRO_RAW_20091295,7757-10732,7987-10732,72441,ok,11,QRO_RAW_20091295-01.pdf;QRO_RAW_20091295-02.pdf;QRO_RAW_20091295-03.pdf;QRO_RAW_20091295-04.pdf
Colon,colon,2010,2009/QRO_RAW_20091295,10733-10839,,0,no_predial_found,,
Corregidora,corregidora,2010,2009/QRO_RAW_20091295,10840-16061,11083-11105,783,ok,11,QRO_RAW_20091295-01.pdf;QRO_RAW_20091295-02.pdf;QRO_RAW_20091295-03.pdf;QRO_RAW_20091295-04.pdf
Corregidora,corregidora,2010,2009/QRO_RAW_20091295,16062-16174,,0,no_predial_found,,
El Marqués,el_marques,2010,2009/QRO_RAW_20091295,16175-21215,16417-16443,842,ok,11,QRO_RAW_20091295-01.pdf;QRO_RAW_20091295-02.pdf;QRO_RAW_20091295-03.pdf;QRO_RAW_20091295-04.pdf
El Marqués,el_marques,2010,2009/QRO_RAW_20091295,21216-21317,,0,no_predial_found,,
Ezequiel Montes,ezequiel_montes,2010,2009/QRO_RAW_20091295,21318-23998,21566-21588,799,ok,11,QRO_RAW_20091295-01.pdf;QRO_RAW_20091295-02.pdf;QRO_RAW_20091295-03.pdf;QRO_RAW_20091295-04.pdf
Ezequiel Montes,ezequiel_montes,2010,2009/QRO_RAW_20091295,23999-24108,,0,no_predial_found,,
Huimilpan,huimilpan,2010,2009/QRO_RAW_20091295,24109-27872,24355-24377,782,ok,11,QRO_RAW_20091295-01.pdf;QRO_RAW_20091295-02.pdf;QRO_RAW_20091295-03.pdf;QRO_RAW_20091295-04.pdf
Huimilpan,huimilpan,2010,2009/QRO_RAW_20091295,27873-27976,,0,no_predial_found,,
Jalpan de Serra,jalpan_de_serra,2010,2009/QRO_RAW_20091295,27977-30774,28210-28235,865,ok,11,QRO_RAW_20091295-01.pdf;QRO_RAW_20091295-02.pdf;QRO_RAW_20091295-03.pdf;QRO_RAW_20091295-04.pdf
Jalpan de Serra,jalpan_de_serra,2010,2009/QRO_RAW_20091295,30775-30882,,0,no_predial_found,,
Landa de Matamoros,landa_de_matamoros,2010,2009/QRO_RAW_20091295,30883-33844,31181-31202,782,ok,11,QRO_RAW_20091295-01.pdf;QRO_RAW_20091295-02.pdf;QRO_RAW_20091295-03.pdf;QRO_RAW_20091295-04.pdf
Landa de Matamoros,landa_de_matamoros,2010,2009/QRO_RAW_20091295,33845-33948,,0,no_predial_found,,
Pedro Escobedo,pedro_escobedo,2010,2009/QRO_RAW_20091295,33949-37218,34226-34260,802,ok,11,QRO_RAW_20091295-01.pdf;QRO_RAW_20091295-02.pdf;QRO_RAW_20091295-03.pdf;QRO_RAW_20091295-04.pdf
Pedro Escobedo,pedro_escobedo,2010,2009/QRO_RAW_20091295,37219-37310,,0,no_predial_found,,
Peñamiller,penamiller,2010,2009/QRO_RAW_20091295,37311-39834,37551-37573,780,ok,11,QRO_RAW_20091295-01.pdf;QRO_RAW_20091295-02.pdf;QRO_RAW_20091295-03.pdf;QRO_RAW_20091295-04.pdf
Peñamiller,penamiller,2010,2009/QRO_RAW_20091295,39835-39935,,0,no_predial_found,,
Pinal de Amoles,pinal_de_amoles,2010,2009/QRO_RAW_20091295,39936-43260,40211-40239,793,ok,11,QRO_RAW_20091295-01.pdf;QRO_RAW_20091295-02.pdf;QRO_RAW_20091295-03.pdf;QRO_RAW_20091295-04.pdf
Pinal de Amoles,pinal_de_amoles,2010,2009/QRO_RAW_20091295,43261-43359,,0,no_predial_found,,
Querétaro,queretaro,2010,2009/QRO_RAW_20091295,43360-49020,43592-43632,1691,ok,11,QRO_RAW_20091295-01.pdf;QRO_RAW_20091295-02.pdf;QRO_RAW_20091295-03.pdf;QRO_RAW_20091295-04.pdf
Querétaro,queretaro,2010,2009/QRO_RAW_20091295,49021-49117,,0,no_predial_found,,
San Joaquin,san_joaquin,2010,2009/QRO_RAW_20091295,49118-51573,49361-49384,781,ok,11,QRO_RAW_20091295-01.pdf;QRO_RAW_20091295-02.pdf;QRO_RAW_20091295-03.pdf;QRO_RAW_20091295-04.pdf
San Joaquin,san_joaquin,2010,2009/QRO_RAW_20091295,51574-51676,,0,no_predial_found,,
San Juan del Rio,san_juan_del_rio,2010,2009/QRO_RAW_20091295,51677-59333,,0,no_predial_found,,
San Juan del Rio,san_juan_del_rio,2010,2009/QRO_RAW_20091295,59334-59435,,0,no_predial_found,,
Tequisquiapan,tequisquiapan,2010,2009/QRO_RAW_20091295,59436-62407,59667-59690,796,ok,11,QRO_RAW_20091295-01.pdf;QRO_RAW_20091295-02.pdf;QRO_RAW_20091295-03.pdf;QRO_RAW_20091295-04.pdf
Tequisquiapan,tequisquiapan,2010,2009/QRO_RAW_20091295,62408-62508,,0,no_predial_found,,
Toliman,toliman,2010,2009/QRO_RAW_20091295,62509-69454,62740-62763,783,ok,11,QRO_RAW_20091295-01.pdf;QRO_RAW_20091295-02.pdf;QRO_RAW_20091295-03.pdf;QRO_RAW_20091295-04.pdf
Amealco de Bonfil,amealco_de_bonfil,2011,2010/QRO_RAW_20101272,197-3785,506-561,1845,ok,14,QRO_RAW_20101272-01.pdf;QRO_RAW_20101272-02.pdf;QRO_RAW_20101272-03.pdf;QRO_RAW_20101272-04.pdf
Arroyo Seco,arroyo_seco,2011,2010/QRO_RAW_20101272,3786-7489,4082-4131,1844,ok,14,QRO_RAW_20101272-01.pdf;QRO_RAW_20101272-02.pdf;QRO_RAW_20101272-03.pdf;QRO_RAW_20101272-04.pdf
Cadereyta de Montes,cadereyta_de_montes,2011,2010/QRO_RAW_20101272,7490-11357,7817-7863,1815,ok,14,QRO_RAW_20101272-01.pdf;QRO_RAW_20101272-02.pdf;QRO_RAW_20101272-03.pdf;QRO_RAW_20101272-04.pdf
Colon,colon,2011,2010/QRO_RAW_20101272,11358-15368,11639-15080,82149,ok,14,QRO_RAW_20101272-01.pdf;QRO_RAW_20101272-02.pdf;QRO_RAW_20101272-03.pdf;QRO_RAW_20101272-04.pdf
Corregidora,corregidora,2011,2010/QRO_RAW_20101272,15369-22045,15734-15781,1832,ok,14,QRO_RAW_20101272-01.pdf;QRO_RAW_20101272-02.pdf;QRO_RAW_20101272-03.pdf;QRO_RAW_20101272-04.pdf
Corregidora,corregidora,2011,2010/QRO_RAW_20101272,22046-22200,,0,no_predial_found,,
El Marqués,el_marques,2011,2010/QRO_RAW_20101272,22201-27893,22489-22526,1760,ok,14,QRO_RAW_20101272-01.pdf;QRO_RAW_20101272-02.pdf;QRO_RAW_20101272-03.pdf;QRO_RAW_20101272-04.pdf
Ezequiel Montes,ezequiel_montes,2011,2010/QRO_RAW_20101272,27894-31010,28178-28215,1746,ok,14,QRO_RAW_20101272-01.pdf;QRO_RAW_20101272-02.pdf;QRO_RAW_20101272-03.pdf;QRO_RAW_20101272-04.pdf
Huimilpan,huimilpan,2011,2010/QRO_RAW_20101272,31011-35150,31354-31412,1831,ok,14,QRO_RAW_20101272-01.pdf;QRO_RAW_20101272-02.pdf;QRO_RAW_20101272-03.pdf;QRO_RAW_20101272-04.pdf
Jalpan de Serra,jalpan_de_serra,2011,2010/QRO_RAW_20101272,35151-45000,35721-35819,1912,ok,14,QRO_RAW_20101272-01.pdf;QRO_RAW_20101272-02.pdf;QRO_RAW_20101272-03.pdf;QRO_RAW_20101272-04.pdf
Landa de Matamoros,landa_de_matamoros,2011,2010/QRO_RAW_20101272,45001-49346,45361-45417,1787,ok,14,QRO_RAW_20101272-01.pdf;QRO_RAW_20101272-02.pdf;QRO_RAW_20101272-03.pdf;QRO_RAW_20101272-04.pdf
Pedro Escobedo,pedro_escobedo,2011,2010/QRO_RAW_20101272,49347-52722,49690-49730,1810,ok,14,QRO_RAW_20101272-01.pdf;QRO_RAW_20101272-02.pdf;QRO_RAW_20101272-03.pdf;QRO_RAW_20101272-04.pdf
Peñamiller,penamiller,2011,2010/QRO_RAW_20101272,52723-56683,53056-53112,1829,ok,14,QRO_RAW_20101272-01.pdf;QRO_RAW_20101272-02.pdf;QRO_RAW_20101272-03.pdf;QRO_RAW_20101272-04.pdf
Pinal de Amoles,pinal_de_amoles,2011,2010/QRO_RAW_20101272,56684-60691,57028-57084,1846,ok,14,QRO_RAW_20101272-01.pdf;QRO_RAW_20101272-02.pdf;QRO_RAW_20101272-03.pdf;QRO_RAW_20101272-04.pdf
Querétaro,queretaro,2011,2010/QRO_RAW_20101272,60692-66076,61019-61062,2077,ok,18,QRO_RAW_20101272-01.pdf;QRO_RAW_20101272-02.pdf;QRO_RAW_20101272-03.pdf;QRO_RAW_20101272-04.pdf
San Joaquin,san_joaquin,2011,2010/QRO_RAW_20101272,66077-69874,66413-66470,1847,ok,14,QRO_RAW_20101272-01.pdf;QRO_RAW_20101272-02.pdf;QRO_RAW_20101272-03.pdf;QRO_RAW_20101272-04.pdf
San Juan del Rio,san_juan_del_rio,2011,2010/QRO_RAW_20101272,69875-78613,70162-70208,2063,ok,14,QRO_RAW_20101272-01.pdf;QRO_RAW_20101272-02.pdf;QRO_RAW_20101272-03.pdf;QRO_RAW_20101272-04.pdf
Tequisquiapan,tequisquiapan,2011,2010/QRO_RAW_20101272,78614-82328,78928-78975,1777,ok,14,QRO_RAW_20101272-01.pdf;QRO_RAW_20101272-02.pdf;QRO_RAW_20101272-03.pdf;QRO_RAW_20101272-04.pdf
Toliman,toliman,2011,2010/QRO_RAW_20101272,82329-86304,82682-82737,1849,ok,14,QRO_RAW_20101272-01.pdf;QRO_RAW_20101272-02.pdf;QRO_RAW_20101272-03.pdf;QRO_RAW_20101272-04.pdf
Amealco de Bonfil,amealco_de_bonfil,2012,2011/QRO_RAW_20111270,237-3021,563-604,1924,ok,14,QRO_RAW_20111270-01.pdf;QRO_RAW_20111270-02.pdf;QRO_RAW_20111270-03.pdf
Arroyo Seco,arroyo_seco,2012,2011/QRO_RAW_20111270,3022-5412,3336-3380,1914,ok,14,QRO_RAW_20111270-01.pdf;QRO_RAW_20111270-02.pdf;QRO_RAW_20111270-03.pdf
Cadereyta de Montes,cadereyta_de_montes,2012,2011/QRO_RAW_20111270,5413-8019,5733-5775,1911,ok,14,QRO_RAW_20111270-01.pdf;QRO_RAW_20111270-02.pdf;QRO_RAW_20111270-03.pdf
Colon,colon,2012,2011/QRO_RAW_20111270,8020-11735,8330-11511,87086,ok,14,QRO_RAW_20111270-01.pdf;QRO_RAW_20111270-02.pdf;QRO_RAW_20111270-03.pdf
Corregidora,corregidora,2012,2011/QRO_RAW_20111270,11736-16787,12085-12127,1858,ok,14,QRO_RAW_20111270-01.pdf;QRO_RAW_20111270-02.pdf;QRO_RAW_20111270-03.pdf
El Marqués,el_marques,2012,2011/QRO_RAW_20111270,16788-21696,17108-17151,1901,ok,14,QRO_RAW_20111270-01.pdf;QRO_RAW_20111270-02.pdf;QRO_RAW_20111270-03.pdf
Ezequiel Montes,ezequiel_montes,2012,2011/QRO_RAW_20111270,21697-24390,22023-22068,1920,ok,14,QRO_RAW_20111270-01.pdf;QRO_RAW_20111270-02.pdf;QRO_RAW_20111270-03.pdf
Huimilpan,huimilpan,2012,2011/QRO_RAW_20111270,24391-27159,24706-24750,1916,ok,14,QRO_RAW_20111270-01.pdf;QRO_RAW_20111270-02.pdf;QRO_RAW_20111270-03.pdf
Jalpan de Serra,jalpan_de_serra,2012,2011/QRO_RAW_20111270,27160-31019,27572-27606,1744,ok,14,QRO_RAW_20111270-01.pdf;QRO_RAW_20111270-02.pdf;QRO_RAW_20111270-03.pdf
Landa de Matamoros,landa_de_matamoros,2012,2011/QRO_RAW_20111270,31020-33687,31346-31391,1913,ok,14,QRO_RAW_20111270-01.pdf;QRO_RAW_20111270-02.pdf;QRO_RAW_20111270-03.pdf
Pedro Escobedo,pedro_escobedo,2012,2011/QRO_RAW_20111270,33688-36254,34005-34049,1915,ok,14,QRO_RAW_20111270-01.pdf;QRO_RAW_20111270-02.pdf;QRO_RAW_20111270-03.pdf
Peñamiller,penamiller,2012,2011/QRO_RAW_20111270,36255-38634,36571-36615,1916,ok,14,QRO_RAW_20111270-01.pdf;QRO_RAW_20111270-02.pdf;QRO_RAW_20111270-03.pdf
Pinal de Amoles,pinal_de_amoles,2012,2011/QRO_RAW_20111270,38635-41150,38949-38993,1910,ok,14,QRO_RAW_20111270-01.pdf;QRO_RAW_20111270-02.pdf;QRO_RAW_20111270-03.pdf
Querétaro,queretaro,2012,2011/QRO_RAW_20111270,41151-46099,41273-41326,2223,ok,15,QRO_RAW_20111270-01.pdf;QRO_RAW_20111270-02.pdf;QRO_RAW_20111270-03.pdf
San Joaquin,san_joaquin,2012,2011/QRO_RAW_20111270,46100-48498,46408-46452,1909,ok,14,QRO_RAW_20111270-01.pdf;QRO_RAW_20111270-02.pdf;QRO_RAW_20111270-03.pdf
San Juan del Rio,san_juan_del_rio,2012,2011/QRO_RAW_20111270,48499-56732,48883-48929,2201,ok,14,QRO_RAW_20111270-01.pdf;QRO_RAW_20111270-02.pdf;QRO_RAW_20111270-03.pdf
Tequisquiapan,tequisquiapan,2012,2011/QRO_RAW_20111270,56733-60033,57123-57161,1861,ok,14,QRO_RAW_20111270-01.pdf;QRO_RAW_20111270-02.pdf;QRO_RAW_20111270-03.pdf
Toliman,toliman,2012,2011/QRO_RAW_20111270,60034-65886,60380-60434,1931,ok,14,QRO_RAW_20111270-01.pdf;QRO_RAW_20111270-02.pdf;QRO_RAW_20111270-03.pdf
Amealco de Bonfil,amealco_de_bonfil,2013,2012/QRO_RAW_20121278,229-3413,583-627,1924,ok,13,QRO_RAW_20121278-01.pdf;QRO_RAW_20121278-02.pdf
Arroyo Seco,arroyo_seco,2013,2012/QRO_RAW_20121278,3414-5403,3699-3777,2644,ok,13,QRO_RAW_20121278-01.pdf;QRO_RAW_20121278-02.pdf
Cadereyta de Montes,cadereyta_de_montes,2013,2012/QRO_RAW_20121278,5404-7882,5737-5784,1920,ok,13,QRO_RAW_20121278-01.pdf;QRO_RAW_20121278-02.pdf
Cadereyta de Montes,cadereyta_de_montes,2013,2012/QRO_RAW_20121278,7883-8024,,0,no_predial_found,,
Colon,colon,2013,2012/QRO_RAW_20121278,8025-11885,8356-11662,78581,ok,13,QRO_RAW_20121278-01.pdf;QRO_RAW_20121278-02.pdf
Corregidora,corregidora,2013,2012/QRO_RAW_20121278,11886-17830,12268-12292,918,ok,13,QRO_RAW_20121278-01.pdf;QRO_RAW_20121278-02.pdf
Corregidora,corregidora,2013,2012/QRO_RAW_20121278,17831-17970,,0,no_predial_found,,
El Marqués,el_marques,2013,2012/QRO_RAW_20121278,17971-23661,18331-23585,143917,ok,13,QRO_RAW_20121278-01.pdf;QRO_RAW_20121278-02.pdf
El Marqués,el_marques,2013,2012/QRO_RAW_20121278,23662-23803,,0,no_predial_found,,
Ezequiel Montes,ezequiel_montes,2013,2012/QRO_RAW_20121278,23804-26741,24133-24173,1859,ok,13,QRO_RAW_20121278-01.pdf;QRO_RAW_20121278-02.pdf
Huimilpan,huimilpan,2013,2012/QRO_RAW_20121278,26742-29026,27045-27092,1921,ok,13,QRO_RAW_20121278-01.pdf;QRO_RAW_20121278-02.pdf
Huimilpan,huimilpan,2013,2012/QRO_RAW_20121278,29027-29180,,0,no_predial_found,,
Jalpan de Serra,jalpan_de_serra,2013,2012/QRO_RAW_20121278,29181-33075,29571-29609,1836,ok,13,QRO_RAW_20121278-01.pdf;QRO_RAW_20121278-02.pdf
Jalpan de Serra,jalpan_de_serra,2013,2012/QRO_RAW_20121278,33076-33219,,0,no_predial_found,,
Landa de Matamoros,landa_de_matamoros,2013,2012/QRO_RAW_20121278,33220-35987,33518-33564,1917,ok,13,QRO_RAW_20121278-01.pdf;QRO_RAW_20121278-02.pdf
Pedro Escobedo,pedro_escobedo,2013,2012/QRO_RAW_20121278,35988-38788,36350-36391,1856,ok,13,QRO_RAW_20121278-01.pdf;QRO_RAW_20121278-02.pdf
Pedro Escobedo,pedro_escobedo,2013,2012/QRO_RAW_20121278,38789-38933,,0,no_predial_found,,
Peñamiller,penamiller,2013,2012/QRO_RAW_20121278,38934-40706,39251-39297,1918,ok,13,QRO_RAW_20121278-01.pdf;QRO_RAW_20121278-02.pdf
Peñamiller,penamiller,2013,2012/QRO_RAW_20121278,40707-40852,,0,no_predial_found,,
Pinal de Amoles,pinal_de_amoles,2013,2012/QRO_RAW_20121278,40853-43613,41172-41216,1913,ok,13,QRO_RAW_20121278-01.pdf;QRO_RAW_20121278-02.pdf
Pinal de Amoles,pinal_de_amoles,2013,2012/QRO_RAW_20121278,43614-43754,,0,no_predial_found,,
Querétaro,queretaro,2013,2012/QRO_RAW_20121278,43755-50150,44084-44140,2413,ok,15,QRO_RAW_20121278-01.pdf;QRO_RAW_20121278-02.pdf
Querétaro,queretaro,2013,2012/QRO_RAW_20121278,50151-50296,,0,no_predial_found,,
San Joaquin,san_joaquin,2013,2012/QRO_RAW_20121278,50297-52582,50611-50656,1915,ok,13,QRO_RAW_20121278-01.pdf;QRO_RAW_20121278-02.pdf
San Juan del Rio,san_juan_del_rio,2013,2012/QRO_RAW_20121278,52583-61050,52972-53023,2218,ok,13,QRO_RAW_20121278-01.pdf;QRO_RAW_20121278-02.pdf
San Juan del Rio,san_juan_del_rio,2013,2012/QRO_RAW_20121278,61051-61191,,0,no_predial_found,,
Tequisquiapan,tequisquiapan,2013,2012/QRO_RAW_20121278,61192-63867,61526-61571,1909,ok,13,QRO_RAW_20121278-01.pdf;QRO_RAW_20121278-02.pdf
Tequisquiapan,tequisquiapan,2013,2012/QRO_RAW_20121278,63868-64013,,0,no_predial_found,,
Toliman,toliman,2013,2012/QRO_RAW_20121278,64014-65984,64327-64374,1919,ok,13,QRO_RAW_20121278-01.pdf;QRO_RAW_20121278-02.pdf
Toliman,toliman,2013,2012/QRO_RAW_20121278,65985-66286,,0,no_predial_found,,
Querétaro,queretaro,2014,2013/QRO_RAW_20131266,35-36,,0,no_predial_found,,
San Joaquin,san_joaquin,2014,2013/QRO_RAW_20131266,37-38,,0,no_predial_found,,
San Juan del Rio,san_juan_del_rio,2014,2013/QRO_RAW_20131266,39-40,,0,no_predial_found,,
Tequisquiapan,tequisquiapan,2014,2013/QRO_RAW_20131266,41-42,,0,no_predial_found,,
Toliman,toliman,2014,2013/QRO_RAW_20131266,43-188,,0,no_predial_found,,
Amealco de Bonfil,amealco_de_bonfil,2014,2013/QRO_RAW_20131266,189-3319,593-635,2177,ok,13,QRO_RAW_20131266-01.pdf;QRO_RAW_20131266-02.pdf
Amealco de Bonfil,amealco_de_bonfil,2014,2013/QRO_RAW_20131266,3320-3455,,0,no_predial_found,,
Arroyo Seco,arroyo_seco,2014,2013/QRO_RAW_20131266,3456-6116,3835-3885,2277,ok,13,QRO_RAW_20131266-01.pdf;QRO_RAW_20131266-02.pdf
Arroyo Seco,arroyo_seco,2014,2013/QRO_RAW_20131266,6117-6261,,0,no_predial_found,,
Cadereyta de Montes,cadereyta_de_montes,2014,2013/QRO_RAW_20131266,6262-8927,6635-6685,2279,ok,13,QRO_RAW_20131266-01.pdf;QRO_RAW_20131266-02.pdf
Cadereyta de Montes,cadereyta_de_montes,2014,2013/QRO_RAW_20131266,8928-9064,,0,no_predial_found,,
Colon,colon,2014,2013/QRO_RAW_20131266,9065-13588,9395-9434,1852,ok,13,QRO_RAW_20131266-01.pdf;QRO_RAW_20131266-02.pdf
Corregidora,corregidora,2014,2013/QRO_RAW_20131266,13589-20599,13996-14177,4912,ok,13,QRO_RAW_20131266-01.pdf;QRO_RAW_20131266-02.pdf
El Marqués,el_marques,2014,2013/QRO_RAW_20131266,20600-25453,20941-25317,135063,ok,13,QRO_RAW_20131266-01.pdf;QRO_RAW_20131266-02.pdf
El Marqués,el_marques,2014,2013/QRO_RAW_20131266,25454-25590,,0,no_predial_found,,
Ezequiel Montes,ezequiel_montes,2014,2013/QRO_RAW_20131266,25591-28637,25957-26003,1959,ok,13,QRO_RAW_20131266-01.pdf;QRO_RAW_20131266-02.pdf
Ezequiel Montes,ezequiel_montes,2014,2013/QRO_RAW_20131266,28638-28775,,0,no_predial_found,,
Huimilpan,huimilpan,2014,2013/QRO_RAW_20131266,28776-31804,29138-29188,2279,ok,13,QRO_RAW_20131266-01.pdf;QRO_RAW_20131266-02.pdf
Huimilpan,huimilpan,2014,2013/QRO_RAW_20131266,31805-31947,,0,no_predial_found,,
Jalpan de Serra,jalpan_de_serra,2014,2013/QRO_RAW_20131266,31948-36357,32342-32390,2271,ok,13,QRO_RAW_20131266-01.pdf;QRO_RAW_20131266-02.pdf
Jalpan de Serra,jalpan_de_serra,2014,2013/QRO_RAW_20131266,36358-36500,,0,no_predial_found,,
Landa de Matamoros,landa_de_matamoros,2014,2013/QRO_RAW_20131266,36501-39785,36815-36858,2212,ok,13,QRO_RAW_20131266-01.pdf;QRO_RAW_20131266-02.pdf
Landa de Matamoros,landa_de_matamoros,2014,2013/QRO_RAW_20131266,39786-39932,,0,no_predial_found,,
Pedro Escobedo,pedro_escobedo,2014,2013/QRO_RAW_20131266,39933-43525,40241-40291,2266,ok,13,QRO_RAW_20131266-01.pdf;QRO_RAW_20131266-02.pdf
Pedro Escobedo,pedro_escobedo,2014,2013/QRO_RAW_20131266,43526-43665,,0,no_predial_found,,
Peñamiller,penamiller,2014,2013/QRO_RAW_20131266,43666-47177,43977-44027,2267,ok,13,QRO_RAW_20131266-01.pdf;QRO_RAW_20131266-02.pdf
Peñamiller,penamiller,2014,2013/QRO_RAW_20131266,47178-47324,,0,no_predial_found,,
Pinal de Amoles,pinal_de_amoles,2014,2013/QRO_RAW_20131266,47325-50347,47698-47748,2275,ok,13,QRO_RAW_20131266-01.pdf;QRO_RAW_20131266-02.pdf
Pinal de Amoles,pinal_de_amoles,2014,2013/QRO_RAW_20131266,50348-50482,,0,no_predial_found,,
Querétaro,queretaro,2014,2013/QRO_RAW_20131266,50483-56914,50903-50936,1453,ok,15,QRO_RAW_20131266-01.pdf;QRO_RAW_20131266-02.pdf
Querétaro,queretaro,2014,2013/QRO_RAW_20131266,56915-57059,,0,no_predial_found,,
San Joaquin,san_joaquin,2014,2013/QRO_RAW_20131266,57060-60581,57431-57477,2218,ok,13,QRO_RAW_20131266-01.pdf;QRO_RAW_20131266-02.pdf
San Joaquin,san_joaquin,2014,2013/QRO_RAW_20131266,60582-60734,,0,no_predial_found,,
San Juan del Rio,san_juan_del_rio,2014,2013/QRO_RAW_20131266,60735-69163,61121-61160,1843,ok,13,QRO_RAW_20131266-01.pdf;QRO_RAW_20131266-02.pdf
San Juan del Rio,san_juan_del_rio,2014,2013/QRO_RAW_20131266,69164-69297,,0,no_predial_found,,
Tequisquiapan,tequisquiapan,2014,2013/QRO_RAW_20131266,69298-73618,69709-69753,2096,ok,13,QRO_RAW_20131266-01.pdf;QRO_RAW_20131266-02.pdf
Tequisquiapan,tequisquiapan,2014,2013/QRO_RAW_20131266,73619-73755,,0,no_predial_found,,
Toliman,toliman,2014,2013/QRO_RAW_20131266,73756-78677,74082-74121,1857,ok,13,QRO_RAW_20131266-01.pdf;QRO_RAW_20131266-02.pdf
Corregidora,corregidora,2015,2014/QRO_RAW_20141278,14-15,,0,no_predial_found,,
El Marqués,el_marques,2015,2014/QRO_RAW_20141278,16-17,,0,no_predial_found,,
Ezequiel Montes,ezequiel_montes,2015,2014/QRO_RAW_20141278,18-19,,0,no_predial_found,,
Huimilpan,huimilpan,2015,2014/QRO_RAW_20141278,20-21,,0,no_predial_found,,
Jalpan de Serra,jalpan_de_serra,2015,2014/QRO_RAW_20141278,22-23,,0,no_predial_found,,
Landa de Matamoros,landa_de_matamoros,2015,2014/QRO_RAW_20141278,24-25,,0,no_predial_found,,
Pedro Escobedo,pedro_escobedo,2015,2014/QRO_RAW_20141278,26-27,,0,no_predial_found,,
Peñamiller,penamiller,2015,2014/QRO_RAW_20141278,28-29,,0,no_predial_found,,
Pinal de Amoles,pinal_de_amoles,2015,2014/QRO_RAW_20141278,30-31,,0,no_predial_found,,
Querétaro,queretaro,2015,2014/QRO_RAW_20141278,32-33,,0,no_predial_found,,
San Joaquin,san_joaquin,2015,2014/QRO_RAW_20141278,34-35,,0,no_predial_found,,
San Juan del Rio,san_juan_del_rio,2015,2014/QRO_RAW_20141278,36-37,,0,no_predial_found,,
Tequisquiapan,tequisquiapan,2015,2014/QRO_RAW_20141278,38-39,,0,no_predial_found,,
Toliman,toliman,2015,2014/QRO_RAW_20141278,40-167,,0,no_predial_found,,
Amealco de Bonfil,amealco_de_bonfil,2015,2014/QRO_RAW_20141278,168-3305,536-582,2281,ok,13,QRO_RAW_20141278-01.pdf;QRO_RAW_20141278-02.pdf;QRO_RAW_20141278-03.pdf
Amealco de Bonfil,amealco_de_bonfil,2015,2014/QRO_RAW_20141278,3306-3401,,0,no_predial_found,,
Arroyo Seco,arroyo_seco,2015,2014/QRO_RAW_20141278,3402-6059,3786-3840,2476,ok,13,QRO_RAW_20141278-01.pdf;QRO_RAW_20141278-02.pdf;QRO_RAW_20141278-03.pdf
Arroyo Seco,arroyo_seco,2015,2014/QRO_RAW_20141278,6060-6160,,0,no_predial_found,,
Cadereyta de Montes,cadereyta_de_montes,2015,2014/QRO_RAW_20141278,6161-9313,6532-6575,2219,ok,13,QRO_RAW_20141278-01.pdf;QRO_RAW_20141278-02.pdf;QRO_RAW_20141278-03.pdf
Colon,colon,2015,2014/QRO_RAW_20141278,9314-15462,9675-13622,112880,ok,13,QRO_RAW_20141278-01.pdf;QRO_RAW_20141278-02.pdf;QRO_RAW_20141278-03.pdf
Corregidora,corregidora,2015,2014/QRO_RAW_20141278,15463-22723,15876-16099,7932,ok,13,QRO_RAW_20141278-01.pdf;QRO_RAW_20141278-02.pdf;QRO_RAW_20141278-03.pdf
El Marqués,el_marques,2015,2014/QRO_RAW_20141278,22724-27591,,0,no_predial_found,,
El Marqués,el_marques,2015,2014/QRO_RAW_20141278,27592-27690,,0,no_predial_found,,
Ezequiel Montes,ezequiel_montes,2015,2014/QRO_RAW_20141278,27691-30859,28063-28104,1896,ok,13,QRO_RAW_20141278-01.pdf;QRO_RAW_20141278-02.pdf;QRO_RAW_20141278-03.pdf
Ezequiel Montes,ezequiel_montes,2015,2014/QRO_RAW_20141278,30860-30960,,0,no_predial_found,,
Huimilpan,huimilpan,2015,2014/QRO_RAW_20141278,30961-34470,31332-31381,2287,ok,13,QRO_RAW_20141278-01.pdf;QRO_RAW_20141278-02.pdf;QRO_RAW_20141278-03.pdf
Huimilpan,huimilpan,2015,2014/QRO_RAW_20141278,34471-34576,,0,no_predial_found,,
Jalpan de Serra,jalpan_de_serra,2015,2014/QRO_RAW_20141278,34577-40117,34956-35002,2216,ok,13,QRO_RAW_20141278-01.pdf;QRO_RAW_20141278-02.pdf;QRO_RAW_20141278-03.pdf
Jalpan de Serra,jalpan_de_serra,2015,2014/QRO_RAW_20141278,40118-40218,,0,no_predial_found,,
Landa de Matamoros,landa_de_matamoros,2015,2014/QRO_RAW_20141278,40219-43503,40528-40579,2279,ok,13,QRO_RAW_20141278-01.pdf;QRO_RAW_20141278-02.pdf;QRO_RAW_20141278-03.pdf
Landa de Matamoros,landa_de_matamoros,2015,2014/QRO_RAW_20141278,43504-43604,,0,no_predial_found,,
Pedro Escobedo,pedro_escobedo,2015,2014/QRO_RAW_20141278,43605-48072,43992-44033,2201,ok,13,QRO_RAW_20141278-01.pdf;QRO_RAW_20141278-02.pdf;QRO_RAW_20141278-03.pdf
Pedro Escobedo,pedro_escobedo,2015,2014/QRO_RAW_20141278,48073-48176,,0,no_predial_found,,
Peñamiller,penamiller,2015,2014/QRO_RAW_20141278,48177-51471,48487-48535,2265,ok,13,QRO_RAW_20141278-01.pdf;QRO_RAW_20141278-02.pdf;QRO_RAW_20141278-03.pdf
Peñamiller,penamiller,2015,2014/QRO_RAW_20141278,51472-51573,,0,no_predial_found,,
Pinal de Amoles,pinal_de_amoles,2015,2014/QRO_RAW_20141278,51574-54464,51974-52027,2280,ok,13,QRO_RAW_20141278-01.pdf;QRO_RAW_20141278-02.pdf;QRO_RAW_20141278-03.pdf
Pinal de Amoles,pinal_de_amoles,2015,2014/QRO_RAW_20141278,54465-54579,,0,no_predial_found,,
Querétaro,queretaro,2015,2014/QRO_RAW_20141278,54580-61530,54993-55026,1445,ok,15,QRO_RAW_20141278-01.pdf;QRO_RAW_20141278-02.pdf;QRO_RAW_20141278-03.pdf
Querétaro,queretaro,2015,2014/QRO_RAW_20141278,61531-61631,,0,no_predial_found,,
San Joaquin,san_joaquin,2015,2014/QRO_RAW_20141278,61632-65008,61981-62025,2217,ok,13,QRO_RAW_20141278-01.pdf;QRO_RAW_20141278-02.pdf;QRO_RAW_20141278-03.pdf
San Joaquin,san_joaquin,2015,2014/QRO_RAW_20141278,65009-65106,,0,no_predial_found,,
San Juan del Rio,san_juan_del_rio,2015,2014/QRO_RAW_20141278,65107-73630,65490-65533,1904,ok,13,QRO_RAW_20141278-01.pdf;QRO_RAW_20141278-02.pdf;QRO_RAW_20141278-03.pdf
San Juan del Rio,san_juan_del_rio,2015,2014/QRO_RAW_20141278,73631-73729,,0,no_predial_found,,
Tequisquiapan,tequisquiapan,2015,2014/QRO_RAW_20141278,73730-78002,74133-74178,2152,ok,13,QRO_RAW_20141278-01.pdf;QRO_RAW_20141278-02.pdf;QRO_RAW_20141278-03.pdf
Tequisquiapan,tequisquiapan,2015,2014/QRO_RAW_20141278,78003-78114,,0,no_predial_found,,
Toliman,toliman,2015,2014/QRO_RAW_20141278,78115-81595,78442-78488,1917,ok,13,QRO_RAW_20141278-01.pdf;QRO_RAW_20141278-02.pdf;QRO_RAW_20141278-03.pdf
Amealco de Bonfil,amealco_de_bonfil,2016,2015/QRO_RAW_20151298,7-9,,0,no_predial_found,,
Arroyo Seco,arroyo_seco,2016,2015/QRO_RAW_20151298,10-11,,0,no_predial_found,,
Cadereyta de Montes,cadereyta_de_montes,2016,2015/QRO_RAW_20151298,12-13,,0,no_predial_found,,
Colon,colon,2016,2015/QRO_RAW_20151298,14-15,,0,no_predial_found,,
Corregidora,corregidora,2016,2015/QRO_RAW_20151298,16-17,,0,no_predial_found,,
El Marqués,el_marques,2016,2015/QRO_RAW_20151298,18-19,,0,no_predial_found,,
Ezequiel Montes,ezequiel_montes,2016,2015/QRO_RAW_20151298,20-21,,0,no_predial_found,,
Huimilpan,huimilpan,2016,2015/QRO_RAW_20151298,22-23,,0,no_predial_found,,
Jalpan de Serra,jalpan_de_serra,2016,2015/QRO_RAW_20151298,24-25,,0,no_predial_found,,
Landa de Matamoros,landa_de_matamoros,2016,2015/QRO_RAW_20151298,26-27,,0,no_predial_found,,
Pedro Escobedo,pedro_escobedo,2016,2015/QRO_RAW_20151298,28-29,,0,no_predial_found,,
Peñamiller,penamiller,2016,2015/QRO_RAW_20151298,30-31,,0,no_predial_found,,
Pinal de Amoles,pinal_de_amoles,2016,2015/QRO_RAW_20151298,32-33,,0,no_predial_found,,
Querétaro,queretaro,2016,2015/QRO_RAW_20151298,34-35,,0,no_predial_found,,
San Joaquin,san_joaquin,2016,2015/QRO_RAW_20151298,36-37,,0,no_predial_found,,
San Juan del Rio,san_juan_del_rio,2016,2015/QRO_RAW_20151298,38-39,,0,no_predial_found,,
Tequisquiapan,tequisquiapan,2016,2015/QRO_RAW_20151298,40-41,,0,no_predial_found,,
Toliman,toliman,2016,2015/QRO_RAW_20151298,42-150,,0,no_predial_found,,
Amealco de Bonfil,amealco_de_bonfil,2016,2015/QRO_RAW_20151298,151-3273,529-575,2230,ok,13,QRO_RAW_20151298-01.pdf;QRO_RAW_20151298-02.pdf;QRO_RAW_20151298-03.pdf
Amealco de Bonfil,amealco_de_bonfil,2016,2015/QRO_RAW_20151298,3274-3383,,0,no_predial_found,,
Arroyo Seco,arroyo_seco,2016,2015/QRO_RAW_20151298,3384-6065,3766-3810,2225,ok,13,QRO_RAW_20151298-01.pdf;QRO_RAW_20151298-02.pdf;QRO_RAW_20151298-03.pdf
Arroyo Seco,arroyo_seco,2016,2015/QRO_RAW_20151298,6066-6187,,0,no_predial_found,,
Cadereyta de Montes,cadereyta_de_montes,2016,2015/QRO_RAW_20151298,6188-8928,6580-6623,2219,ok,13,QRO_RAW_20151298-01.pdf;QRO_RAW_20151298-02.pdf;QRO_RAW_20151298-03.pdf
Cadereyta de Montes,cadereyta_de_montes,2016,2015/QRO_RAW_20151298,8929-15432,9415-13127,104909,ok,13,QRO_RAW_20151298-01.pdf;QRO_RAW_20151298-02.pdf;QRO_RAW_20151298-03.pdf
Corregidora,corregidora,2016,2015/QRO_RAW_20151298,15433-15509,,0,no_predial_found,,
Corregidora,corregidora,2016,2015/QRO_RAW_20151298,15510-23041,15918-16139,7934,ok,13,QRO_RAW_20151298-01.pdf;QRO_RAW_20151298-02.pdf;QRO_RAW_20151298-03.pdf
El Marqués,el_marques,2016,2015/QRO_RAW_20151298,23042-28028,,0,no_predial_found,,
El Marqués,el_marques,2016,2015/QRO_RAW_20151298,28029-28134,,0,no_predial_found,,
Ezequiel Montes,ezequiel_montes,2016,2015/QRO_RAW_20151298,28135-31333,28506-28545,1898,ok,13,QRO_RAW_20151298-01.pdf;QRO_RAW_20151298-02.pdf;QRO_RAW_20151298-03.pdf
Ezequiel Montes,ezequiel_montes,2016,2015/QRO_RAW_20151298,31334-31435,,0,no_predial_found,,
Huimilpan,huimilpan,2016,2015/QRO_RAW_20151298,31436-34867,31804-31851,2278,ok,13,QRO_RAW_20151298-01.pdf;QRO_RAW_20151298-02.pdf;QRO_RAW_20151298-03.pdf
Huimilpan,huimilpan,2016,2015/QRO_RAW_20151298,34868-34975,,0,no_predial_found,,
Jalpan de Serra,jalpan_de_serra,2016,2015/QRO_RAW_20151298,34976-39419,35356-35404,2221,ok,13,QRO_RAW_20151298-01.pdf;QRO_RAW_20151298-02.pdf;QRO_RAW_20151298-03.pdf
Jalpan de Serra,jalpan_de_serra,2016,2015/QRO_RAW_20151298,39420-39525,,0,no_predial_found,,
Landa de Matamoros,landa_de_matamoros,2016,2015/QRO_RAW_20151298,39526-43183,39915-39963,2219,ok,13,QRO_RAW_20151298-01.pdf;QRO_RAW_20151298-02.pdf;QRO_RAW_20151298-03.pdf
Landa de Matamoros,landa_de_matamoros,2016,2015/QRO_RAW_20151298,43184-43292,,0,no_predial_found,,
Pedro Escobedo,pedro_escobedo,2016,2015/QRO_RAW_20151298,43293-48009,43653-43700,2195,ok,13,QRO_RAW_20151298-01.pdf;QRO_RAW_20151298-02.pdf;QRO_RAW_20151298-03.pdf
Pedro Escobedo,pedro_escobedo,2016,2015/QRO_RAW_20151298,48010-48115,,0,no_predial_found,,
Peñamiller,penamiller,2016,2015/QRO_RAW_20151298,48116-50730,48493-48540,2219,ok,13,QRO_RAW_20151298-01.pdf;QRO_RAW_20151298-02.pdf;QRO_RAW_20151298-03.pdf
Peñamiller,penamiller,2016,2015/QRO_RAW_20151298,50731-50838,,0,no_predial_found,,
Pinal de Amoles,pinal_de_amoles,2016,2015/QRO_RAW_20151298,50839-56079,51223-51274,2316,ok,13,QRO_RAW_20151298-01.pdf;QRO_RAW_20151298-02.pdf;QRO_RAW_20151298-03.pdf
Querétaro,queretaro,2016,2015/QRO_RAW_20151298,56080-65123,56563-56800,9317,ok,13,QRO_RAW_20151298-01.pdf;QRO_RAW_20151298-02.pdf;QRO_RAW_20151298-03.pdf
Querétaro,queretaro,2016,2015/QRO_RAW_20151298,65124-65222,,0,no_predial_found,,
San Joaquin,san_joaquin,2016,2015/QRO_RAW_20151298,65223-67338,65595-65638,2214,ok,13,QRO_RAW_20151298-01.pdf;QRO_RAW_20151298-02.pdf;QRO_RAW_20151298-03.pdf
San Joaquin,san_joaquin,2016,2015/QRO_RAW_20151298,67339-67452,,0,no_predial_found,,
SAN JUAN DEL RÍO QUERÉTARO,san_juan_del_rio,2016,2015/QRO_RAW_20151298,67453-76050,67839-67878,1849,ok,13,QRO_RAW_20151298-01.pdf;QRO_RAW_20151298-02.pdf;QRO_RAW_20151298-03.pdf
San Juan del Rio,san_juan_del_rio,2016,2015/QRO_RAW_20151298,76051-76159,,0,no_predial_found,,
Tequisquiapan,tequisquiapan,2016,2015/QRO_RAW_20151298,76160-80459,76553-76597,2159,ok,13,QRO_RAW_20151298-01.pdf;QRO_RAW_20151298-02.pdf;QRO_RAW_20151298-03.pdf
Tequisquiapan,tequisquiapan,2016,2015/QRO_RAW_20151298,80460-80565,,0,no_predial_found,,
Toliman,toliman,2016,2015/QRO_RAW_20151298,80566-84366,80966-81009,2213,ok,13,QRO_RAW_20151298-01.pdf;QRO_RAW_20151298-02.pdf;QRO_RAW_20151298-03.pdf
Amealco de Bonfil,amealco_de_bonfil,2017,2016/QRO_RAW_20161271,1987-5035,2363-2410,2268,ok,13,QRO_RAW_20161271-01.pdf;QRO_RAW_20161271-02.pdf;QRO_RAW_20161271-03.pdf
Amealco de Bonfil,amealco_de_bonfil,2017,2016/QRO_RAW_20161271,5036-5160,,0,no_predial_found,,
Arroyo Seco,arroyo_seco,2017,2016/QRO_RAW_20161271,5161-7826,5539-5586,2280,ok,13,QRO_RAW_20161271-01.pdf;QRO_RAW_20161271-02.pdf;QRO_RAW_20161271-03.pdf
Arroyo Seco,arroyo_seco,2017,2016/QRO_RAW_20161271,7827-7968,,0,no_predial_found,,
Cadereyta de Montes,cadereyta_de_montes,2017,2016/QRO_RAW_20161271,7969-12321,8350-8397,2280,ok,13,QRO_RAW_20161271-01.pdf;QRO_RAW_20161271-02.pdf;QRO_RAW_20161271-03.pdf
Colon,colon,2017,2016/QRO_RAW_20161271,12322-20597,12735-12984,9658,ok,13,QRO_RAW_20161271-01.pdf;QRO_RAW_20161271-02.pdf;QRO_RAW_20161271-03.pdf
Corregidora,corregidora,2017,2016/QRO_RAW_20161271,20598-29910,21022-21247,7898,ok,13,QRO_RAW_20161271-01.pdf;QRO_RAW_20161271-02.pdf;QRO_RAW_20161271-03.pdf
El Marqués,el_marques,2017,2016/QRO_RAW_20161271,29911-35523,30313-30572,9363,ok,13,QRO_RAW_20161271-01.pdf;QRO_RAW_20161271-02.pdf;QRO_RAW_20161271-03.pdf
El Marqués,el_marques,2017,2016/QRO_RAW_20161271,35524-35648,,0,no_predial_found,,
Ezequiel Montes,ezequiel_montes,2017,2016/QRO_RAW_20161271,35649-39948,36047-36090,1960,ok,13,QRO_RAW_20161271-01.pdf;QRO_RAW_20161271-02.pdf;QRO_RAW_20161271-03.pdf
Huimilpan,huimilpan,2017,2016/QRO_RAW_20161271,39949-45184,40333-40512,4508,ok,13,QRO_RAW_20161271-01.pdf;QRO_RAW_20161271-02.pdf;QRO_RAW_20161271-03.pdf
Jalpan de Serra,jalpan_de_serra,2017,2016/QRO_RAW_20161271,45185-50311,45603-45791,4580,ok,13,QRO_RAW_20161271-01.pdf;QRO_RAW_20161271-02.pdf;QRO_RAW_20161271-03.pdf
Jalpan de Serra,jalpan_de_serra,2017,2016/QRO_RAW_20161271,50312-50436,,0,no_predial_found,,
Landa de Matamoros,landa_de_matamoros,2017,2016/QRO_RAW_20161271,50437-54872,50816-50867,2265,ok,13,QRO_RAW_20161271-01.pdf;QRO_RAW_20161271-02.pdf;QRO_RAW_20161271-03.pdf
Pedro Escobedo,pedro_escobedo,2017,2016/QRO_RAW_20161271,54873-60478,55260-55480,7982,ok,13,QRO_RAW_20161271-01.pdf;QRO_RAW_20161271-02.pdf;QRO_RAW_20161271-03.pdf
Pedro Escobedo,pedro_escobedo,2017,2016/QRO_RAW_20161271,60479-60606,,0,no_predial_found,,
Peñamiller,penamiller,2017,2016/QRO_RAW_20161271,60607-63202,60986-61033,2262,ok,13,QRO_RAW_20161271-01.pdf;QRO_RAW_20161271-02.pdf;QRO_RAW_20161271-03.pdf
Peñamiller,penamiller,2017,2016/QRO_RAW_20161271,63203-63342,,0,no_predial_found,,
Pinal de Amoles,pinal_de_amoles,2017,2016/QRO_RAW_20161271,63343-67575,63734-63781,2297,ok,13,QRO_RAW_20161271-01.pdf;QRO_RAW_20161271-02.pdf;QRO_RAW_20161271-03.pdf
Querétaro,queretaro,2017,2016/QRO_RAW_20161271,67576-76575,68143-68378,9592,ok,13,QRO_RAW_20161271-01.pdf;QRO_RAW_20161271-02.pdf;QRO_RAW_20161271-03.pdf
Querétaro,queretaro,2017,2016/QRO_RAW_20161271,76576-76698,,0,no_predial_found,,
San Joaquin,san_joaquin,2017,2016/QRO_RAW_20161271,76699-80040,77073-77119,2257,ok,13,QRO_RAW_20161271-01.pdf;QRO_RAW_20161271-02.pdf;QRO_RAW_20161271-03.pdf
San Juan del Rio,san_juan_del_rio,2017,2016/QRO_RAW_20161271,80041-90082,80499-80737,9778,ok,13,QRO_RAW_20161271-01.pdf;QRO_RAW_20161271-02.pdf;QRO_RAW_20161271-03.pdf
San Juan del Rio,san_juan_del_rio,2017,2016/QRO_RAW_20161271,90083-90220,,0,no_predial_found,,
Tequisquiapan,tequisquiapan,2017,2016/QRO_RAW_20161271,90221-93232,90591-90630,1903,ok,13,QRO_RAW_20161271-01.pdf;QRO_RAW_20161271-02.pdf;QRO_RAW_20161271-03.pdf
Tequisquiapan,tequisquiapan,2017,2016/QRO_RAW_20161271,93233-93359,,0,no_predial_found,,
Toliman,toliman,2017,2016/QRO_RAW_20161271,93360-97232,93737-93781,2212,ok,13,QRO_RAW_20161271-01.pdf;QRO_RAW_20161271-02.pdf;QRO_RAW_20161271-03.pdf
Corregidora,corregidora,2016,2017/QRO_RAW_20170214,15839-21965,,0,no_predial_found,,
Cadereyta de Montes,cadereyta_de_montes,2017,2017/QRO_RAW_20170748,915-1929,1252-1435,2123,ok,13,QRO_RAW_20170748-01.pdf
Querétaro,queretaro,2017,2017/QRO_RAW_20170748,1930-2284,,0,no_predial_found,,
San Joaquin,san_joaquin,2017,2017/QRO_RAW_20170748,2285-2442,,0,no_predial_found,,
San Joaquin,san_joaquin,2017,2017/QRO_RAW_20170748,2443-21994,,0,no_predial_found,,
Tequisquiapan,tequisquiapan,2018,2017/QRO_RAW_20171290,40-41,,0,no_predial_found,,
Toliman,toliman,2018,2017/QRO_RAW_20171290,42-175,,0,no_predial_found,,
Amealco de Bonfil,amealco_de_bonfil,2018,2017/QRO_RAW_20171290,176-3710,553-598,2265,ok,13,QRO_RAW_20171290-01.pdf;QRO_RAW_20171290-02.pdf;QRO_RAW_20171290-03.pdf
Amealco de Bonfil,amealco_de_bonfil,2018,2017/QRO_RAW_20171290,3711-3842,,0,no_predial_found,,
Arroyo Seco,arroyo_seco,2018,2017/QRO_RAW_20171290,3843-7039,4213-4261,2228,ok,13,QRO_RAW_20171290-01.pdf;QRO_RAW_20171290-02.pdf;QRO_RAW_20171290-03.pdf
Arroyo Seco,arroyo_seco,2018,2017/QRO_RAW_20171290,7040-7171,,0,no_predial_found,,
Cadereyta de Montes,cadereyta_de_montes,2018,2017/QRO_RAW_20171290,7172-11720,7542-7584,2220,ok,13,QRO_RAW_20171290-01.pdf;QRO_RAW_20171290-02.pdf;QRO_RAW_20171290-03.pdf
Colon,colon,2018,2017/QRO_RAW_20171290,11721-19805,12126-12368,9884,ok,13,QRO_RAW_20171290-01.pdf;QRO_RAW_20171290-02.pdf;QRO_RAW_20171290-03.pdf
Corregidora,corregidora,2018,2017/QRO_RAW_20171290,19806-29004,20198-20436,8077,ok,13,QRO_RAW_20171290-01.pdf;QRO_RAW_20171290-02.pdf;QRO_RAW_20171290-03.pdf
El Marqués,el_marques,2018,2017/QRO_RAW_20171290,29005-29087,,0,no_predial_found,,
El Marqués,el_marques,2018,2017/QRO_RAW_20171290,29088-35069,29493-29754,9533,ok,13,QRO_RAW_20171290-01.pdf;QRO_RAW_20171290-02.pdf;QRO_RAW_20171290-03.pdf
El Marqués,el_marques,2018,2017/QRO_RAW_20171290,35070-35194,,0,no_predial_found,,
Ezequiel Montes,ezequiel_montes,2018,2017/QRO_RAW_20171290,35195-38856,35579-35622,1951,ok,13,QRO_RAW_20171290-01.pdf;QRO_RAW_20171290-02.pdf;QRO_RAW_20171290-03.pdf
Corregidora,corregidora,2014,2017/QRO_RAW_20171290,38857-38884,,0,no_predial_found,,
Corregidora,corregidora,2014,2017/QRO_RAW_20171290,38885-39500,,0,no_predial_found,,
Huimilpan,huimilpan,2018,2017/QRO_RAW_20171290,39501-44990,39890-40104,5287,ok,13,QRO_RAW_20171290-01.pdf;QRO_RAW_20171290-02.pdf;QRO_RAW_20171290-03.pdf
Jalpan de Serra,jalpan_de_serra,2018,2017/QRO_RAW_20171290,44991-51157,45426-45606,4507,ok,13,QRO_RAW_20171290-01.pdf;QRO_RAW_20171290-02.pdf;QRO_RAW_20171290-03.pdf
Jalpan de Serra,jalpan_de_serra,2018,2017/QRO_RAW_20171290,51158-51290,,0,no_predial_found,,
Landa de Matamoros,landa_de_matamoros,2018,2017/QRO_RAW_20171290,51291-56114,51678-51724,2205,ok,13,QRO_RAW_20171290-01.pdf;QRO_RAW_20171290-02.pdf;QRO_RAW_20171290-03.pdf
PEDRO ESCOBEDO QUERÉTARO,pedro_escobedo,2018,2017/QRO_RAW_20171290,56115-62570,56505-56729,8386,ok,13,QRO_RAW_20171290-01.pdf;QRO_RAW_20171290-02.pdf;QRO_RAW_20171290-03.pdf
"Pedro Escobedo, Querétaro",pedro_escobedo_queretaro,2018,2017/QRO_RAW_20171290,62571-62711,,0,no_predial_found,,
Peñamiller,penamiller,2018,2017/QRO_RAW_20171290,62712-65757,63096-63142,2260,ok,13,QRO_RAW_20171290-01.pdf;QRO_RAW_20171290-02.pdf;QRO_RAW_20171290-03.pdf
Peñamiller,penamiller,2018,2017/QRO_RAW_20171290,65758-65882,,0,no_predial_found,,
Pinal de Amoles,pinal_de_amoles,2018,2017/QRO_RAW_20171290,65883-71083,66279-66327,2300,ok,13,QRO_RAW_20171290-01.pdf;QRO_RAW_20171290-02.pdf;QRO_RAW_20171290-03.pdf
Querétaro,queretaro,2018,2017/QRO_RAW_20171290,71084-82614,71642-71879,9607,ok,13,QRO_RAW_20171290-01.pdf;QRO_RAW_20171290-02.pdf;QRO_RAW_20171290-03.pdf
Querétaro,queretaro,2018,2017/QRO_RAW_20171290,82615-82744,,0,no_predial_found,,
San Joaquin,san_joaquin,2018,2017/QRO_RAW_20171290,82745-86299,83128-83174,2260,ok,13,QRO_RAW_20171290-01.pdf;QRO_RAW_20171290-02.pdf;QRO_RAW_20171290-03.pdf
San Juan del Rio,san_juan_del_rio,2018,2017/QRO_RAW_20171290,86300-98086,86778-87024,9764,ok,13,QRO_RAW_20171290-01.pdf;QRO_RAW_20171290-02.pdf;QRO_RAW_20171290-03.pdf
San Juan del Rio,san_juan_del_rio,2018,2017/QRO_RAW_20171290,98087-98224,,0,no_predial_found,,
Tequisquiapan,tequisquiapan,2018,2017/QRO_RAW_20171290,98225-101950,98599-98638,1903,ok,13,QRO_RAW_20171290-01.pdf;QRO_RAW_20171290-02.pdf;QRO_RAW_20171290-03.pdf
Toliman,toliman,2018,2017/QRO_RAW_20171290,101951-106141,102323-102370,2269,ok,13,QRO_RAW_20171290-01.pdf;QRO_RAW_20171290-02.pdf;QRO_RAW_20171290-03.pdf
Amealco de Bonfil,amealco_de_bonfil,2019,2018/QRO_RAW_201812114,188-258,,0,no_predial_found,,
Amealco de Bonfil,amealco_de_bonfil,2019,2018/QRO_RAW_201812114,259-4215,661-706,2267,ok,14,QRO_RAW_201812114-01.pdf;QRO_RAW_201812114-02.pdf;QRO_RAW_201812114-03.pdf
Arroyo Seco,arroyo_seco,2019,2018/QRO_RAW_201812114,4216-7587,4604-4648,2223,ok,14,QRO_RAW_201812114-01.pdf;QRO_RAW_201812114-02.pdf;QRO_RAW_201812114-03.pdf
Cadereyta de Montes,cadereyta_de_montes,2019,2018/QRO_RAW_201812114,7588-12089,7989-8031,2206,ok,14,QRO_RAW_201812114-01.pdf;QRO_RAW_201812114-02.pdf;QRO_RAW_201812114-03.pdf
Colon,colon,2019,2018/QRO_RAW_201812114,12090-20401,12503-12743,9915,ok,14,QRO_RAW_201812114-01.pdf;QRO_RAW_201812114-02.pdf;QRO_RAW_201812114-03.pdf
Corregidora,corregidora,2019,2018/QRO_RAW_201812114,20402-29651,20810-21050,8113,ok,13,QRO_RAW_201812114-01.pdf;QRO_RAW_201812114-02.pdf;QRO_RAW_201812114-03.pdf
El Marqués,el_marques,2019,2018/QRO_RAW_201812114,29652-36317,30071-30312,8860,ok,14,QRO_RAW_201812114-01.pdf;QRO_RAW_201812114-02.pdf;QRO_RAW_201812114-03.pdf
Ezequiel Montes,ezequiel_montes,2019,2018/QRO_RAW_201812114,36318-40852,36741-36787,1950,ok,14,QRO_RAW_201812114-01.pdf;QRO_RAW_201812114-02.pdf;QRO_RAW_201812114-03.pdf
Huimilpan,huimilpan,2019,2018/QRO_RAW_201812114,40853-46473,41245-41420,5675,ok,14,QRO_RAW_201812114-01.pdf;QRO_RAW_201812114-02.pdf;QRO_RAW_201812114-03.pdf
Jalpan de Serra,jalpan_de_serra,2019,2018/QRO_RAW_201812114,46474-53519,46947-47129,5272,ok,14,QRO_RAW_201812114-01.pdf;QRO_RAW_201812114-02.pdf;QRO_RAW_201812114-03.pdf
Landa de Matamoros,landa_de_matamoros,2019,2018/QRO_RAW_201812114,53520-58380,53925-53971,2258,ok,14,QRO_RAW_201812114-01.pdf;QRO_RAW_201812114-02.pdf;QRO_RAW_201812114-03.pdf
Pedro Escobedo,pedro_escobedo,2019,2018/QRO_RAW_201812114,58381-65042,58910-59122,9724,ok,14,QRO_RAW_201812114-01.pdf;QRO_RAW_201812114-02.pdf;QRO_RAW_201812114-03.pdf
Peñamiller,penamiller,2019,2018/QRO_RAW_201812114,65043-68136,65452-65498,2259,ok,14,QRO_RAW_201812114-01.pdf;QRO_RAW_201812114-02.pdf;QRO_RAW_201812114-03.pdf
Pinal de Amoles,pinal_de_amoles,2019,2018/QRO_RAW_201812114,68137-73385,68546-68593,2296,ok,14,QRO_RAW_201812114-01.pdf;QRO_RAW_201812114-02.pdf;QRO_RAW_201812114-03.pdf
Querétaro,queretaro,2019,2018/QRO_RAW_201812114,73386-84927,73962-74196,9647,ok,14,QRO_RAW_201812114-01.pdf;QRO_RAW_201812114-02.pdf;QRO_RAW_201812114-03.pdf
San Joaquin,san_joaquin,2019,2018/QRO_RAW_201812114,84928-88697,85338-85384,2256,ok,14,QRO_RAW_201812114-01.pdf;QRO_RAW_201812114-02.pdf;QRO_RAW_201812114-03.pdf
San Juan del Rio,san_juan_del_rio,2019,2018/QRO_RAW_201812114,88698-101682,89159-89402,9557,ok,14,QRO_RAW_201812114-01.pdf;QRO_RAW_201812114-02.pdf;QRO_RAW_201812114-03.pdf
Tequisquiapan,tequisquiapan,2019,2018/QRO_RAW_201812114,101683-105584,102091-102209,7620,ok,14,QRO_RAW_201812114-01.pdf;QRO_RAW_201812114-02.pdf;QRO_RAW_201812114-03.pdf
Toliman,toliman,2019,2018/QRO_RAW_201812114,105585-110202,105981-106025,2213,ok,14,QRO_RAW_201812114-01.pdf;QRO_RAW_201812114-02.pdf;QRO_RAW_201812114-03.pdf
Amealco de Bonfil,amealco_de_bonfil,2020,2019/QRO_RAW_20191292,664-5009,1066-1087,790,ok,14,QRO_RAW_20191292-01.pdf;QRO_RAW_20191292-02.pdf
Arroyo Seco,arroyo_seco,2020,2019/QRO_RAW_20191292,5010-8428,5396-5446,2286,ok,14,QRO_RAW_20191292-01.pdf;QRO_RAW_20191292-02.pdf
Cadereyta de Montes,cadereyta_de_montes,2020,2019/QRO_RAW_20191292,8429-13025,8824-8865,2109,ok,14,QRO_RAW_20191292-01.pdf;QRO_RAW_20191292-02.pdf
Colon,colon,2020,2019/QRO_RAW_20191292,13026-13098,,0,no_predial_found,,
Colon,colon,2020,2019/QRO_RAW_20191292,13099-22106,13517-13750,9213,ok,14,QRO_RAW_20191292-01.pdf;QRO_RAW_20191292-02.pdf
Corregidora,corregidora,2020,2019/QRO_RAW_20191292,22107-33322,22550-22806,7772,ok,13,QRO_RAW_20191292-01.pdf;QRO_RAW_20191292-02.pdf
El Marqués,el_marques,2020,2019/QRO_RAW_20191292,33323-40278,,0,no_predial_found,,
Ezequiel Montes,ezequiel_montes,2020,2019/QRO_RAW_20191292,40279-40420,,0,no_predial_found,,
Ezequiel Montes,ezequiel_montes,2020,2019/QRO_RAW_20191292,40421-46408,40862-40900,1897,ok,14,QRO_RAW_20191292-01.pdf;QRO_RAW_20191292-02.pdf
Huimilpan,huimilpan,2020,2019/QRO_RAW_20191292,46409-52465,46820-47015,6722,ok,14,QRO_RAW_20191292-01.pdf;QRO_RAW_20191292-02.pdf
Jalpan de Serra,jalpan_de_serra,2020,2019/QRO_RAW_20191292,52466-59807,52919-53102,5901,ok,14,QRO_RAW_20191292-01.pdf;QRO_RAW_20191292-02.pdf
Landa de Matamoros,landa_de_matamoros,2020,2019/QRO_RAW_20191292,59808-64709,60213-60265,2269,ok,14,QRO_RAW_20191292-01.pdf;QRO_RAW_20191292-02.pdf
Pedro Escobedo,pedro_escobedo,2020,2019/QRO_RAW_20191292,64710-72474,65242-65474,9549,ok,14,QRO_RAW_20191292-01.pdf;QRO_RAW_20191292-02.pdf
Peñamiller,penamiller,2020,2019/QRO_RAW_20191292,72475-75780,72869-72915,2252,ok,14,QRO_RAW_20191292-01.pdf;QRO_RAW_20191292-02.pdf
Pinal de Amoles,pinal_de_amoles,2020,2019/QRO_RAW_20191292,75781-81402,76181-76223,2238,ok,14,QRO_RAW_20191292-01.pdf;QRO_RAW_20191292-02.pdf
Querétaro,queretaro,2020,2019/QRO_RAW_20191292,81403-92534,81981-91744,323927,ok,14,QRO_RAW_20191292-01.pdf;QRO_RAW_20191292-02.pdf
San Joaquin,san_joaquin,2020,2019/QRO_RAW_20191292,92535-96487,92944-92986,2197,ok,14,QRO_RAW_20191292-01.pdf;QRO_RAW_20191292-02.pdf
San Juan del Rio,san_juan_del_rio,2020,2019/QRO_RAW_20191292,96488-109574,96952-97189,9657,ok,14,QRO_RAW_20191292-01.pdf;QRO_RAW_20191292-02.pdf
Tequisquiapan,tequisquiapan,2020,2019/QRO_RAW_20191292,109575-113822,109972-110090,7667,ok,14,QRO_RAW_20191292-01.pdf;QRO_RAW_20191292-02.pdf
Toliman,toliman,2020,2019/QRO_RAW_20191292,113823-118135,114233-114279,2265,ok,14,QRO_RAW_20191292-01.pdf;QRO_RAW_20191292-02.pdf
Amealco de Bonfil,amealco_de_bonfil,2021,2020/QRO_RAW_202012102,748-5455,1143-1169,851,ok,14,QRO_RAW_202012102-01.pdf
Arroyo Seco,arroyo_seco,2021,2020/QRO_RAW_202012102,5456-8870,5848-5891,2225,ok,14,QRO_RAW_202012102-01.pdf
Cadereyta de Montes,cadereyta_de_montes,2021,2020/QRO_RAW_202012102,8871-13712,9263-9304,2109,ok,14,QRO_RAW_202012102-01.pdf
Colon,colon,2021,2020/QRO_RAW_202012102,13713-23310,14135-14393,10992,ok,14,QRO_RAW_202012102-01.pdf
Corregidora,corregidora,2021,2020/QRO_RAW_202012102,23311-35281,23759-24006,7890,ok,13,QRO_RAW_202012102-01.pdf
El Marqués,el_marques,2021,2020/QRO_RAW_202012102,35282-42825,35709-35941,8820,ok,14,QRO_RAW_202012102-01.pdf
Ezequiel Montes,ezequiel_montes,2021,2020/QRO_RAW_202012102,42826-48616,43257-43279,783,ok,14,QRO_RAW_202012102-01.pdf
Huimilpan,huimilpan,2019,2020/QRO_RAW_202012102,48617-48763,,0,no_predial_found,,
Huimilpan,huimilpan,2021,2020/QRO_RAW_202012102,48764-55127,49175-49370,5683,ok,14,QRO_RAW_202012102-01.pdf
Jalpan de Serra,jalpan_de_serra,2021,2020/QRO_RAW_202012102,55128-62182,55581-55764,5901,ok,14,QRO_RAW_202012102-01.pdf
Landa de Matamoros,landa_de_matamoros,2021,2020/QRO_RAW_202012103,328-5683,731-770,1897,ok,14,QRO_RAW_202012103-01.pdf
Pedro Escobedo,pedro_escobedo,2021,2020/QRO_RAW_202012103,5684-12961,6204-6432,9493,ok,14,QRO_RAW_202012103-01.pdf
Peñamiller,penamiller,2021,2020/QRO_RAW_202012103,12962-16472,13355-13394,1876,ok,14,QRO_RAW_202012103-01.pdf
Pinal de Amoles,pinal_de_amoles,2021,2020/QRO_RAW_202012103,16473-22285,16878-16920,2214,ok,14,QRO_RAW_202012103-01.pdf
Querétaro,queretaro,2021,2020/QRO_RAW_202012103,22286-33733,22849-32937,333980,ok,14,QRO_RAW_202012103-01.pdf
San Joaquin,san_joaquin,2021,2020/QRO_RAW_202012103,33734-37766,34140-34183,2198,ok,14,QRO_RAW_202012103-01.pdf
San Juan del Rio,san_juan_del_rio,2021,2020/QRO_RAW_202012103,37767-51131,38243-38484,9664,ok,14,QRO_RAW_202012103-01.pdf
Tequisquiapan,tequisquiapan,2021,2020/QRO_RAW_202012103,51132-55433,51546-51667,7663,ok,14,QRO_RAW_202012103-01.pdf
Toliman,toliman,2021,2020/QRO_RAW_202012103,55434-59519,55825-55868,2180,ok,14,QRO_RAW_202012103-01.pdf
Amealco de Bonfil,amealco_de_bonfil,2022,2021/QRO_RAW_202112111,722-5954,1116-1138,791,ok,14,QRO_RAW_202112111-01.pdf
Arroyo Seco,arroyo_seco,2022,2021/QRO_RAW_202112111,5955-9367,6346-6389,2224,ok,14,QRO_RAW_202112111-01.pdf
Cadereyta de Montes,cadereyta_de_montes,2022,2021/QRO_RAW_202112111,9368-14924,9765-9809,2166,ok,14,QRO_RAW_202112111-01.pdf
Colon,colon,2022,2021/QRO_RAW_202112111,14925-25116,15380-15632,10932,ok,14,QRO_RAW_202112111-01.pdf
Corregidora,corregidora,2022,2021/QRO_RAW_202112111,25117-37503,25544-25795,7906,ok,13,QRO_RAW_202112111-01.pdf
El Marqués,el_marques,2022,2021/QRO_RAW_202112111,37504-45554,37933-38180,10394,ok,14,QRO_RAW_202112111-01.pdf
Ezequiel Montes,ezequiel_montes,2022,2021/QRO_RAW_202112111,45555-49626,45996-46020,785,ok,14,QRO_RAW_202112111-01.pdf
Ezequiel Montes,ezequiel_montes,2022,2021/QRO_RAW_202112111,49627-51032,,0,no_predial_found,,
Huimilpan,huimilpan,2022,2021/QRO_RAW_202112111,51033-59279,51443-51685,8136,ok,14,QRO_RAW_202112111-01.pdf
Jalpan de Serra,jalpan_de_serra,2022,2021/QRO_RAW_202112111,59280-66783,59732-59914,5189,ok,14,QRO_RAW_202112111-01.pdf
Landa de Matamoros,landa_de_matamoros,2022,2021/QRO_RAW_202112112,334-6157,739-778,1896,ok,14,QRO_RAW_202112112-01.pdf
Pedro Escobedo,pedro_escobedo,2022,2021/QRO_RAW_202112112,6158-13655,6685-6923,9570,ok,14,QRO_RAW_202112112-01.pdf
Peñamiller,penamiller,2022,2021/QRO_RAW_202112112,13656-17048,14062-14103,1931,ok,14,QRO_RAW_202112112-01.pdf
Pinal de Amoles,pinal_de_amoles,2022,2021/QRO_RAW_202112112,17049-22938,17460-17508,2279,ok,14,QRO_RAW_202112112-01.pdf
Querétaro,queretaro,2022,2021/QRO_RAW_202112112,22939-34877,23520-34009,345191,ok,14,QRO_RAW_202112112-01.pdf
San Joaquin,san_joaquin,2022,2021/QRO_RAW_202112112,34878-39603,35297-35344,2258,ok,14,QRO_RAW_202112112-01.pdf
San Juan del Rio,san_juan_del_rio,2022,2021/QRO_RAW_202112112,39604-53269,40070-40365,10494,ok,14,QRO_RAW_202112112-01.pdf
Tequisquiapan,tequisquiapan,2022,2021/QRO_RAW_202112112,53270-57619,53686-53806,7629,ok,14,QRO_RAW_202112112-01.pdf
Toliman,toliman,2022,2021/QRO_RAW_202112112,57620-62064,58016-58059,2180,ok,14,QRO_RAW_202112112-01.pdf
Querétaro,queretaro,2022,2022/QRO_RAW_20220211,14-551,,0,no_predial_found,,
Corregidora,corregidora,2021,2022/QRO_RAW_20220962,10438-16745,,0,no_predial_found,,
Amealco de Bonfil,amealco_de_bonfil,2023,2022/QRO_RAW_20221290,892-6605,1322-1348,849,ok,14,QRO_RAW_20221290-01.pdf
Arroyo Seco,arroyo_seco,2023,2022/QRO_RAW_20221290,6606-10194,7033-7075,2205,ok,14,QRO_RAW_20221290-01.pdf
Cadereyta de Montes,cadereyta_de_montes,2023,2022/QRO_RAW_20221290,10195-15721,10643-10779,9562,ok,14,QRO_RAW_20221290-01.pdf
Colon,colon,2023,2022/QRO_RAW_20221290,15722-25252,16155-16384,9081,ok,14,QRO_RAW_20221290-01.pdf
Corregidora,corregidora,2023,2022/QRO_RAW_20221290,25253-37445,25754-26031,10442,ok,13,QRO_RAW_20221290-01.pdf
El Marqués,el_marques,2023,2022/QRO_RAW_20221290,37446-46028,37896-38143,9684,ok,14,QRO_RAW_20221290-01.pdf
Ezequiel Montes,ezequiel_montes,2023,2022/QRO_RAW_20221290,46029-50281,46496-46518,783,ok,14,QRO_RAW_20221290-01.pdf
Ezequiel Montes,ezequiel_montes,2023,2022/QRO_RAW_20221290,50282-51828,,0,no_predial_found,,
Huimilpan,huimilpan,2023,2022/QRO_RAW_20221290,51829-59357,52263-52495,7668,ok,14,QRO_RAW_20221290-01.pdf
Jalpan de Serra,jalpan_de_serra,2023,2022/QRO_RAW_20221290,59358-66637,59907-60097,5252,ok,14,QRO_RAW_20221290-01.pdf
Jalpan de Serra,jalpan_de_serra,2023,2022/QRO_RAW_20221290,66638-71432,,0,no_predial_found,,
Landa de Matamoros,landa_de_matamoros,2023,2022/QRO_RAW_20221291,357-6441,787-829,1955,ok,14,QRO_RAW_20221291-01.pdf
Pedro Escobedo,pedro_escobedo,2023,2022/QRO_RAW_20221291,6442-13899,6970-7207,9567,ok,14,QRO_RAW_20221291-01.pdf
Peñamiller,penamiller,2023,2022/QRO_RAW_20221291,13900-17480,14352-14393,1934,ok,14,QRO_RAW_20221291-01.pdf
Pinal de Amoles,pinal_de_amoles,2023,2022/QRO_RAW_20221291,17481-23260,17931-17974,2216,ok,14,QRO_RAW_20221291-01.pdf
Querétaro,queretaro,2023,2022/QRO_RAW_20221291,23261-35490,23837-34642,356548,ok,14,QRO_RAW_20221291-01.pdf
San Joaquin,san_joaquin,2023,2022/QRO_RAW_20221291,35491-40286,35944-35990,2257,ok,14,QRO_RAW_20221291-01.pdf
San Juan del Rio,san_juan_del_rio,2023,2022/QRO_RAW_20221291,40287-54898,40787-41078,10386,ok,14,QRO_RAW_20221291-01.pdf
Tequisquiapan,tequisquiapan,2023,2022/QRO_RAW_20221291,54899-58402,55278-55400,7633,ok,14,QRO_RAW_20221291-01.pdf
Tequisquiapan,tequisquiapan,2023,2022/QRO_RAW_20221291,58403-59180,,0,no_predial_found,,
Toliman,toliman,2023,2022/QRO_RAW_20221291,59181-63836,59615-59661,2239,ok,14,QRO_RAW_20221291-01.pdf
Toliman,toliman,2023,2022/QRO_RAW_20221291,63837-66079,,0,no_predial_found,,
Amealco de Bonfil,amealco_de_bonfil,2024,2023/QRO_RAW_202312102,17-19,,0,no_predial_found,,
Arroyo Seco,arroyo_seco,2024,2023/QRO_RAW_202312102,20-21,,0,no_predial_found,,
Cadereyta de Montes,cadereyta_de_montes,2024,2023/QRO_RAW_202312102,22-23,,0,no_predial_found,,
Colon,colon,2024,2023/QRO_RAW_202312102,24-25,,0,no_predial_found,,
Corregidora,corregidora,2024,2023/QRO_RAW_202312102,26-27,,0,no_predial_found,,
El Marqués,el_marques,2024,2023/QRO_RAW_202312102,28-44654,,0,no_predial_found,,
Amealco de Bonfil,amealco_de_bonfil,2024,2023/QRO_RAW_202312102,44655-50483,45080-45102,791,ok,14,QRO_RAW_202312102-01.pdf
Arroyo Seco,arroyo_seco,2024,2023/QRO_RAW_202312102,50484-53960,50901-50946,2261,ok,14,QRO_RAW_202312102-01.pdf
Cadereyta de Montes,cadereyta_de_montes,2024,2023/QRO_RAW_202312102,53961-59186,54398-54524,9519,ok,14,QRO_RAW_202312102-01.pdf
Colon,colon,2024,2023/QRO_RAW_202312102,59187-69188,59624-59880,9972,ok,14,QRO_RAW_202312102-01.pdf
Corregidora,corregidora,2024,2023/QRO_RAW_202312102,69189-80491,69653-69927,10030,ok,13,QRO_RAW_202312102-01.pdf
El Marqués,el_marques,2024,2023/QRO_RAW_202312102,80492-80629,,0,no_predial_found,,
El Marqués,el_marques,2024,2023/QRO_RAW_202312102,80630-88628,81070-81314,9784,ok,14,QRO_RAW_202312102-01.pdf
Ezequiel Montes,ezequiel_montes,2024,2023/QRO_RAW_202312103,369-4503,831-856,842,ok,14,QRO_RAW_202312103-01.pdf
Ezequiel Montes,ezequiel_montes,2024,2023/QRO_RAW_202312103,4504-5990,,0,no_predial_found,,
Huimilpan,huimilpan,2024,2023/QRO_RAW_202312103,5991-13659,6430-6653,7600,ok,14,QRO_RAW_202312103-01.pdf
Jalpan de Serra,jalpan_de_serra,2024,2023/QRO_RAW_202312103,13660-20901,14194-14376,5191,ok,14,QRO_RAW_202312103-01.pdf
Landa de Matamoros,landa_de_matamoros,2024,2023/QRO_RAW_202312103,20902-26925,21322-21360,1895,ok,14,QRO_RAW_202312103-01.pdf
Pedro Escobedo,pedro_escobedo,2024,2023/QRO_RAW_202312103,26926-34259,27444-27675,9528,ok,14,QRO_RAW_202312103-01.pdf
Peñamiller,penamiller,2024,2023/QRO_RAW_202312103,34260-37686,34684-34726,1936,ok,14,QRO_RAW_202312103-01.pdf
Pinal de Amoles,pinal_de_amoles,2024,2023/QRO_RAW_202312103,37687-43208,38124-38170,2273,ok,14,QRO_RAW_202312103-01.pdf
Querétaro,queretaro,2024,2023/QRO_RAW_202312103,43209-54902,43743-54035,345268,ok,14,QRO_RAW_202312103-01.pdf
San Joaquin,san_joaquin,2024,2023/QRO_RAW_202312103,54903-59453,55328-55373,2202,ok,14,QRO_RAW_202312103-01.pdf
San Juan del Rio,san_juan_del_rio,2024,2023/QRO_RAW_202312103,59454-73439,59926-60211,10379,ok,14,QRO_RAW_202312103-01.pdf
Tequisquiapan,tequisquiapan,2024,2023/QRO_RAW_202312103,73440-76880,73859-73975,7625,ok,14,QRO_RAW_202312103-01.pdf
Tequisquiapan,tequisquiapan,2024,2023/QRO_RAW_202312103,76881-77623,,0,no_predial_found,,
Toliman,toliman,2024,2023/QRO_RAW_202312103,77624-82226,78034-78077,2181,ok,14,QRO_RAW_202312103-01.pdf
Amealco de Bonfil,amealco_de_bonfil,2025,2024/QRO_RAW_202412121,755-6466,1183-1208,847,ok,14,QRO_RAW_202412121-01.pdf
Arroyo Seco,arroyo_seco,2025,2024/QRO_RAW_202412121,6467-10068,6910-6956,2265,ok,14,QRO_RAW_202412121-01.pdf
Cadereyta de Montes,cadereyta_de_montes,2025,2024/QRO_RAW_202412121,10069-18422,10517-10653,9714,ok,14,QRO_RAW_202412121-01.pdf
Colon,colon,2025,2024/QRO_RAW_202412121,18423-27764,18877-19125,9294,ok,14,QRO_RAW_202412121-01.pdf
Corregidora,corregidora,2025,2024/QRO_RAW_202412121,27765-39259,28246-28533,10216,ok,14,QRO_RAW_202412121-01.pdf
El Marqués,el_marques,2025,2024/QRO_RAW_202412122,1955-2091,,0,no_predial_found,,
El Marqués,el_marques,2025,2024/QRO_RAW_202412122,2092-12360,2711-2988,10374,ok,14,QRO_RAW_202412122-01.pdf
Ezequiel Montes,ezequiel_montes,2025,2024/QRO_RAW_202412122,12361-16703,12828-12850,783,ok,14,QRO_RAW_202412122-01.pdf
Ezequiel Montes,ezequiel_montes,2025,2024/QRO_RAW_202412122,16704-18228,,0,no_predial_found,,
Huimilpan,huimilpan,2025,2024/QRO_RAW_202412122,18229-26338,18679-18911,7611,ok,14,QRO_RAW_202412122-01.pdf
Jalpan de Serra,jalpan_de_serra,2025,2024/QRO_RAW_202412122,26339-34019,26906-27092,5192,ok,14,QRO_RAW_202412122-01.pdf
Landa de Matamoros,landa_de_matamoros,2025,2024/QRO_RAW_202412122,34020-41934,34572-34616,1952,ok,14,QRO_RAW_202412122-01.pdf
Pedro Escobedo,pedro_escobedo,2025,2024/QRO_RAW_202412122,41935-48676,42490-42725,8142,ok,14,QRO_RAW_202412122-01.pdf
Peñamiller,penamiller,2025,2024/QRO_RAW_202412122,48677-52254,49133-49171,1875,ok,14,QRO_RAW_202412122-01.pdf
Pinal de Amoles,pinal_de_amoles,2025,2024/QRO_RAW_202412122,52255-57988,52702-52749,2220,ok,14,QRO_RAW_202412122-01.pdf
Querétaro,queretaro,2025,2024/QRO_RAW_202412122,57989-70443,58620-69863,363501,ok,14,QRO_RAW_202412122-01.pdf
San Joaquin,san_joaquin,2025,2024/QRO_RAW_202412123,484-5195,941-983,2185,ok,14,QRO_RAW_202412123-01.pdf
San Juan del Rio,san_juan_del_rio,2025,2024/QRO_RAW_202412123,5196-19817,5692-5981,10242,ok,14,QRO_RAW_202412123-01.pdf
Tequisquiapan,tequisquiapan,2025,2024/QRO_RAW_202412123,19818-24619,20263-20384,7631,ok,14,QRO_RAW_202412123-01.pdf
Toliman,toliman,2025,2024/QRO_RAW_202412123,24620-33732,25048-25091,2181,ok,14,QRO_RAW_202412123-01.pdf
Amealco de Bonfil,amealco_de_bonfil,2026,2025/QRO_RAW_202512102,883-6897,1340-1363,792,ok,14,QRO_RAW_202512102-01.pdf
Arroyo Seco,arroyo_seco,2026,2025/QRO_RAW_202512102,6898-10584,7345-7394,2267,ok,14,QRO_RAW_202512102-01.pdf
Cadereyta de Montes,cadereyta_de_montes,2026,2025/QRO_RAW_202512102,10585-19308,11033-11169,9715,ok,14,QRO_RAW_202512102-01.pdf
Colon,colon,2026,2025/QRO_RAW_202512102,19309-30411,19754-20014,9998,ok,14,QRO_RAW_202512102-01.pdf
Corregidora,corregidora,2026,2025/QRO_RAW_202512102,30412-44142,30958-31240,10206,ok,14,QRO_RAW_202512102-01.pdf
El Marqués,el_marques,2026,2025/QRO_RAW_202512102,44143-44270,,0,no_predial_found,,
El Marqués,el_marques,2026,2025/QRO_RAW_202512102,44271-54680,45009-45306,11822,ok,14,QRO_RAW_202512102-01.pdf
Ezequiel Montes,ezequiel_montes,2026,2025/QRO_RAW_202512102,54681-59169,55170-55193,784,ok,14,QRO_RAW_202512102-01.pdf
Ezequiel Montes,ezequiel_montes,2026,2025/QRO_RAW_202512102,59170-60744,,0,no_predial_found,,
Huimilpan,huimilpan,2026,2025/QRO_RAW_202512102,60745-68235,61200-61433,7616,ok,14,QRO_RAW_202512102-01.pdf
Jalpan de Serra,jalpan_de_serra,2026,2025/QRO_RAW_202512103,1287-9023,1834-2020,5201,ok,14,QRO_RAW_202512103-01.pdf
Landa de Matamoros,landa_de_matamoros,2026,2025/QRO_RAW_202512103,9024-15078,9573-9611,1892,ok,14,QRO_RAW_202512103-01.pdf
Pedro Escobedo,pedro_escobedo,2026,2025/QRO_RAW_202512103,15079-22878,15647-15886,8478,ok,14,QRO_RAW_202512103-01.pdf
Peñamiller,penamiller,2026,2025/QRO_RAW_202512103,22879-26437,23335-23373,1875,ok,14,QRO_RAW_202512103-01.pdf
Pinal de Amoles,pinal_de_amoles,2026,2025/QRO_RAW_202512103,26438-32229,26887-26926,1910,ok,14,QRO_RAW_202512103-01.pdf
Querétaro,queretaro,2026,2025/QRO_RAW_202512103,32230-45580,32865-44661,383934,ok,14,QRO_RAW_202512103-01.pdf
San Joaquin,san_joaquin,2026,2025/QRO_RAW_202512103,45581-50426,46039-46081,2185,ok,14,QRO_RAW_202512103-01.pdf
San Juan del Rio,san_juan_del_rio,2026,2025/QRO_RAW_202512103,50427-65718,50890-51185,10406,ok,14,QRO_RAW_202512103-01.pdf
Tequisquiapan,tequisquiapan,2026,2025/QRO_RAW_202512103,65719-70833,66158-66419,9584,ok,14,QRO_RAW_202512103-01.pdf
Toliman,toliman,2026,2025/QRO_RAW_202512103,70834-75626,71270-71313,2180,ok,14,QRO_RAW_202512103-01.pdf
