cvegeo,estado_slug,municipio_slug,municipio_raw,anio,status,source_pdf,ley_page_start,ley_page_end,predial_found,predial_method,predial_page_start,predial_page_end,char_start,char_end,confidence,forced_end,expansion_applied,anchor_text_start,anchor_text_end,next_tax_label,txt_file,txt_chars
22001,queretaro,amealco_de_bonfil,Amealco de Bonfil,2010,ok,2009/QRO_RAW_20091295,,,True,articulo_predial,,,-1,-1,0.0,False,False,,,,QRO_PREDIAL_2010_amealco_de_bonfil.txt,793
22003,queretaro,arroyo_seco,Arroyo Seco,2010,ok,2009/QRO_RAW_20091295,,,True,articulo_predial,,,-1,-1,0.0,False,False,,,,QRO_PREDIAL_2010_arroyo_seco.txt,40852
22004,queretaro,cadereyta_de_montes,Cadereyta de Montes,2010,ok,2009/QRO_RAW_20091295,,,True,articulo_predial,,,-1,-1,0.0,False,False,,,,QRO_PREDIAL_2010_cadereyta_de_montes.txt,792
22005,queretaro,colon,Colon,2010,ok,2009/QRO_RAW_20091295,,,True,articulo_predial,,,-1,-1,0.0,False,False,,,,QRO_PREDIAL_2010_colon.txt,72441
22006,queretaro,corregidora,Corregidora,2010,ok,2009/QRO_RAW_20091295,,,True,articulo_predial,,,-1,-1,0.0,False,False,,,,QRO_PREDIAL_2010_corregidora.txt,783
22011,queretaro,el_marques,El Marqués,2010,ok,2009/QRO_RAW_20091295,,,True,articulo_predial,,,-1,-1,0.0,False,False,,,,QRO_PREDIAL_2010_el_marques.txt,842
22007,queretaro,ezequiel_montes,Ezequiel Montes,2010,ok,2009/QRO_RAW_20091295,,,True,articulo_predial,,,-1,-1,0.0,False,False,,,,QRO_PREDIAL_2010_ezequiel_montes.txt,799
22008,queretaro,huimilpan,Huimilpan,2010,ok,2009/QRO_RAW_20091295,,,True,articulo_predial,,,-1,-1,0.0,False,False,,,,QRO_PREDIAL_2010_huimilpan.txt,782
22009,queretaro,jalpan_de_serra,Jalpan de Serra,2010,ok,2009/QRO_RAW_20091295,,,True,articulo_predial,,,-1,-1,0.0,False,False,,,,QRO_PREDIAL_2010_jalpan_de_serra.txt,865
22010,queretaro,landa_de_matamoros,Landa de Matamoros,2010,ok,2009/QRO_RAW_20091295,,,True,articulo_predial,,,-1,-1,0.0,False,False,,,,QRO_PREDIAL_2010_landa_de_matamoros.txt,782
22012,queretaro,pedro_escobedo,Pedro Escobedo,2010,ok,2009/QRO_RAW_20091295,,,True,articulo_predial,,,-1,-1,0.0,False,False,,,,QRO_PREDIAL_2010_pedro_escobedo.txt,802
22013,queretaro,penamiller,Peñamiller,2010,ok,2009/QRO_RAW_20091295,,,True,articulo_predial,,,-1,-1,0.0,False,False,,,,QRO_PREDIAL_2010_penamiller.txt,780
22002,queretaro,pinal_de_amoles,Pinal de Amoles,2010,ok,2009/QRO_RAW_20091295,,,True,articulo_predial,,,-1,-1,0.0,False,False,,,,QRO_PREDIAL_2010_pinal_de_amoles.txt,793
22014,queretaro,queretaro,Querétaro,2010,ok,2009/QRO_RAW_20091295,,,True,articulo_predial,,,-1,-1,0.0,False,False,,,,QRO_PREDIAL_2010_queretaro.txt,1691
22015,queretaro,san_joaquin,San Joaquin,2010,ok,2009/QRO_RAW_20091295,,,True,articulo_predial,,,-1,-1,0.0,False,False,,,,QRO_PREDIAL_2010_san_joaquin.txt,781
22017,queretaro,tequisquiapan,Tequisquiapan,2010,ok,2009/QRO_RAW_20091295,,,True,articulo_predial,,,-1,-1,0.0,False,False,,,,QRO_PREDIAL_2010_tequisquiapan.txt,796
22018,queretaro,toliman,Toliman,2010,ok,2009/QRO_RAW_20091295,,,True,articulo_predial,,,-1,-1,0.0,False,False,,,,QRO_PREDIAL_2010_toliman.txt,783
22001,queretaro,amealco_de_bonfil,Amealco de Bonfil,2011,ok,2010/QRO_RAW_20101272,,,True,articulo_predial,,,-1,-1,0.0,False,False,,,,QRO_PREDIAL_2011_amealco_de_bonfil.txt,1845
22003,queretaro,arroyo_seco,Arroyo Seco,2011,ok,2010/QRO_RAW_20101272,,,True,articulo_predial,,,-1,-1,0.0,False,False,,,,QRO_PREDIAL_2011_arroyo_seco.txt,1844
22004,queretaro,cadereyta_de_montes,Cadereyta de Montes,2011,ok,2010/QRO_RAW_20101272,,,True,articulo_predial,,,-1,-1,0.0,False,False,,,,QRO_PREDIAL_2011_cadereyta_de_montes.txt,1815
22005,queretaro,colon,Colon,2011,ok,2010/QRO_RAW_20101272,,,True,articulo_predial,,,-1,-1,0.0,False,False,,,,QRO_PREDIAL_2011_colon.txt,82149
22006,queretaro,corregidora,Corregidora,2011,ok,2010/QRO_RAW_20101272,,,True,articulo_predial,,,-1,-1,0.0,False,False,,,,QRO_PREDIAL_2011_corregidora.txt,1832
22011,queretaro,el_marques,El Marqués,2011,ok,2010/QRO_RAW_20101272,,,True,articulo_predial,,,-1,-1,0.0,False,False,,,,QRO_PREDIAL_2011_el_marques.txt,1760
22007,queretaro,ezequiel_montes,Ezequiel Montes,2011,ok,2010/QRO_RAW_20101272,,,True,articulo_predial,,,-1,-1,0.0,False,False,,,,QRO_PREDIAL_2011_ezequiel_montes.txt,1746
22008,queretaro,huimilpan,Huimilpan,2011,ok,2010/QRO_RAW_20101272,,,True,articulo_predial,,,-1,-1,0.0,False,False,,,,QRO_PREDIAL_2011_huimilpan.txt,1831
22009,queretaro,jalpan_de_serra,Jalpan de Serra,2011,ok,2010/QRO_RAW_20101272,,,True,articulo_predial,,,-1,-1,0.0,False,False,,,,QRO_PREDIAL_2011_jalpan_de_serra.txt,1912
22010,queretaro,landa_de_matamoros,Landa de Matamoros,2011,ok,2010/QRO_RAW_20101272,,,True,articulo_predial,,,-1,-1,0.0,False,False,,,,QRO_PREDIAL_2011_landa_de_matamoros.txt,1787
22012,queretaro,pedro_escobedo,Pedro Escobedo,2011,ok,2010/QRO_RAW_20101272,,,True,articulo_predial,,,-1,-1,0.0,False,False,,,,QRO_PREDIAL_2011_pedro_escobedo.txt,1810
22013,queretaro,penamiller,Peñamiller,2011,ok,2010/QRO_RAW_20101272,,,True,articulo_predial,,,-1,-1,0.0,False,False,,,,QRO_PREDIAL_2011_penamiller.txt,1829
22002,queretaro,pinal_de_amoles,Pinal de Amoles,2011,ok,2010/QRO_RAW_20101272,,,True,articulo_predial,,,-1,-1,0.0,False,False,,,,QRO_PREDIAL_2011_pinal_de_amoles.txt,1846
22014,queretaro,queretaro,Querétaro,2011,ok,2010/QRO_RAW_20101272,,,True,articulo_predial,,,-1,-1,0.0,False,False,,,,QRO_PREDIAL_2011_queretaro.txt,2077
22015,queretaro,san_joaquin,San Joaquin,2011,ok,2010/QRO_RAW_20101272,,,True,articulo_predial,,,-1,-1,0.0,False,False,,,,QRO_PREDIAL_2011_san_joaquin.txt,1847
22016,queretaro,san_juan_del_rio,San Juan del Rio,2011,ok,2010/QRO_RAW_20101272,,,True,articulo_predial,,,-1,-1,0.0,False,False,,,,QRO_PREDIAL_2011_san_juan_del_rio.txt,2063
22017,queretaro,tequisquiapan,Tequisquiapan,2011,ok,2010/QRO_RAW_20101272,,,True,articulo_predial,,,-1,-1,0.0,False,False,,,,QRO_PREDIAL_2011_tequisquiapan.txt,1777
22018,queretaro,toliman,Toliman,2011,ok,2010/QRO_RAW_20101272,,,True,articulo_predial,,,-1,-1,0.0,False,False,,,,QRO_PREDIAL_2011_toliman.txt,1849
22001,queretaro,amealco_de_bonfil,Amealco de Bonfil,2012,ok,2011/QRO_RAW_20111270,,,True,articulo_predial,,,-1,-1,0.0,False,False,,,,QRO_PREDIAL_2012_amealco_de_bonfil.txt,1924
22003,queretaro,arroyo_seco,Arroyo Seco,2012,ok,2011/QRO_RAW_20111270,,,True,articulo_predial,,,-1,-1,0.0,False,False,,,,QRO_PREDIAL_2012_arroyo_seco.txt,1914
22004,queretaro,cadereyta_de_montes,Cadereyta de Montes,2012,ok,2011/QRO_RAW_20111270,,,True,articulo_predial,,,-1,-1,0.0,False,False,,,,QRO_PREDIAL_2012_cadereyta_de_montes.txt,1911
22005,queretaro,colon,Colon,2012,ok,2011/QRO_RAW_20111270,,,True,articulo_predial,,,-1,-1,0.0,False,False,,,,QRO_PREDIAL_2012_colon.txt,87086
22006,queretaro,corregidora,Corregidora,2012,ok,2011/QRO_RAW_20111270,,,True,articulo_predial,,,-1,-1,0.0,False,False,,,,QRO_PREDIAL_2012_corregidora.txt,1858
22011,queretaro,el_marques,El Marqués,2012,ok,2011/QRO_RAW_20111270,,,True,articulo_predial,,,-1,-1,0.0,False,False,,,,QRO_PREDIAL_2012_el_marques.txt,1901
22007,queretaro,ezequiel_montes,Ezequiel Montes,2012,ok,2011/QRO_RAW_20111270,,,True,articulo_predial,,,-1,-1,0.0,False,False,,,,QRO_PREDIAL_2012_ezequiel_montes.txt,1920
22008,queretaro,huimilpan,Huimilpan,2012,ok,2011/QRO_RAW_20111270,,,True,articulo_predial,,,-1,-1,0.0,False,False,,,,QRO_PREDIAL_2012_huimilpan.txt,1916
22009,queretaro,jalpan_de_serra,Jalpan de Serra,2012,ok,2011/QRO_RAW_20111270,,,True,articulo_predial,,,-1,-1,0.0,False,False,,,,QRO_PREDIAL_2012_jalpan_de_serra.txt,1744
22010,queretaro,landa_de_matamoros,Landa de Matamoros,2012,ok,2011/QRO_RAW_20111270,,,True,articulo_predial,,,-1,-1,0.0,False,False,,,,QRO_PREDIAL_2012_landa_de_matamoros.txt,1913
22012,queretaro,pedro_escobedo,Pedro Escobedo,2012,ok,2011/QRO_RAW_20111270,,,True,articulo_predial,,,-1,-1,0.0,False,False,,,,QRO_PREDIAL_2012_pedro_escobedo.txt,1915
22013,queretaro,penamiller,Peñamiller,2012,ok,2011/QRO_RAW_20111270,,,True,articulo_predial,,,-1,-1,0.0,False,False,,,,QRO_PREDIAL_2012_penamiller.txt,1916
22002,queretaro,pinal_de_amoles,Pinal de Amoles,2012,ok,2011/QRO_RAW_20111270,,,True,articulo_predial,,,-1,-1,0.0,False,False,,,,QRO_PREDIAL_2012_pinal_de_amoles.txt,1910
22014,queretaro,queretaro,Querétaro,2012,ok,2011/QRO_RAW_20111270,,,True,articulo_predial,,,-1,-1,0.0,False,False,,,,QRO_PREDIAL_2012_queretaro.txt,2223
22015,queretaro,san_joaquin,San Joaquin,2012,ok,2011/QRO_RAW_20111270,,,True,articulo_predial,,,-1,-1,0.0,False,False,,,,QRO_PREDIAL_2012_san_joaquin.txt,1909
22016,queretaro,san_juan_del_rio,San Juan del Rio,2012,ok,2011/QRO_RAW_20111270,,,True,articulo_predial,,,-1,-1,0.0,False,False,,,,QRO_PREDIAL_2012_san_juan_del_rio.txt,2201
22017,queretaro,tequisquiapan,Tequisquiapan,2012,ok,2011/QRO_RAW_20111270,,,True,articulo_predial,,,-1,-1,0.0,False,False,,,,QRO_PREDIAL_2012_tequisquiapan.txt,1861
22018,queretaro,toliman,Toliman,2012,ok,2011/QRO_RAW_20111270,,,True,articulo_predial,,,-1,-1,0.0,False,False,,,,QRO_PREDIAL_2012_toliman.txt,1931
22001,queretaro,amealco_de_bonfil,Amealco de Bonfil,2013,ok,2012/QRO_RAW_20121278,,,True,articulo_predial,,,-1,-1,0.0,False,False,,,,QRO_PREDIAL_2013_amealco_de_bonfil.txt,1924
22003,queretaro,arroyo_seco,Arroyo Seco,2013,ok,2012/QRO_RAW_20121278,,,True,articulo_predial,,,-1,-1,0.0,False,False,,,,QRO_PREDIAL_2013_arroyo_seco.txt,2644
22004,queretaro,cadereyta_de_montes,Cadereyta de Montes,2013,ok,2012/QRO_RAW_20121278,,,True,articulo_predial,,,-1,-1,0.0,False,False,,,,QRO_PREDIAL_2013_cadereyta_de_montes.txt,1920
22005,queretaro,colon,Colon,2013,ok,2012/QRO_RAW_20121278,,,True,articulo_predial,,,-1,-1,0.0,False,False,,,,QRO_PREDIAL_2013_colon.txt,78581
22006,queretaro,corregidora,Corregidora,2013,ok,2012/QRO_RAW_20121278,,,True,articulo_predial,,,-1,-1,0.0,False,False,,,,QRO_PREDIAL_2013_corregidora.txt,918
22011,queretaro,el_marques,El Marqués,2013,ok,2012/QRO_RAW_20121278,,,True,articulo_predial,,,-1,-1,0.0,False,False,,,,QRO_PREDIAL_2013_el_marques.txt,143917
22007,queretaro,ezequiel_montes,Ezequiel Montes,2013,ok,2012/QRO_RAW_20121278,,,True,articulo_predial,,,-1,-1,0.0,False,False,,,,QRO_PREDIAL_2013_ezequiel_montes.txt,1859
22008,queretaro,huimilpan,Huimilpan,2013,ok,2012/QRO_RAW_20121278,,,True,articulo_predial,,,-1,-1,0.0,False,False,,,,QRO_PREDIAL_2013_huimilpan.txt,1921
22009,queretaro,jalpan_de_serra,Jalpan de Serra,2013,ok,2012/QRO_RAW_20121278,,,True,articulo_predial,,,-1,-1,0.0,False,False,,,,QRO_PREDIAL_2013_jalpan_de_serra.txt,1836
22010,queretaro,landa_de_matamoros,Landa de Matamoros,2013,ok,2012/QRO_RAW_20121278,,,True,articulo_predial,,,-1,-1,0.0,False,False,,,,QRO_PREDIAL_2013_landa_de_matamoros.txt,1917
22012,queretaro,pedro_escobedo,Pedro Escobedo,2013,ok,2012/QRO_RAW_20121278,,,True,articulo_predial,,,-1,-1,0.0,False,False,,,,QRO_PREDIAL_2013_pedro_escobedo.txt,1856
22013,queretaro,penamiller,Peñamiller,2013,ok,2012/QRO_RAW_20121278,,,True,articulo_predial,,,-1,-1,0.0,False,False,,,,QRO_PREDIAL_2013_penamiller.txt,1918
22002,queretaro,pinal_de_amoles,Pinal de Amoles,2013,ok,2012/QRO_RAW_20121278,,,True,articulo_predial,,,-1,-1,0.0,False,False,,,,QRO_PREDIAL_2013_pinal_de_amoles.txt,1913
22014,queretaro,queretaro,Querétaro,2013,ok,2012/QRO_RAW_20121278,,,True,articulo_predial,,,-1,-1,0.0,False,False,,,,QRO_PREDIAL_2013_queretaro.txt,2413
22015,queretaro,san_joaquin,San Joaquin,2013,ok,2012/QRO_RAW_20121278,,,True,articulo_predial,,,-1,-1,0.0,False,False,,,,QRO_PREDIAL_2013_san_joaquin.txt,1915
22016,queretaro,san_juan_del_rio,San Juan del Rio,2013,ok,2012/QRO_RAW_20121278,,,True,articulo_predial,,,-1,-1,0.0,False,False,,,,QRO_PREDIAL_2013_san_juan_del_rio.txt,2218
22017,queretaro,tequisquiapan,Tequisquiapan,2013,ok,2012/QRO_RAW_20121278,,,True,articulo_predial,,,-1,-1,0.0,False,False,,,,QRO_PREDIAL_2013_tequisquiapan.txt,1909
22018,queretaro,toliman,Toliman,2013,ok,2012/QRO_RAW_20121278,,,True,articulo_predial,,,-1,-1,0.0,False,False,,,,QRO_PREDIAL_2013_toliman.txt,1919
22001,queretaro,amealco_de_bonfil,Amealco de Bonfil,2014,ok,2013/QRO_RAW_20131266,,,True,articulo_predial,,,-1,-1,0.0,False,False,,,,QRO_PREDIAL_2014_amealco_de_bonfil.txt,2177
22003,queretaro,arroyo_seco,Arroyo Seco,2014,ok,2013/QRO_RAW_20131266,,,True,articulo_predial,,,-1,-1,0.0,False,False,,,,QRO_PREDIAL_2014_arroyo_seco.txt,2277
22004,queretaro,cadereyta_de_montes,Cadereyta de Montes,2014,ok,2013/QRO_RAW_20131266,,,True,articulo_predial,,,-1,-1,0.0,False,False,,,,QRO_PREDIAL_2014_cadereyta_de_montes.txt,2279
22005,queretaro,colon,Colon,2014,ok,2013/QRO_RAW_20131266,,,True,articulo_predial,,,-1,-1,0.0,False,False,,,,QRO_PREDIAL_2014_colon.txt,1852
22006,queretaro,corregidora,Corregidora,2014,ok,2013/QRO_RAW_20131266,,,True,articulo_predial,,,-1,-1,0.0,False,False,,,,QRO_PREDIAL_2014_corregidora.txt,4912
22011,queretaro,el_marques,El Marqués,2014,ok,2013/QRO_RAW_20131266,,,True,articulo_predial,,,-1,-1,0.0,False,False,,,,QRO_PREDIAL_2014_el_marques.txt,135063
22007,queretaro,ezequiel_montes,Ezequiel Montes,2014,ok,2013/QRO_RAW_20131266,,,True,articulo_predial,,,-1,-1,0.0,False,False,,,,QRO_PREDIAL_2014_ezequiel_montes.txt,1959
22008,queretaro,huimilpan,Huimilpan,2014,ok,2013/QRO_RAW_20131266,,,True,articulo_predial,,,-1,-1,0.0,False,False,,,,QRO_PREDIAL_2014_huimilpan.txt,2279
22009,queretaro,jalpan_de_serra,Jalpan de Serra,2014,ok,2013/QRO_RAW_20131266,,,True,articulo_predial,,,-1,-1,0.0,False,False,,,,QRO_PREDIAL_2014_jalpan_de_serra.txt,2271
22010,queretaro,landa_de_matamoros,Landa de Matamoros,2014,ok,2013/QRO_RAW_20131266,,,True,articulo_predial,,,-1,-1,0.0,False,False,,,,QRO_PREDIAL_2014_landa_de_matamoros.txt,2212
22012,queretaro,pedro_escobedo,Pedro Escobedo,2014,ok,2013/QRO_RAW_20131266,,,True,articulo_predial,,,-1,-1,0.0,False,False,,,,QRO_PREDIAL_2014_pedro_escobedo.txt,2266
22013,queretaro,penamiller,Peñamiller,2014,ok,2013/QRO_RAW_20131266,,,True,articulo_predial,,,-1,-1,0.0,False,False,,,,QRO_PREDIAL_2014_penamiller.txt,2267
22002,queretaro,pinal_de_amoles,Pinal de Amoles,2014,ok,2013/QRO_RAW_20131266,,,True,articulo_predial,,,-1,-1,0.0,False,False,,,,QRO_PREDIAL_2014_pinal_de_amoles.txt,2275
22014,queretaro,queretaro,Querétaro,2014,ok,2013/QRO_RAW_20131266,,,True,articulo_predial,,,-1,-1,0.0,False,False,,,,QRO_PREDIAL_2014_queretaro.txt,1453
22015,queretaro,san_joaquin,San Joaquin,2014,ok,2013/QRO_RAW_20131266,,,True,articulo_predial,,,-1,-1,0.0,False,False,,,,QRO_PREDIAL_2014_san_joaquin.txt,2218
22016,queretaro,san_juan_del_rio,San Juan del Rio,2014,ok,2013/QRO_RAW_20131266,,,True,articulo_predial,,,-1,-1,0.0,False,False,,,,QRO_PREDIAL_2014_san_juan_del_rio.txt,1843
22017,queretaro,tequisquiapan,Tequisquiapan,2014,ok,2013/QRO_RAW_20131266,,,True,articulo_predial,,,-1,-1,0.0,False,False,,,,QRO_PREDIAL_2014_tequisquiapan.txt,2096
22018,queretaro,toliman,Toliman,2014,ok,2013/QRO_RAW_20131266,,,True,articulo_predial,,,-1,-1,0.0,False,False,,,,QRO_PREDIAL_2014_toliman.txt,1857
22001,queretaro,amealco_de_bonfil,Amealco de Bonfil,2015,ok,2014/QRO_RAW_20141278,,,True,articulo_predial,,,-1,-1,0.0,False,False,,,,QRO_PREDIAL_2015_amealco_de_bonfil.txt,2281
22003,queretaro,arroyo_seco,Arroyo Seco,2015,ok,2014/QRO_RAW_20141278,,,True,articulo_predial,,,-1,-1,0.0,False,False,,,,QRO_PREDIAL_2015_arroyo_seco.txt,2476
22004,queretaro,cadereyta_de_montes,CADEREYTA,2015,ok,2014/QRO_RAW_20141278,,,True,articulo_predial,,,-1,-1,0.0,False,False,,,,QRO_PREDIAL_2015_cadereyta_de_montes.txt,2219
22005,queretaro,colon,Colon,2015,ok,2014/QRO_RAW_20141278,,,True,articulo_predial,,,-1,-1,0.0,False,False,,,,QRO_PREDIAL_2015_colon.txt,112880
22006,queretaro,corregidora,Corregidora,2015,ok,2014/QRO_RAW_20141278,,,True,articulo_predial,,,-1,-1,0.0,False,False,,,,QRO_PREDIAL_2015_corregidora.txt,7932
22007,queretaro,ezequiel_montes,Ezequiel Montes,2015,ok,2014/QRO_RAW_20141278,,,True,articulo_predial,,,-1,-1,0.0,False,False,,,,QRO_PREDIAL_2015_ezequiel_montes.txt,1896
22008,queretaro,huimilpan,Huimilpan,2015,ok,2014/QRO_RAW_20141278,,,True,articulo_predial,,,-1,-1,0.0,False,False,,,,QRO_PREDIAL_2015_huimilpan.txt,2287
22009,queretaro,jalpan_de_serra,Jalpan de Serra,2015,ok,2014/QRO_RAW_20141278,,,True,articulo_predial,,,-1,-1,0.0,False,False,,,,QRO_PREDIAL_2015_jalpan_de_serra.txt,2216
22010,queretaro,landa_de_matamoros,Landa de Matamoros,2015,ok,2014/QRO_RAW_20141278,,,True,articulo_predial,,,-1,-1,0.0,False,False,,,,QRO_PREDIAL_2015_landa_de_matamoros.txt,2279
22012,queretaro,pedro_escobedo,Pedro Escobedo,2015,ok,2014/QRO_RAW_20141278,,,True,articulo_predial,,,-1,-1,0.0,False,False,,,,QRO_PREDIAL_2015_pedro_escobedo.txt,2201
22013,queretaro,penamiller,Peñamiller,2015,ok,2014/QRO_RAW_20141278,,,True,articulo_predial,,,-1,-1,0.0,False,False,,,,QRO_PREDIAL_2015_penamiller.txt,2265
22002,queretaro,pinal_de_amoles,Pinal de Amoles,2015,ok,2014/QRO_RAW_20141278,,,True,articulo_predial,,,-1,-1,0.0,False,False,,,,QRO_PREDIAL_2015_pinal_de_amoles.txt,2280
22014,queretaro,queretaro,Querétaro,2015,ok,2014/QRO_RAW_20141278,,,True,articulo_predial,,,-1,-1,0.0,False,False,,,,QRO_PREDIAL_2015_queretaro.txt,1445
22015,queretaro,san_joaquin,San Joaquin,2015,ok,2014/QRO_RAW_20141278,,,True,articulo_predial,,,-1,-1,0.0,False,False,,,,QRO_PREDIAL_2015_san_joaquin.txt,2217
22016,queretaro,san_juan_del_rio,San Juan del Rio,2015,ok,2014/QRO_RAW_20141278,,,True,articulo_predial,,,-1,-1,0.0,False,False,,,,QRO_PREDIAL_2015_san_juan_del_rio.txt,1904
22017,queretaro,tequisquiapan,Tequisquiapan,2015,ok,2014/QRO_RAW_20141278,,,True,articulo_predial,,,-1,-1,0.0,False,False,,,,QRO_PREDIAL_2015_tequisquiapan.txt,2152
22018,queretaro,toliman,Toliman,2015,ok,2014/QRO_RAW_20141278,,,True,articulo_predial,,,-1,-1,0.0,False,False,,,,QRO_PREDIAL_2015_toliman.txt,1917
22001,queretaro,amealco_de_bonfil,Amealco de Bonfil,2016,ok,2015/QRO_RAW_20151298,,,True,articulo_predial,,,-1,-1,0.0,False,False,,,,QRO_PREDIAL_2016_amealco_de_bonfil.txt,2230
22003,queretaro,arroyo_seco,Arroyo Seco,2016,ok,2015/QRO_RAW_20151298,,,True,articulo_predial,,,-1,-1,0.0,False,False,,,,QRO_PREDIAL_2016_arroyo_seco.txt,2225
22004,queretaro,cadereyta_de_montes,Cadereyta de Montes,2016,ok,2015/QRO_RAW_20151298,,,True,articulo_predial,,,-1,-1,0.0,False,False,,,,QRO_PREDIAL_2016_cadereyta_de_montes.txt,2219
22004,queretaro,cadereyta_de_montes,Cadereyta de Montes,2016,ok,2015/QRO_RAW_20151298,,,True,articulo_predial,,,-1,-1,0.0,False,False,,,,QRO_PREDIAL_2016_cadereyta_de_montes.txt,104909
22006,queretaro,corregidora,Corregidora,2016,ok,2015/QRO_RAW_20151298,,,True,articulo_predial,,,-1,-1,0.0,False,False,,,,QRO_PREDIAL_2016_corregidora.txt,7934
22007,queretaro,ezequiel_montes,Ezequiel Montes,2016,ok,2015/QRO_RAW_20151298,,,True,articulo_predial,,,-1,-1,0.0,False,False,,,,QRO_PREDIAL_2016_ezequiel_montes.txt,1898
22008,queretaro,huimilpan,Huimilpan,2016,ok,2015/QRO_RAW_20151298,,,True,articulo_predial,,,-1,-1,0.0,False,False,,,,QRO_PREDIAL_2016_huimilpan.txt,2278
22009,queretaro,jalpan_de_serra,Jalpan de Serra,2016,ok,2015/QRO_RAW_20151298,,,True,articulo_predial,,,-1,-1,0.0,False,False,,,,QRO_PREDIAL_2016_jalpan_de_serra.txt,2221
22010,queretaro,landa_de_matamoros,Landa de Matamoros,2016,ok,2015/QRO_RAW_20151298,,,True,articulo_predial,,,-1,-1,0.0,False,False,,,,QRO_PREDIAL_2016_landa_de_matamoros.txt,2219
22012,queretaro,pedro_escobedo,Pedro Escobedo,2016,ok,2015/QRO_RAW_20151298,,,True,articulo_predial,,,-1,-1,0.0,False,False,,,,QRO_PREDIAL_2016_pedro_escobedo.txt,2195
22013,queretaro,penamiller,Peñamiller,2016,ok,2015/QRO_RAW_20151298,,,True,articulo_predial,,,-1,-1,0.0,False,False,,,,QRO_PREDIAL_2016_penamiller.txt,2219
22002,queretaro,pinal_de_amoles,Pinal de Amoles,2016,ok,2015/QRO_RAW_20151298,,,True,articulo_predial,,,-1,-1,0.0,False,False,,,,QRO_PREDIAL_2016_pinal_de_amoles.txt,2316
22014,queretaro,queretaro,Querétaro,2016,ok,2015/QRO_RAW_20151298,,,True,articulo_predial,,,-1,-1,0.0,False,False,,,,QRO_PREDIAL_2016_queretaro.txt,9317
22015,queretaro,san_joaquin,San Joaquin,2016,ok,2015/QRO_RAW_20151298,,,True,articulo_predial,,,-1,-1,0.0,False,False,,,,QRO_PREDIAL_2016_san_joaquin.txt,2214
22016,queretaro,san_juan_del_rio,SAN JUAN DEL RÍO QUERÉTARO,2016,ok,2015/QRO_RAW_20151298,,,True,articulo_predial,,,-1,-1,0.0,False,False,,,,QRO_PREDIAL_2016_san_juan_del_rio.txt,1849
22017,queretaro,tequisquiapan,Tequisquiapan,2016,ok,2015/QRO_RAW_20151298,,,True,articulo_predial,,,-1,-1,0.0,False,False,,,,QRO_PREDIAL_2016_tequisquiapan.txt,2159
22018,queretaro,toliman,Toliman,2016,ok,2015/QRO_RAW_20151298,,,True,articulo_predial,,,-1,-1,0.0,False,False,,,,QRO_PREDIAL_2016_toliman.txt,2213
22001,queretaro,amealco_de_bonfil,Amealco de Bonfil,2017,ok,2016/QRO_RAW_20161271,,,True,articulo_predial,,,-1,-1,0.0,False,False,,,,QRO_PREDIAL_2017_amealco_de_bonfil.txt,2268
22003,queretaro,arroyo_seco,Arroyo Seco,2017,ok,2016/QRO_RAW_20161271,,,True,articulo_predial,,,-1,-1,0.0,False,False,,,,QRO_PREDIAL_2017_arroyo_seco.txt,2280
22004,queretaro,cadereyta_de_montes,Cadereyta de Montes,2017,ok,2016/QRO_RAW_20161271,,,True,articulo_predial,,,-1,-1,0.0,False,False,,,,QRO_PREDIAL_2017_cadereyta_de_montes.txt,2280
22005,queretaro,colon,Colon,2017,ok,2016/QRO_RAW_20161271,,,True,articulo_predial,,,-1,-1,0.0,False,False,,,,QRO_PREDIAL_2017_colon.txt,9658
22006,queretaro,corregidora,Corregidora,2017,ok,2016/QRO_RAW_20161271,,,True,articulo_predial,,,-1,-1,0.0,False,False,,,,QRO_PREDIAL_2017_corregidora.txt,7898
22011,queretaro,el_marques,El Marqués,2017,ok,2016/QRO_RAW_20161271,,,True,articulo_predial,,,-1,-1,0.0,False,False,,,,QRO_PREDIAL_2017_el_marques.txt,9363
22007,queretaro,ezequiel_montes,Ezequiel Montes,2017,ok,2016/QRO_RAW_20161271,,,True,articulo_predial,,,-1,-1,0.0,False,False,,,,QRO_PREDIAL_2017_ezequiel_montes.txt,1960
22008,queretaro,huimilpan,Huimilpan,2017,ok,2016/QRO_RAW_20161271,,,True,articulo_predial,,,-1,-1,0.0,False,False,,,,QRO_PREDIAL_2017_huimilpan.txt,4508
22009,queretaro,jalpan_de_serra,Jalpan de Serra,2017,ok,2016/QRO_RAW_20161271,,,True,articulo_predial,,,-1,-1,0.0,False,False,,,,QRO_PREDIAL_2017_jalpan_de_serra.txt,4580
22010,queretaro,landa_de_matamoros,Landa de Matamoros,2017,ok,2016/QRO_RAW_20161271,,,True,articulo_predial,,,-1,-1,0.0,False,False,,,,QRO_PREDIAL_2017_landa_de_matamoros.txt,2265
22012,queretaro,pedro_escobedo,Pedro Escobedo,2017,ok,2016/QRO_RAW_20161271,,,True,articulo_predial,,,-1,-1,0.0,False,False,,,,QRO_PREDIAL_2017_pedro_escobedo.txt,7982
22013,queretaro,penamiller,Peñamiller,2017,ok,2016/QRO_RAW_20161271,,,True,articulo_predial,,,-1,-1,0.0,False,False,,,,QRO_PREDIAL_2017_penamiller.txt,2262
22002,queretaro,pinal_de_amoles,Pinal de Amoles,2017,ok,2016/QRO_RAW_20161271,,,True,articulo_predial,,,-1,-1,0.0,False,False,,,,QRO_PREDIAL_2017_pinal_de_amoles.txt,2297
22014,queretaro,queretaro,Querétaro,2017,ok,2016/QRO_RAW_20161271,,,True,articulo_predial,,,-1,-1,0.0,False,False,,,,QRO_PREDIAL_2017_queretaro.txt,9592
22015,queretaro,san_joaquin,San Joaquin,2017,ok,2016/QRO_RAW_20161271,,,True,articulo_predial,,,-1,-1,0.0,False,False,,,,QRO_PREDIAL_2017_san_joaquin.txt,2257
22016,queretaro,san_juan_del_rio,San Juan del Rio,2017,ok,2016/QRO_RAW_20161271,,,True,articulo_predial,,,-1,-1,0.0,False,False,,,,QRO_PREDIAL_2017_san_juan_del_rio.txt,9778
22017,queretaro,tequisquiapan,Tequisquiapan,2017,ok,2016/QRO_RAW_20161271,,,True,articulo_predial,,,-1,-1,0.0,False,False,,,,QRO_PREDIAL_2017_tequisquiapan.txt,1903
22018,queretaro,toliman,Toliman,2017,ok,2016/QRO_RAW_20161271,,,True,articulo_predial,,,-1,-1,0.0,False,False,,,,QRO_PREDIAL_2017_toliman.txt,2212
22004,queretaro,cadereyta_de_montes,Cadereyta de Montes,2017,ok,2017/QRO_RAW_20170748,,,True,articulo_predial,,,-1,-1,0.0,False,False,,,,QRO_PREDIAL_2017_cadereyta_de_montes.txt,2123
22001,queretaro,amealco_de_bonfil,Amealco de Bonfil,2018,ok,2017/QRO_RAW_20171290,,,True,articulo_predial,,,-1,-1,0.0,False,False,,,,QRO_PREDIAL_2018_amealco_de_bonfil.txt,2265
22003,queretaro,arroyo_seco,Arroyo Seco,2018,ok,2017/QRO_RAW_20171290,,,True,articulo_predial,,,-1,-1,0.0,False,False,,,,QRO_PREDIAL_2018_arroyo_seco.txt,2228
22004,queretaro,cadereyta_de_montes,Cadereyta de Montes,2018,ok,2017/QRO_RAW_20171290,,,True,articulo_predial,,,-1,-1,0.0,False,False,,,,QRO_PREDIAL_2018_cadereyta_de_montes.txt,2220
22005,queretaro,colon,Colon,2018,ok,2017/QRO_RAW_20171290,,,True,articulo_predial,,,-1,-1,0.0,False,False,,,,QRO_PREDIAL_2018_colon.txt,9884
22006,queretaro,corregidora,Corregidora,2018,ok,2017/QRO_RAW_20171290,,,True,articulo_predial,,,-1,-1,0.0,False,False,,,,QRO_PREDIAL_2018_corregidora.txt,8077
22011,queretaro,el_marques,El Marqués,2018,ok,2017/QRO_RAW_20171290,,,True,articulo_predial,,,-1,-1,0.0,False,False,,,,QRO_PREDIAL_2018_el_marques.txt,9533
22007,queretaro,ezequiel_montes,Ezequiel Montes,2018,ok,2017/QRO_RAW_20171290,,,True,articulo_predial,,,-1,-1,0.0,False,False,,,,QRO_PREDIAL_2018_ezequiel_montes.txt,1951
22008,queretaro,huimilpan,Huimilpan,2018,ok,2017/QRO_RAW_20171290,,,True,articulo_predial,,,-1,-1,0.0,False,False,,,,QRO_PREDIAL_2018_huimilpan.txt,5287
22009,queretaro,jalpan_de_serra,Jalpan de Serra,2018,ok,2017/QRO_RAW_20171290,,,True,articulo_predial,,,-1,-1,0.0,False,False,,,,QRO_PREDIAL_2018_jalpan_de_serra.txt,4507
22010,queretaro,landa_de_matamoros,Landa de Matamoros,2018,ok,2017/QRO_RAW_20171290,,,True,articulo_predial,,,-1,-1,0.0,False,False,,,,QRO_PREDIAL_2018_landa_de_matamoros.txt,2205
22012,queretaro,pedro_escobedo,PEDRO ESCOBEDO QUERÉTARO,2018,ok,2017/QRO_RAW_20171290,,,True,articulo_predial,,,-1,-1,0.0,False,False,,,,QRO_PREDIAL_2018_pedro_escobedo.txt,8386
22013,queretaro,penamiller,Peñamiller,2018,ok,2017/QRO_RAW_20171290,,,True,articulo_predial,,,-1,-1,0.0,False,False,,,,QRO_PREDIAL_2018_penamiller.txt,2260
22002,queretaro,pinal_de_amoles,Pinal de Amoles,2018,ok,2017/QRO_RAW_20171290,,,True,articulo_predial,,,-1,-1,0.0,False,False,,,,QRO_PREDIAL_2018_pinal_de_amoles.txt,2300
22014,queretaro,queretaro,Querétaro,2018,ok,2017/QRO_RAW_20171290,,,True,articulo_predial,,,-1,-1,0.0,False,False,,,,QRO_PREDIAL_2018_queretaro.txt,9607
22015,queretaro,san_joaquin,San Joaquin,2018,ok,2017/QRO_RAW_20171290,,,True,articulo_predial,,,-1,-1,0.0,False,False,,,,QRO_PREDIAL_2018_san_joaquin.txt,2260
22016,queretaro,san_juan_del_rio,San Juan del Rio,2018,ok,2017/QRO_RAW_20171290,,,True,articulo_predial,,,-1,-1,0.0,False,False,,,,QRO_PREDIAL_2018_san_juan_del_rio.txt,9764
22017,queretaro,tequisquiapan,Tequisquiapan,2018,ok,2017/QRO_RAW_20171290,,,True,articulo_predial,,,-1,-1,0.0,False,False,,,,QRO_PREDIAL_2018_tequisquiapan.txt,1903
22018,queretaro,toliman,Toliman,2018,ok,2017/QRO_RAW_20171290,,,True,articulo_predial,,,-1,-1,0.0,False,False,,,,QRO_PREDIAL_2018_toliman.txt,2269
22001,queretaro,amealco_de_bonfil,Amealco de Bonfil,2019,ok,2018/QRO_RAW_201812114,,,True,articulo_predial,,,-1,-1,0.0,False,False,,,,QRO_PREDIAL_2019_amealco_de_bonfil.txt,2267
22003,queretaro,arroyo_seco,Arroyo Seco,2019,ok,2018/QRO_RAW_201812114,,,True,articulo_predial,,,-1,-1,0.0,False,False,,,,QRO_PREDIAL_2019_arroyo_seco.txt,2223
22004,queretaro,cadereyta_de_montes,Cadereyta de Montes,2019,ok,2018/QRO_RAW_201812114,,,True,articulo_predial,,,-1,-1,0.0,False,False,,,,QRO_PREDIAL_2019_cadereyta_de_montes.txt,2206
22005,queretaro,colon,Colon,2019,ok,2018/QRO_RAW_201812114,,,True,articulo_predial,,,-1,-1,0.0,False,False,,,,QRO_PREDIAL_2019_colon.txt,9915
22006,queretaro,corregidora,Corregidora,2019,ok,2018/QRO_RAW_201812114,,,True,articulo_predial,,,-1,-1,0.0,False,False,,,,QRO_PREDIAL_2019_corregidora.txt,8113
22011,queretaro,el_marques,El Marqués,2019,ok,2018/QRO_RAW_201812114,,,True,articulo_predial,,,-1,-1,0.0,False,False,,,,QRO_PREDIAL_2019_el_marques.txt,8860
22007,queretaro,ezequiel_montes,Ezequiel Montes,2019,ok,2018/QRO_RAW_201812114,,,True,articulo_predial,,,-1,-1,0.0,False,False,,,,QRO_PREDIAL_2019_ezequiel_montes.txt,1950
22008,queretaro,huimilpan,Huimilpan,2019,ok,2018/QRO_RAW_201812114,,,True,articulo_predial,,,-1,-1,0.0,False,False,,,,QRO_PREDIAL_2019_huimilpan.txt,5675
22009,queretaro,jalpan_de_serra,Jalpan de Serra,2019,ok,2018/QRO_RAW_201812114,,,True,articulo_predial,,,-1,-1,0.0,False,False,,,,QRO_PREDIAL_2019_jalpan_de_serra.txt,5272
22010,queretaro,landa_de_matamoros,Landa de Matamoros,2019,ok,2018/QRO_RAW_201812114,,,True,articulo_predial,,,-1,-1,0.0,False,False,,,,QRO_PREDIAL_2019_landa_de_matamoros.txt,2258
22012,queretaro,pedro_escobedo,Pedro Escobedo,2019,ok,2018/QRO_RAW_201812114,,,True,articulo_predial,,,-1,-1,0.0,False,False,,,,QRO_PREDIAL_2019_pedro_escobedo.txt,9724
22013,queretaro,penamiller,Peñamiller,2019,ok,2018/QRO_RAW_201812114,,,True,articulo_predial,,,-1,-1,0.0,False,False,,,,QRO_PREDIAL_2019_penamiller.txt,2259
22002,queretaro,pinal_de_amoles,Pinal de Amoles,2019,ok,2018/QRO_RAW_201812114,,,True,articulo_predial,,,-1,-1,0.0,False,False,,,,QRO_PREDIAL_2019_pinal_de_amoles.txt,2296
22014,queretaro,queretaro,Querétaro,2019,ok,2018/QRO_RAW_201812114,,,True,articulo_predial,,,-1,-1,0.0,False,False,,,,QRO_PREDIAL_2019_queretaro.txt,9647
22015,queretaro,san_joaquin,San Joaquin,2019,ok,2018/QRO_RAW_201812114,,,True,articulo_predial,,,-1,-1,0.0,False,False,,,,QRO_PREDIAL_2019_san_joaquin.txt,2256
22016,queretaro,san_juan_del_rio,San Juan del Rio,2019,ok,2018/QRO_RAW_201812114,,,True,articulo_predial,,,-1,-1,0.0,False,False,,,,QRO_PREDIAL_2019_san_juan_del_rio.txt,9557
22017,queretaro,tequisquiapan,Tequisquiapan,2019,ok,2018/QRO_RAW_201812114,,,True,articulo_predial,,,-1,-1,0.0,False,False,,,,QRO_PREDIAL_2019_tequisquiapan.txt,7620
22018,queretaro,toliman,Toliman,2019,ok,2018/QRO_RAW_201812114,,,True,articulo_predial,,,-1,-1,0.0,False,False,,,,QRO_PREDIAL_2019_toliman.txt,2213
22001,queretaro,amealco_de_bonfil,Amealco de Bonfil,2020,ok,2019/QRO_RAW_20191292,,,True,articulo_predial,,,-1,-1,0.0,False,False,,,,QRO_PREDIAL_2020_amealco_de_bonfil.txt,790
22003,queretaro,arroyo_seco,Arroyo Seco,2020,ok,2019/QRO_RAW_20191292,,,True,articulo_predial,,,-1,-1,0.0,False,False,,,,QRO_PREDIAL_2020_arroyo_seco.txt,2286
22004,queretaro,cadereyta_de_montes,Cadereyta de Montes,2020,ok,2019/QRO_RAW_20191292,,,True,articulo_predial,,,-1,-1,0.0,False,False,,,,QRO_PREDIAL_2020_cadereyta_de_montes.txt,2109
22005,queretaro,colon,Colon,2020,ok,2019/QRO_RAW_20191292,,,True,articulo_predial,,,-1,-1,0.0,False,False,,,,QRO_PREDIAL_2020_colon.txt,9213
22006,queretaro,corregidora,Corregidora,2020,ok,2019/QRO_RAW_20191292,,,True,articulo_predial,,,-1,-1,0.0,False,False,,,,QRO_PREDIAL_2020_corregidora.txt,7772
22007,queretaro,ezequiel_montes,Ezequiel Montes,2020,ok,2019/QRO_RAW_20191292,,,True,articulo_predial,,,-1,-1,0.0,False,False,,,,QRO_PREDIAL_2020_ezequiel_montes.txt,1897
22008,queretaro,huimilpan,Huimilpan,2020,ok,2019/QRO_RAW_20191292,,,True,articulo_predial,,,-1,-1,0.0,False,False,,,,QRO_PREDIAL_2020_huimilpan.txt,6722
22009,queretaro,jalpan_de_serra,Jalpan de Serra,2020,ok,2019/QRO_RAW_20191292,,,True,articulo_predial,,,-1,-1,0.0,False,False,,,,QRO_PREDIAL_2020_jalpan_de_serra.txt,5901
22010,queretaro,landa_de_matamoros,Landa de Matamoros,2020,ok,2019/QRO_RAW_20191292,,,True,articulo_predial,,,-1,-1,0.0,False,False,,,,QRO_PREDIAL_2020_landa_de_matamoros.txt,2269
22012,queretaro,pedro_escobedo,Pedro Escobedo,2020,ok,2019/QRO_RAW_20191292,,,True,articulo_predial,,,-1,-1,0.0,False,False,,,,QRO_PREDIAL_2020_pedro_escobedo.txt,9549
22013,queretaro,penamiller,Peñamiller,2020,ok,2019/QRO_RAW_20191292,,,True,articulo_predial,,,-1,-1,0.0,False,False,,,,QRO_PREDIAL_2020_penamiller.txt,2252
22002,queretaro,pinal_de_amoles,Pinal de Amoles,2020,ok,2019/QRO_RAW_20191292,,,True,articulo_predial,,,-1,-1,0.0,False,False,,,,QRO_PREDIAL_2020_pinal_de_amoles.txt,2238
22014,queretaro,queretaro,Querétaro,2020,ok,2019/QRO_RAW_20191292,,,True,articulo_predial,,,-1,-1,0.0,False,False,,,,QRO_PREDIAL_2020_queretaro.txt,323927
22015,queretaro,san_joaquin,San Joaquin,2020,ok,2019/QRO_RAW_20191292,,,True,articulo_predial,,,-1,-1,0.0,False,False,,,,QRO_PREDIAL_2020_san_joaquin.txt,2197
22016,queretaro,san_juan_del_rio,San Juan del Rio,2020,ok,2019/QRO_RAW_20191292,,,True,articulo_predial,,,-1,-1,0.0,False,False,,,,QRO_PREDIAL_2020_san_juan_del_rio.txt,9657
22017,queretaro,tequisquiapan,Tequisquiapan,2020,ok,2019/QRO_RAW_20191292,,,True,articulo_predial,,,-1,-1,0.0,False,False,,,,QRO_PREDIAL_2020_tequisquiapan.txt,7667
22018,queretaro,toliman,Toliman,2020,ok,2019/QRO_RAW_20191292,,,True,articulo_predial,,,-1,-1,0.0,False,False,,,,QRO_PREDIAL_2020_toliman.txt,2265
22001,queretaro,amealco_de_bonfil,Amealco de Bonfil,2021,ok,2020/QRO_RAW_202012102,,,True,articulo_predial,,,-1,-1,0.0,False,False,,,,QRO_PREDIAL_2021_amealco_de_bonfil.txt,851
22003,queretaro,arroyo_seco,Arroyo Seco,2021,ok,2020/QRO_RAW_202012102,,,True,articulo_predial,,,-1,-1,0.0,False,False,,,,QRO_PREDIAL_2021_arroyo_seco.txt,2225
22004,queretaro,cadereyta_de_montes,Cadereyta de Montes,2021,ok,2020/QRO_RAW_202012102,,,True,articulo_predial,,,-1,-1,0.0,False,False,,,,QRO_PREDIAL_2021_cadereyta_de_montes.txt,2109
22005,queretaro,colon,Colon,2021,ok,2020/QRO_RAW_202012102,,,True,articulo_predial,,,-1,-1,0.0,False,False,,,,QRO_PREDIAL_2021_colon.txt,10992
22006,queretaro,corregidora,Corregidora,2021,ok,2020/QRO_RAW_202012102,,,True,articulo_predial,,,-1,-1,0.0,False,False,,,,QRO_PREDIAL_2021_corregidora.txt,7890
22011,queretaro,el_marques,El Marqués,2021,ok,2020/QRO_RAW_202012102,,,True,articulo_predial,,,-1,-1,0.0,False,False,,,,QRO_PREDIAL_2021_el_marques.txt,8820
22007,queretaro,ezequiel_montes,Ezequiel Montes,2021,ok,2020/QRO_RAW_202012102,,,True,articulo_predial,,,-1,-1,0.0,False,False,,,,QRO_PREDIAL_2021_ezequiel_montes.txt,783
22008,queretaro,huimilpan,Huimilpan,2021,ok,2020/QRO_RAW_202012102,,,True,articulo_predial,,,-1,-1,0.0,False,False,,,,QRO_PREDIAL_2021_huimilpan.txt,5683
22009,queretaro,jalpan_de_serra,Jalpan de Serra,2021,ok,2020/QRO_RAW_202012102,,,True,articulo_predial,,,-1,-1,0.0,False,False,,,,QRO_PREDIAL_2021_jalpan_de_serra.txt,5901
22010,queretaro,landa_de_matamoros,Landa de Matamoros,2021,ok,2020/QRO_RAW_202012103,,,True,articulo_predial,,,-1,-1,0.0,False,False,,,,QRO_PREDIAL_2021_landa_de_matamoros.txt,1897
22012,queretaro,pedro_escobedo,Pedro Escobedo,2021,ok,2020/QRO_RAW_202012103,,,True,articulo_predial,,,-1,-1,0.0,False,False,,,,QRO_PREDIAL_2021_pedro_escobedo.txt,9493
22013,queretaro,penamiller,Peñamiller,2021,ok,2020/QRO_RAW_202012103,,,True,articulo_predial,,,-1,-1,0.0,False,False,,,,QRO_PREDIAL_2021_penamiller.txt,1876
22002,queretaro,pinal_de_amoles,Pinal de Amoles,2021,ok,2020/QRO_RAW_202012103,,,True,articulo_predial,,,-1,-1,0.0,False,False,,,,QRO_PREDIAL_2021_pinal_de_amoles.txt,2214
22014,queretaro,queretaro,Querétaro,2021,ok,2020/QRO_RAW_202012103,,,True,articulo_predial,,,-1,-1,0.0,False,False,,,,QRO_PREDIAL_2021_queretaro.txt,333980
22015,queretaro,san_joaquin,San Joaquin,2021,ok,2020/QRO_RAW_202012103,,,True,articulo_predial,,,-1,-1,0.0,False,False,,,,QRO_PREDIAL_2021_san_joaquin.txt,2198
22016,queretaro,san_juan_del_rio,San Juan del Rio,2021,ok,2020/QRO_RAW_202012103,,,True,articulo_predial,,,-1,-1,0.0,False,False,,,,QRO_PREDIAL_2021_san_juan_del_rio.txt,9664
22017,queretaro,tequisquiapan,Tequisquiapan,2021,ok,2020/QRO_RAW_202012103,,,True,articulo_predial,,,-1,-1,0.0,False,False,,,,QRO_PREDIAL_2021_tequisquiapan.txt,7663
22018,queretaro,toliman,Toliman,2021,ok,2020/QRO_RAW_202012103,,,True,articulo_predial,,,-1,-1,0.0,False,False,,,,QRO_PREDIAL_2021_toliman.txt,2180
22001,queretaro,amealco_de_bonfil,Amealco de Bonfil,2022,ok,2021/QRO_RAW_202112111,,,True,articulo_predial,,,-1,-1,0.0,False,False,,,,QRO_PREDIAL_2022_amealco_de_bonfil.txt,791
22003,queretaro,arroyo_seco,Arroyo Seco,2022,ok,2021/QRO_RAW_202112111,,,True,articulo_predial,,,-1,-1,0.0,False,False,,,,QRO_PREDIAL_2022_arroyo_seco.txt,2224
22004,queretaro,cadereyta_de_montes,Cadereyta de Montes,2022,ok,2021/QRO_RAW_202112111,,,True,articulo_predial,,,-1,-1,0.0,False,False,,,,QRO_PREDIAL_2022_cadereyta_de_montes.txt,2166
22005,queretaro,colon,Colon,2022,ok,2021/QRO_RAW_202112111,,,True,articulo_predial,,,-1,-1,0.0,False,False,,,,QRO_PREDIAL_2022_colon.txt,10932
22006,queretaro,corregidora,Corregidora,2022,ok,2021/QRO_RAW_202112111,,,True,articulo_predial,,,-1,-1,0.0,False,False,,,,QRO_PREDIAL_2022_corregidora.txt,7906
22011,queretaro,el_marques,El Marqués,2022,ok,2021/QRO_RAW_202112111,,,True,articulo_predial,,,-1,-1,0.0,False,False,,,,QRO_PREDIAL_2022_el_marques.txt,10394
22007,queretaro,ezequiel_montes,Ezequiel Montes,2022,ok,2021/QRO_RAW_202112111,,,True,articulo_predial,,,-1,-1,0.0,False,False,,,,QRO_PREDIAL_2022_ezequiel_montes.txt,785
22008,queretaro,huimilpan,Huimilpan,2022,ok,2021/QRO_RAW_202112111,,,True,articulo_predial,,,-1,-1,0.0,False,False,,,,QRO_PREDIAL_2022_huimilpan.txt,8136
22009,queretaro,jalpan_de_serra,Jalpan de Serra,2022,ok,2021/QRO_RAW_202112111,,,True,articulo_predial,,,-1,-1,0.0,False,False,,,,QRO_PREDIAL_2022_jalpan_de_serra.txt,5189
22010,queretaro,landa_de_matamoros,Landa de Matamoros,2022,ok,2021/QRO_RAW_202112112,,,True,articulo_predial,,,-1,-1,0.0,False,False,,,,QRO_PREDIAL_2022_landa_de_matamoros.txt,1896
22012,queretaro,pedro_escobedo,Pedro Escobedo,2022,ok,2021/QRO_RAW_202112112,,,True,articulo_predial,,,-1,-1,0.0,False,False,,,,QRO_PREDIAL_2022_pedro_escobedo.txt,9570
22013,queretaro,penamiller,Peñamiller,2022,ok,2021/QRO_RAW_202112112,,,True,articulo_predial,,,-1,-1,0.0,False,False,,,,QRO_PREDIAL_2022_penamiller.txt,1931
22002,queretaro,pinal_de_amoles,Pinal de Amoles,2022,ok,2021/QRO_RAW_202112112,,,True,articulo_predial,,,-1,-1,0.0,False,False,,,,QRO_PREDIAL_2022_pinal_de_amoles.txt,2279
22014,queretaro,queretaro,Querétaro,2022,ok,2021/QRO_RAW_202112112,,,True,articulo_predial,,,-1,-1,0.0,False,False,,,,QRO_PREDIAL_2022_queretaro.txt,345191
22015,queretaro,san_joaquin,San Joaquin,2022,ok,2021/QRO_RAW_202112112,,,True,articulo_predial,,,-1,-1,0.0,False,False,,,,QRO_PREDIAL_2022_san_joaquin.txt,2258
22016,queretaro,san_juan_del_rio,San Juan del Rio,2022,ok,2021/QRO_RAW_202112112,,,True,articulo_predial,,,-1,-1,0.0,False,False,,,,QRO_PREDIAL_2022_san_juan_del_rio.txt,10494
22017,queretaro,tequisquiapan,Tequisquiapan,2022,ok,2021/QRO_RAW_202112112,,,True,articulo_predial,,,-1,-1,0.0,False,False,,,,QRO_PREDIAL_2022_tequisquiapan.txt,7629
22018,queretaro,toliman,Toliman,2022,ok,2021/QRO_RAW_202112112,,,True,articulo_predial,,,-1,-1,0.0,False,False,,,,QRO_PREDIAL_2022_toliman.txt,2180
22001,queretaro,amealco_de_bonfil,Amealco de Bonfil,2023,ok,2022/QRO_RAW_20221290,,,True,articulo_predial,,,-1,-1,0.0,False,False,,,,QRO_PREDIAL_2023_amealco_de_bonfil.txt,849
22003,queretaro,arroyo_seco,Arroyo Seco,2023,ok,2022/QRO_RAW_20221290,,,True,articulo_predial,,,-1,-1,0.0,False,False,,,,QRO_PREDIAL_2023_arroyo_seco.txt,2205
22004,queretaro,cadereyta_de_montes,Cadereyta de Montes,2023,ok,2022/QRO_RAW_20221290,,,True,articulo_predial,,,-1,-1,0.0,False,False,,,,QRO_PREDIAL_2023_cadereyta_de_montes.txt,9562
22005,queretaro,colon,Colon,2023,ok,2022/QRO_RAW_20221290,,,True,articulo_predial,,,-1,-1,0.0,False,False,,,,QRO_PREDIAL_2023_colon.txt,9081
22006,queretaro,corregidora,Corregidora,2023,ok,2022/QRO_RAW_20221290,,,True,articulo_predial,,,-1,-1,0.0,False,False,,,,QRO_PREDIAL_2023_corregidora.txt,10442
22011,queretaro,el_marques,El Marqués,2023,ok,2022/QRO_RAW_20221290,,,True,articulo_predial,,,-1,-1,0.0,False,False,,,,QRO_PREDIAL_2023_el_marques.txt,9684
22007,queretaro,ezequiel_montes,Ezequiel Montes,2023,ok,2022/QRO_RAW_20221290,,,True,articulo_predial,,,-1,-1,0.0,False,False,,,,QRO_PREDIAL_2023_ezequiel_montes.txt,783
22008,queretaro,huimilpan,Huimilpan,2023,ok,2022/QRO_RAW_20221290,,,True,articulo_predial,,,-1,-1,0.0,False,False,,,,QRO_PREDIAL_2023_huimilpan.txt,7668
22009,queretaro,jalpan_de_serra,Jalpan de Serra,2023,ok,2022/QRO_RAW_20221290,,,True,articulo_predial,,,-1,-1,0.0,False,False,,,,QRO_PREDIAL_2023_jalpan_de_serra.txt,5252
22010,queretaro,landa_de_matamoros,Landa de Matamoros,2023,ok,2022/QRO_RAW_20221291,,,True,articulo_predial,,,-1,-1,0.0,False,False,,,,QRO_PREDIAL_2023_landa_de_matamoros.txt,1955
22012,queretaro,pedro_escobedo,Pedro Escobedo,2023,ok,2022/QRO_RAW_20221291,,,True,articulo_predial,,,-1,-1,0.0,False,False,,,,QRO_PREDIAL_2023_pedro_escobedo.txt,9567
22013,queretaro,penamiller,Peñamiller,2023,ok,2022/QRO_RAW_20221291,,,True,articulo_predial,,,-1,-1,0.0,False,False,,,,QRO_PREDIAL_2023_penamiller.txt,1934
22002,queretaro,pinal_de_amoles,Pinal de Amoles,2023,ok,2022/QRO_RAW_20221291,,,True,articulo_predial,,,-1,-1,0.0,False,False,,,,QRO_PREDIAL_2023_pinal_de_amoles.txt,2216
22014,queretaro,queretaro,Querétaro,2023,ok,2022/QRO_RAW_20221291,,,True,articulo_predial,,,-1,-1,0.0,False,False,,,,QRO_PREDIAL_2023_queretaro.txt,356548
22015,queretaro,san_joaquin,San Joaquin,2023,ok,2022/QRO_RAW_20221291,,,True,articulo_predial,,,-1,-1,0.0,False,False,,,,QRO_PREDIAL_2023_san_joaquin.txt,2257
22016,queretaro,san_juan_del_rio,San Juan del Rio,2023,ok,2022/QRO_RAW_20221291,,,True,articulo_predial,,,-1,-1,0.0,False,False,,,,QRO_PREDIAL_2023_san_juan_del_rio.txt,10386
22017,queretaro,tequisquiapan,Tequisquiapan,2023,ok,2022/QRO_RAW_20221291,,,True,articulo_predial,,,-1,-1,0.0,False,False,,,,QRO_PREDIAL_2023_tequisquiapan.txt,7633
22018,queretaro,toliman,Toliman,2023,ok,2022/QRO_RAW_20221291,,,True,articulo_predial,,,-1,-1,0.0,False,False,,,,QRO_PREDIAL_2023_toliman.txt,2239
22001,queretaro,amealco_de_bonfil,Amealco de Bonfil,2024,ok,2023/QRO_RAW_202312102,,,True,articulo_predial,,,-1,-1,0.0,False,False,,,,QRO_PREDIAL_2024_amealco_de_bonfil.txt,791
22003,queretaro,arroyo_seco,Arroyo Seco,2024,ok,2023/QRO_RAW_202312102,,,True,articulo_predial,,,-1,-1,0.0,False,False,,,,QRO_PREDIAL_2024_arroyo_seco.txt,2261
22004,queretaro,cadereyta_de_montes,Cadereyta de Montes,2024,ok,2023/QRO_RAW_202312102,,,True,articulo_predial,,,-1,-1,0.0,False,False,,,,QRO_PREDIAL_2024_cadereyta_de_montes.txt,9519
22005,queretaro,colon,Colon,2024,ok,2023/QRO_RAW_202312102,,,True,articulo_predial,,,-1,-1,0.0,False,False,,,,QRO_PREDIAL_2024_colon.txt,9972
22006,queretaro,corregidora,Corregidora,2024,ok,2023/QRO_RAW_202312102,,,True,articulo_predial,,,-1,-1,0.0,False,False,,,,QRO_PREDIAL_2024_corregidora.txt,10030
22011,queretaro,el_marques,El Marqués,2024,ok,2023/QRO_RAW_202312102,,,True,articulo_predial,,,-1,-1,0.0,False,False,,,,QRO_PREDIAL_2024_el_marques.txt,9784
22007,queretaro,ezequiel_montes,Ezequiel Montes,2024,ok,2023/QRO_RAW_202312103,,,True,articulo_predial,,,-1,-1,0.0,False,False,,,,QRO_PREDIAL_2024_ezequiel_montes.txt,842
22008,queretaro,huimilpan,Huimilpan,2024,ok,2023/QRO_RAW_202312103,,,True,articulo_predial,,,-1,-1,0.0,False,False,,,,QRO_PREDIAL_2024_huimilpan.txt,7600
22009,queretaro,jalpan_de_serra,Jalpan de Serra,2024,ok,2023/QRO_RAW_202312103,,,True,articulo_predial,,,-1,-1,0.0,False,False,,,,QRO_PREDIAL_2024_jalpan_de_serra.txt,5191
22010,queretaro,landa_de_matamoros,Landa de Matamoros,2024,ok,2023/QRO_RAW_202312103,,,True,articulo_predial,,,-1,-1,0.0,False,False,,,,QRO_PREDIAL_2024_landa_de_matamoros.txt,1895
22012,queretaro,pedro_escobedo,Pedro Escobedo,2024,ok,2023/QRO_RAW_202312103,,,True,articulo_predial,,,-1,-1,0.0,False,False,,,,QRO_PREDIAL_2024_pedro_escobedo.txt,9528
22013,queretaro,penamiller,Peñamiller,2024,ok,2023/QRO_RAW_202312103,,,True,articulo_predial,,,-1,-1,0.0,False,False,,,,QRO_PREDIAL_2024_penamiller.txt,1936
22002,queretaro,pinal_de_amoles,Pinal de Amoles,2024,ok,2023/QRO_RAW_202312103,,,True,articulo_predial,,,-1,-1,0.0,False,False,,,,QRO_PREDIAL_2024_pinal_de_amoles.txt,2273
22014,queretaro,queretaro,Querétaro,2024,ok,2023/QRO_RAW_202312103,,,True,articulo_predial,,,-1,-1,0.0,False,False,,,,QRO_PREDIAL_2024_queretaro.txt,345268
22015,queretaro,san_joaquin,San Joaquin,2024,ok,2023/QRO_RAW_202312103,,,True,articulo_predial,,,-1,-1,0.0,False,False,,,,QRO_PREDIAL_2024_san_joaquin.txt,2202
22016,queretaro,san_juan_del_rio,San Juan del Rio,2024,ok,2023/QRO_RAW_202312103,,,True,articulo_predial,,,-1,-1,0.0,False,False,,,,QRO_PREDIAL_2024_san_juan_del_rio.txt,10379
22017,queretaro,tequisquiapan,Tequisquiapan,2024,ok,2023/QRO_RAW_202312103,,,True,articulo_predial,,,-1,-1,0.0,False,False,,,,QRO_PREDIAL_2024_tequisquiapan.txt,7625
22018,queretaro,toliman,Toliman,2024,ok,2023/QRO_RAW_202312103,,,True,articulo_predial,,,-1,-1,0.0,False,False,,,,QRO_PREDIAL_2024_toliman.txt,2181
22001,queretaro,amealco_de_bonfil,Amealco de Bonfil,2025,ok,2024/QRO_RAW_202412121,,,True,articulo_predial,,,-1,-1,0.0,False,False,,,,QRO_PREDIAL_2025_amealco_de_bonfil.txt,847
22003,queretaro,arroyo_seco,Arroyo Seco,2025,ok,2024/QRO_RAW_202412121,,,True,articulo_predial,,,-1,-1,0.0,False,False,,,,QRO_PREDIAL_2025_arroyo_seco.txt,2265
22004,queretaro,cadereyta_de_montes,Cadereyta de Montes,2025,ok,2024/QRO_RAW_202412121,,,True,articulo_predial,,,-1,-1,0.0,False,False,,,,QRO_PREDIAL_2025_cadereyta_de_montes.txt,9714
22005,queretaro,colon,Colon,2025,ok,2024/QRO_RAW_202412121,,,True,articulo_predial,,,-1,-1,0.0,False,False,,,,QRO_PREDIAL_2025_colon.txt,9294
22006,queretaro,corregidora,Corregidora,2025,ok,2024/QRO_RAW_202412121,,,True,articulo_predial,,,-1,-1,0.0,False,False,,,,QRO_PREDIAL_2025_corregidora.txt,10216
22011,queretaro,el_marques,El Marqués,2025,ok,2024/QRO_RAW_202412122,,,True,articulo_predial,,,-1,-1,0.0,False,False,,,,QRO_PREDIAL_2025_el_marques.txt,10374
22007,queretaro,ezequiel_montes,Ezequiel Montes,2025,ok,2024/QRO_RAW_202412122,,,True,articulo_predial,,,-1,-1,0.0,False,False,,,,QRO_PREDIAL_2025_ezequiel_montes.txt,783
22008,queretaro,huimilpan,Huimilpan,2025,ok,2024/QRO_RAW_202412122,,,True,articulo_predial,,,-1,-1,0.0,False,False,,,,QRO_PREDIAL_2025_huimilpan.txt,7611
22009,queretaro,jalpan_de_serra,Jalpan de Serra,2025,ok,2024/QRO_RAW_202412122,,,True,articulo_predial,,,-1,-1,0.0,False,False,,,,QRO_PREDIAL_2025_jalpan_de_serra.txt,5192
22010,queretaro,landa_de_matamoros,Landa de Matamoros,2025,ok,2024/QRO_RAW_202412122,,,True,articulo_predial,,,-1,-1,0.0,False,False,,,,QRO_PREDIAL_2025_landa_de_matamoros.txt,1952
22012,queretaro,pedro_escobedo,Pedro Escobedo,2025,ok,2024/QRO_RAW_202412122,,,True,articulo_predial,,,-1,-1,0.0,False,False,,,,QRO_PREDIAL_2025_pedro_escobedo.txt,8142
22013,queretaro,penamiller,Peñamiller,2025,ok,2024/QRO_RAW_202412122,,,True,articulo_predial,,,-1,-1,0.0,False,False,,,,QRO_PREDIAL_2025_penamiller.txt,1875
22002,queretaro,pinal_de_amoles,Pinal de Amoles,2025,ok,2024/QRO_RAW_202412122,,,True,articulo_predial,,,-1,-1,0.0,False,False,,,,QRO_PREDIAL_2025_pinal_de_amoles.txt,2220
22014,queretaro,queretaro,Querétaro,2025,ok,2024/QRO_RAW_202412122,,,True,articulo_predial,,,-1,-1,0.0,False,False,,,,QRO_PREDIAL_2025_queretaro.txt,363501
22015,queretaro,san_joaquin,San Joaquin,2025,ok,2024/QRO_RAW_202412123,,,True,articulo_predial,,,-1,-1,0.0,False,False,,,,QRO_PREDIAL_2025_san_joaquin.txt,2185
22016,queretaro,san_juan_del_rio,San Juan del Rio,2025,ok,2024/QRO_RAW_202412123,,,True,articulo_predial,,,-1,-1,0.0,False,False,,,,QRO_PREDIAL_2025_san_juan_del_rio.txt,10242
22017,queretaro,tequisquiapan,Tequisquiapan,2025,ok,2024/QRO_RAW_202412123,,,True,articulo_predial,,,-1,-1,0.0,False,False,,,,QRO_PREDIAL_2025_tequisquiapan.txt,7631
22018,queretaro,toliman,Toliman,2025,ok,2024/QRO_RAW_202412123,,,True,articulo_predial,,,-1,-1,0.0,False,False,,,,QRO_PREDIAL_2025_toliman.txt,2181
22001,queretaro,amealco_de_bonfil,Amealco de Bonfil,2026,ok,2025/QRO_RAW_202512102,,,True,articulo_predial,,,-1,-1,0.0,False,False,,,,QRO_PREDIAL_2026_amealco_de_bonfil.txt,792
22003,queretaro,arroyo_seco,Arroyo Seco,2026,ok,2025/QRO_RAW_202512102,,,True,articulo_predial,,,-1,-1,0.0,False,False,,,,QRO_PREDIAL_2026_arroyo_seco.txt,2267
22004,queretaro,cadereyta_de_montes,Cadereyta de Montes,2026,ok,2025/QRO_RAW_202512102,,,True,articulo_predial,,,-1,-1,0.0,False,False,,,,QRO_PREDIAL_2026_cadereyta_de_montes.txt,9715
22005,queretaro,colon,Colon,2026,ok,2025/QRO_RAW_202512102,,,True,articulo_predial,,,-1,-1,0.0,False,False,,,,QRO_PREDIAL_2026_colon.txt,9998
22006,queretaro,corregidora,Corregidora,2026,ok,2025/QRO_RAW_202512102,,,True,articulo_predial,,,-1,-1,0.0,False,False,,,,QRO_PREDIAL_2026_corregidora.txt,10206
22011,queretaro,el_marques,El Marqués,2026,ok,2025/QRO_RAW_202512102,,,True,articulo_predial,,,-1,-1,0.0,False,False,,,,QRO_PREDIAL_2026_el_marques.txt,11822
22007,queretaro,ezequiel_montes,Ezequiel Montes,2026,ok,2025/QRO_RAW_202512102,,,True,articulo_predial,,,-1,-1,0.0,False,False,,,,QRO_PREDIAL_2026_ezequiel_montes.txt,784
22008,queretaro,huimilpan,Huimilpan,2026,ok,2025/QRO_RAW_202512102,,,True,articulo_predial,,,-1,-1,0.0,False,False,,,,QRO_PREDIAL_2026_huimilpan.txt,7616
22009,queretaro,jalpan_de_serra,Jalpan de Serra,2026,ok,2025/QRO_RAW_202512103,,,True,articulo_predial,,,-1,-1,0.0,False,False,,,,QRO_PREDIAL_2026_jalpan_de_serra.txt,5201
22010,queretaro,landa_de_matamoros,Landa de Matamoros,2026,ok,2025/QRO_RAW_202512103,,,True,articulo_predial,,,-1,-1,0.0,False,False,,,,QRO_PREDIAL_2026_landa_de_matamoros.txt,1892
22012,queretaro,pedro_escobedo,Pedro Escobedo,2026,ok,2025/QRO_RAW_202512103,,,True,articulo_predial,,,-1,-1,0.0,False,False,,,,QRO_PREDIAL_2026_pedro_escobedo.txt,8478
22013,queretaro,penamiller,Peñamiller,2026,ok,2025/QRO_RAW_202512103,,,True,articulo_predial,,,-1,-1,0.0,False,False,,,,QRO_PREDIAL_2026_penamiller.txt,1875
22002,queretaro,pinal_de_amoles,Pinal de Amoles,2026,ok,2025/QRO_RAW_202512103,,,True,articulo_predial,,,-1,-1,0.0,False,False,,,,QRO_PREDIAL_2026_pinal_de_amoles.txt,1910
22014,queretaro,queretaro,Querétaro,2026,ok,2025/QRO_RAW_202512103,,,True,articulo_predial,,,-1,-1,0.0,False,False,,,,QRO_PREDIAL_2026_queretaro.txt,383934
22015,queretaro,san_joaquin,San Joaquin,2026,ok,2025/QRO_RAW_202512103,,,True,articulo_predial,,,-1,-1,0.0,False,False,,,,QRO_PREDIAL_2026_san_joaquin.txt,2185
22016,queretaro,san_juan_del_rio,San Juan del Rio,2026,ok,2025/QRO_RAW_202512103,,,True,articulo_predial,,,-1,-1,0.0,False,False,,,,QRO_PREDIAL_2026_san_juan_del_rio.txt,10406
22017,queretaro,tequisquiapan,Tequisquiapan,2026,ok,2025/QRO_RAW_202512103,,,True,articulo_predial,,,-1,-1,0.0,False,False,,,,QRO_PREDIAL_2026_tequisquiapan.txt,9584
22018,queretaro,toliman,Toliman,2026,ok,2025/QRO_RAW_202512103,,,True,articulo_predial,,,-1,-1,0.0,False,False,,,,QRO_PREDIAL_2026_toliman.txt,2180
