municipio,ejercicio,file,predial_chars,predial_tipo,status
Abalá,2010,2009\2009-12-28_suplemento.pdf,4378,capitulo_i,ok
Akil,2010,2009\2009-12-28_suplemento.pdf,3728,capitulo_i,ok
Baca,2010,2009\2009-12-28_suplemento.pdf,2570,capitulo_i,ok
Bokobá,2010,2009\2009-12-28_suplemento.pdf,2848,capitulo_i,ok
Buctzotz,2010,2009\2009-12-28_suplemento.pdf,3287,seccion_primera,ok
Cacalchén,2010,2009\2009-12-28_suplemento.pdf,3945,capitulo_i,ok
Calotmul,2010,2009\2009-12-28_suplemento.pdf,7483,seccion_primera,ok
Cansahcab,2010,2009\2009-12-28_suplemento.pdf,1963,seccion_primera,ok
Cantamayec,2010,2009\2009-12-28_suplemento.pdf,1791,capitulo_i,ok
Celestún,2010,2009\2009-12-28_suplemento.pdf,3602,capitulo_i,ok
Cenotillo,2010,2009\2009-12-28_suplemento.pdf,2243,capitulo_i,ok
Conkal,2010,2009\2009-12-28_suplemento.pdf,3482,seccion_primera,ok
Cuzamá,2010,2009\2009-12-28_suplemento.pdf,1702,capitulo_i,ok
Cuncunul,2010,2009\2009-12-28_suplemento.pdf,2091,capitulo_i,ok
Chacsinkín,2010,2009\2009-12-28_suplemento.pdf,4852,capitulo_i,ok
Chankom,2010,2009\2009-12-28_suplemento.pdf,2161,capitulo_i,ok
Chapab,2010,2009\2009-12-28_suplemento.pdf,2727,capitulo_i,ok
Chichimilá,2010,2009\2009-12-28_suplemento.pdf,3552,seccion_primera,ok
Chicxulub Pueblo,2010,2009\2009-12-28_suplemento.pdf,0,none,no_predial_found
Chikindzonot,2010,2009\2009-12-28_suplemento.pdf,3111,capitulo_i,ok
Chocholá,2010,2009\2009-12-28_suplemento.pdf,0,none,no_predial_found
Chumayel,2010,2009\2009-12-28_suplemento.pdf,1223,capitulo_i,ok
Dzan,2010,2009\2009-12-28_suplemento.pdf,3014,capitulo_i,ok
Dzemul,2010,2009\2009-12-28_suplemento.pdf,3520,capitulo_i,ok
Dzidzantún,2010,2009\2009-12-28_suplemento.pdf,3077,capitulo_i,ok
Dzilam de Bravo,2010,2009\2009-12-28_suplemento.pdf,926,capitulo_i,ok
Dzitás,2010,2009\2009-12-28_suplemento.pdf,3550,capitulo_i,ok
Dzoncauich,2010,2009\2009-12-28_suplemento.pdf,3023,capitulo_i,ok
Hocabá,2010,2009\2009-12-28_suplemento.pdf,0,none,no_predial_found
Hoctún,2010,2009\2009-12-28_suplemento.pdf,3890,capitulo_i,ok
Homún,2010,2009\2009-12-28_suplemento.pdf,1608,capitulo_i,ok
Huhí,2010,2009\2009-12-28_suplemento.pdf,1302,capitulo_i,ok
Ixil,2010,2009\2009-12-28_suplemento.pdf,3394,capitulo_i,ok
Kantunil,2010,2009\2009-12-28_suplemento.pdf,3323,capitulo_i,ok
Kaua,2010,2009\2009-12-28_suplemento.pdf,2772,capitulo_i,ok
Kinchil,2010,2009\2009-12-28_suplemento.pdf,1583,capitulo_i,ok
Kopomá,2010,2009\2009-12-28_suplemento.pdf,1686,capitulo_i,ok
Mama,2010,2009\2009-12-28_suplemento.pdf,1808,capitulo_i,ok
Maní,2010,2009\2009-12-28_suplemento.pdf,2198,capitulo_i,ok
Mayapán,2010,2009\2009-12-28_suplemento.pdf,3529,seccion_primera,ok
Mocochá,2010,2009\2009-12-28_suplemento.pdf,4357,capitulo_i,ok
Muna,2010,2009\2009-12-28_suplemento.pdf,0,none,no_predial_found
Muxupip,2010,2009\2009-12-28_suplemento.pdf,1561,capitulo_i,ok
Opichén,2010,2009\2009-12-28_suplemento.pdf,1438,capitulo_i,ok
Panabá,2010,2009\2009-12-28_suplemento.pdf,4034,capitulo_i,ok
Quintana Roo,2010,2009\2009-12-28_suplemento.pdf,1293,capitulo_i,ok
Río Lagartos,2010,2009\2009-12-28_suplemento.pdf,2459,capitulo_i,ok
Sacalum,2010,2009\2009-12-28_suplemento.pdf,0,none,no_predial_found
Samahil,2010,2009\2009-12-28_suplemento.pdf,3998,capitulo_i,ok
Sanahcat,2010,2009\2009-12-28_suplemento.pdf,650,capitulo_i,ok
San Felipe,2010,2009\2009-12-28_suplemento.pdf,2571,capitulo_i,ok
Acanceh,2010,2009\2009-12-29_suplemento.pdf,0,none,no_predial_found
Chemax,2010,2009\2009-12-29_suplemento.pdf,3374,capitulo_i,ok
Espita,2010,2009\2009-12-29_suplemento.pdf,2674,capitulo_i,ok
Halachó,2010,2009\2009-12-29_suplemento.pdf,2498,capitulo_i,ok
Hunucmá,2010,2009\2009-12-29_suplemento.pdf,16110,capitulo_i,ok
Izamal,2010,2009\2009-12-29_suplemento.pdf,5432,capitulo_i,ok
Kanasín,2010,2009\2009-12-29_suplemento.pdf,3253,seccion_primera,ok
Maxcanú,2010,2009\2009-12-29_suplemento.pdf,5573,capitulo_i,ok
Motul,2010,2009\2009-12-29_suplemento.pdf,0,none,no_predial_found
Oxkutzcab,2010,2009\2009-12-29_suplemento.pdf,4105,seccion_primera,ok
Peto,2010,2009\2009-12-29_suplemento.pdf,589,capitulo_i,ok
Progreso,2010,2009\2009-12-29_suplemento.pdf,3381,capitulo_i,ok
Santa Elena,2010,2009\2009-12-29_suplemento.pdf,4007,capitulo_i,ok
Seyé,2010,2009\2009-12-29_suplemento.pdf,944,capitulo_i,ok
Sinanché,2010,2009\2009-12-29_suplemento.pdf,5921,capitulo_i,ok
Sotuta,2010,2009\2009-12-29_suplemento.pdf,0,none,no_predial_found
Sucilá,2010,2009\2009-12-29_suplemento.pdf,3647,capitulo_i,ok
Sudzal,2010,2009\2009-12-29_suplemento.pdf,1551,capitulo_i,ok
Suma de Hidalgo,2010,2009\2009-12-29_suplemento.pdf,1708,capitulo_i,ok
Tahdziú,2010,2009\2009-12-29_suplemento.pdf,0,none,no_predial_found
Tahmek,2010,2009\2009-12-29_suplemento.pdf,2337,capitulo_i,ok
Teabo,2010,2009\2009-12-29_suplemento.pdf,3343,capitulo_i,ok
Tecoh,2010,2009\2009-12-29_suplemento.pdf,4580,capitulo_i,ok
Tekal de Venegas,2010,2009\2009-12-29_suplemento.pdf,0,none,no_predial_found
Tekantó,2010,2009\2009-12-29_suplemento.pdf,3900,capitulo_i,ok
Tekax,2010,2009\2009-12-29_suplemento.pdf,2367,capitulo_i,ok
Tekit,2010,2009\2009-12-29_suplemento.pdf,3034,capitulo_i,ok
Tekom,2010,2009\2009-12-29_suplemento.pdf,3927,capitulo_i,ok
Telchac Puerto,2010,2009\2009-12-29_suplemento.pdf,1589,capitulo_i,ok
Telchac Pueblo,2010,2009\2009-12-29_suplemento.pdf,708,capitulo_i,ok
Temax,2010,2009\2009-12-29_suplemento.pdf,0,none,no_predial_found
Temozón,2010,2009\2009-12-29_suplemento.pdf,2914,capitulo_i,ok
Tepakán,2010,2009\2009-12-29_suplemento.pdf,2636,capitulo_i,ok
Tetiz,2010,2009\2009-12-29_suplemento.pdf,1649,capitulo_i,ok
Teya,2010,2009\2009-12-29_suplemento.pdf,667,capitulo_i,ok
Ticul,2010,2009\2009-12-29_suplemento.pdf,2434,seccion_primera,ok
Timucuy,2010,2009\2009-12-29_suplemento.pdf,3420,seccion_primera,ok
Tinum,2010,2009\2009-12-29_suplemento.pdf,5254,capitulo_i,ok
Tixcacalcupul,2010,2009\2009-12-29_suplemento.pdf,4187,capitulo_i,ok
Tixkokob,2010,2009\2009-12-29_suplemento.pdf,3749,capitulo_i,ok
Tixméhuac,2010,2009\2009-12-29_suplemento.pdf,2096,seccion_primera,ok
Tixpéual,2010,2009\2009-12-29_suplemento.pdf,2147,capitulo_i,ok
Tunkás,2010,2009\2009-12-29_suplemento.pdf,1564,capitulo_i,ok
Tzucacab,2010,2009\2009-12-29_suplemento.pdf,3211,seccion_primera,ok
Uayma,2010,2009\2009-12-29_suplemento.pdf,0,none,no_predial_found
Ucú,2010,2009\2009-12-29_suplemento.pdf,3217,capitulo_i,ok
Umán,2010,2009\2009-12-29_suplemento.pdf,11958,capitulo_i,ok
Valladolid,2010,2009\2009-12-29_suplemento.pdf,0,none,no_predial_found
Xocchel,2010,2009\2009-12-29_suplemento.pdf,4512,capitulo_i,ok
Yaxcabá,2010,2009\2009-12-29_suplemento.pdf,465,seccion_primera,ok
Yaxkukul,2010,2009\2009-12-29_suplemento.pdf,693,capitulo_i,ok
Yobaín,2010,2009\2009-12-29_suplemento.pdf,3697,capitulo_i,ok
Abalá,2011,2010\2010-12-24_suplemento.pdf,4544,capitulo_i,ok
Acanceh,2011,2010\2010-12-24_suplemento.pdf,0,none,no_predial_found
Akil,2011,2010\2010-12-24_suplemento.pdf,3587,capitulo_i,ok
Buctzotz,2011,2010\2010-12-24_suplemento.pdf,3229,seccion_primera,ok
Calotmul,2011,2010\2010-12-24_suplemento.pdf,6953,seccion_primera,ok
Cansahcab,2011,2010\2010-12-24_suplemento.pdf,1937,seccion_primera,ok
Celestún,2011,2010\2010-12-24_suplemento.pdf,3563,capitulo_i,ok
Cuncunul,2011,2010\2010-12-24_suplemento.pdf,2061,capitulo_i,ok
Cuzamá,2011,2010\2010-12-24_suplemento.pdf,1868,capitulo_i,ok
Chacsinkin,2011,2010\2010-12-24_suplemento.pdf,3923,capitulo_i,ok
Chicxulub Pueblo,2011,2010\2010-12-24_suplemento.pdf,3249,capitulo_i,ok
Chikindzonot,2011,2010\2010-12-24_suplemento.pdf,2786,capitulo_i,ok
Dzan,2011,2010\2010-12-24_suplemento.pdf,3076,capitulo_i,ok
Dzilám González,2011,2010\2010-12-24_suplemento.pdf,1140,capitulo_i,ok
Dzitás,2011,2010\2010-12-24_suplemento.pdf,3037,capitulo_i,ok
Espita,2011,2010\2010-12-24_suplemento.pdf,2691,capitulo_i,ok
Homún,2011,2010\2010-12-24_suplemento.pdf,1302,capitulo_i,ok
Izamal,2011,2010\2010-12-24_suplemento.pdf,5584,capitulo_i,ok
Kantunil,2011,2010\2010-12-24_suplemento.pdf,2881,capitulo_i,ok
Kinchil,2011,2010\2010-12-24_suplemento.pdf,1602,capitulo_i,ok
Mayapán,2011,2010\2010-12-24_suplemento.pdf,3563,seccion_primera,ok
Mocochá,2011,2010\2010-12-24_suplemento.pdf,3067,capitulo_i,ok
Opichén,2011,2010\2010-12-24_suplemento.pdf,1197,capitulo_i,ok
Panabá,2011,2010\2010-12-24_suplemento.pdf,2892,capitulo_i,ok
Quintana Roo,2011,2010\2010-12-24_suplemento.pdf,1296,capitulo_i,ok
Samahil,2011,2010\2010-12-24_suplemento.pdf,4086,capitulo_i,ok
San Felipe,2011,2010\2010-12-24_suplemento.pdf,2541,capitulo_i,ok
Sanahcat,2011,2010\2010-12-24_suplemento.pdf,902,capitulo_i,ok
Sotuta,2011,2010\2010-12-24_suplemento.pdf,1389,capitulo_i,ok
Tahdziú,2011,2010\2010-12-24_suplemento.pdf,0,none,no_predial_found
Teabo,2011,2010\2010-12-24_suplemento.pdf,3357,capitulo_i,ok
Tekantó,2011,2010\2010-12-24_suplemento.pdf,4494,capitulo_i,ok
Tekom,2011,2010\2010-12-24_suplemento.pdf,3962,capitulo_i,ok
Telchac Pueblo,2011,2010\2010-12-24_suplemento.pdf,868,capitulo_i,ok
Telchac Puerto,2011,2010\2010-12-24_suplemento.pdf,1550,capitulo_i,ok
Teya,2011,2010\2010-12-24_suplemento.pdf,676,capitulo_i,ok
Tixcacalcupul,2011,2010\2010-12-24_suplemento.pdf,4245,capitulo_i,ok
Baca,2011,2010\2010-12-29_suplemento.pdf,2543,capitulo_i,ok
Bokobá,2011,2010\2010-12-29_suplemento.pdf,2747,capitulo_i,ok
Cacalchén,2011,2010\2010-12-29_suplemento.pdf,3932,capitulo_i,ok
Cantamayec,2011,2010\2010-12-29_suplemento.pdf,2342,capitulo_i,ok
Cenotillo,2011,2010\2010-12-29_suplemento.pdf,2534,capitulo_i,ok
Conkal,2011,2010\2010-12-29_suplemento.pdf,3225,seccion_primera,ok
Chankom,2011,2010\2010-12-29_suplemento.pdf,2115,capitulo_i,ok
Chapab,2011,2010\2010-12-29_suplemento.pdf,2455,capitulo_i,ok
Chichimilá,2011,2010\2010-12-29_suplemento.pdf,3449,seccion_primera,ok
Dzemul,2011,2010\2010-12-29_suplemento.pdf,3493,capitulo_i,ok
Dzidzantún,2011,2010\2010-12-29_suplemento.pdf,2613,capitulo_i,ok
Dzilám de Bravo,2011,2010\2010-12-29_suplemento.pdf,956,capitulo_i,ok
Dzoncauich,2011,2010\2010-12-29_suplemento.pdf,2931,capitulo_i,ok
Halachó,2011,2010\2010-12-29_suplemento.pdf,2877,seccion_primera,ok
Hocabá,2011,2010\2010-12-29_suplemento.pdf,0,none,no_predial_found
Hoctún,2011,2010\2010-12-29_suplemento.pdf,3552,capitulo_i,ok
Huhí,2011,2010\2010-12-29_suplemento.pdf,1276,capitulo_i,ok
Hunucmá,2011,2010\2010-12-29_suplemento.pdf,10005,capitulo_i,ok
Ixil,2011,2010\2010-12-29_suplemento.pdf,3347,capitulo_i,ok
Kanasín,2011,2010\2010-12-29_suplemento.pdf,3732,seccion_primera,ok
Kaua,2011,2010\2010-12-29_suplemento.pdf,3058,capitulo_i,ok
Kopomá,2011,2010\2010-12-29_suplemento.pdf,1680,capitulo_i,ok
Mama,2011,2010\2010-12-29_suplemento.pdf,1401,capitulo_i,ok
Maní,2011,2010\2010-12-29_suplemento.pdf,2164,capitulo_i,ok
Maxcanú,2011,2010\2010-12-29_suplemento.pdf,5130,capitulo_i,ok
Motul,2011,2010\2010-12-29_suplemento.pdf,0,none,no_predial_found
Muna,2011,2010\2010-12-29_suplemento.pdf,0,none,no_predial_found
Muxupip,2011,2010\2010-12-29_suplemento.pdf,1558,capitulo_i,ok
Oxkutzcab,2011,2010\2010-12-29_suplemento.pdf,3505,seccion_primera,ok
Peto,2011,2010\2010-12-29_suplemento.pdf,683,seccion_primera,ok
Progreso,2011,2010\2010-12-29_suplemento.pdf,3419,capitulo_i,ok
Río Lagartos,2011,2010\2010-12-29_suplemento.pdf,1987,capitulo_i,ok
Sacalúm,2011,2010\2010-12-29_suplemento.pdf,0,none,no_predial_found
Santa Elena,2011,2010\2010-12-29_suplemento.pdf,3944,capitulo_i,ok
Seyé,2011,2010\2010-12-29_suplemento.pdf,949,capitulo_i,ok
Sinanché,2011,2010\2010-12-29_suplemento.pdf,5450,capitulo_i,ok
Sucilá,2011,2010\2010-12-29_suplemento.pdf,3644,capitulo_i,ok
Sudzal,2011,2010\2010-12-29_suplemento.pdf,1698,capitulo_i,ok
Tahmek,2011,2010\2010-12-29_suplemento.pdf,2938,capitulo_i,ok
Tecoh,2011,2010\2010-12-29_suplemento.pdf,4386,capitulo_i,ok
Tekal de Venegas,2011,2010\2010-12-29_suplemento.pdf,0,none,no_predial_found
Tekax,2011,2010\2010-12-29_suplemento.pdf,2494,capitulo_i,ok
Tekit,2011,2010\2010-12-29_suplemento.pdf,3104,capitulo_i,ok
Temozón,2011,2010\2010-12-29_suplemento.pdf,2913,capitulo_i,ok
Tepakán,2011,2010\2010-12-29_suplemento.pdf,2623,capitulo_i,ok
Tetiz,2011,2010\2010-12-29_suplemento.pdf,3042,capitulo_i,ok
Ticul,2011,2010\2010-12-29_suplemento.pdf,2299,seccion_primera,ok
Timucuy,2011,2010\2010-12-29_suplemento.pdf,6920,seccion_primera,ok
Tixkokob,2011,2010\2010-12-29_suplemento.pdf,4013,capitulo_i,ok
Tixméhuac,2011,2010\2010-12-29_suplemento.pdf,3068,seccion_primera,ok
Tixpéual,2011,2010\2010-12-29_suplemento.pdf,2725,capitulo_i,ok
Tizimín,2011,2010\2010-12-29_suplemento.pdf,5098,seccion_primera,ok
Tunkás,2011,2010\2010-12-29_suplemento.pdf,2272,capitulo_i,ok
Tzucacab,2011,2010\2010-12-29_suplemento.pdf,3553,seccion_primera,ok
Uayma,2011,2010\2010-12-29_suplemento.pdf,0,none,no_predial_found
Ucú,2011,2010\2010-12-29_suplemento.pdf,3812,capitulo_i,ok
Umán,2011,2010\2010-12-29_suplemento.pdf,12100,capitulo_i,ok
Valladolid,2011,2010\2010-12-29_suplemento.pdf,0,none,no_predial_found
Xocchel,2011,2010\2010-12-29_suplemento.pdf,4529,capitulo_i,ok
Yaxcabá,2011,2010\2010-12-29_suplemento.pdf,474,seccion_primera,ok
Yaxkukul,2011,2010\2010-12-29_suplemento.pdf,803,capitulo_i,ok
Yobaín,2011,2010\2010-12-29_suplemento.pdf,3366,capitulo_i,ok
Abalá,2012,2011\2011-12-28_suplemento.pdf,4647,capitulo_i,ok
Acanceh,2012,2011\2011-12-28_suplemento.pdf,0,none,no_predial_found
Akil,2012,2011\2011-12-28_suplemento.pdf,3647,seccion_primera,ok
Cacalchén,2012,2011\2011-12-28_suplemento.pdf,4001,capitulo_i,ok
Calotmul,2012,2011\2011-12-28_suplemento.pdf,6192,seccion_primera,ok
Cantamayec,2012,2011\2011-12-28_suplemento.pdf,2739,capitulo_i,ok
Cansahcab,2012,2011\2011-12-28_suplemento.pdf,1963,seccion_primera,ok
Celestún,2012,2011\2011-12-28_suplemento.pdf,3293,capitulo_i,ok
Cenotillo,2012,2011\2011-12-28_suplemento.pdf,2631,capitulo_i,ok
Conkal,2012,2011\2011-12-28_suplemento.pdf,3286,seccion_primera,ok
Cuncunul,2012,2011\2011-12-28_suplemento.pdf,2711,capitulo_i,ok
Cuzamá,2012,2011\2011-12-28_suplemento.pdf,1952,capitulo_i,ok
Chacsinkín,2012,2011\2011-12-28_suplemento.pdf,4058,capitulo_i,ok
Chankom,2012,2011\2011-12-28_suplemento.pdf,2145,capitulo_i,ok
Chapab,2012,2011\2011-12-28_suplemento.pdf,2452,capitulo_i,ok
Chemax,2012,2011\2011-12-28_suplemento.pdf,3394,capitulo_i,ok
Chicxulub Pueblo,2012,2011\2011-12-28_suplemento.pdf,3779,capitulo_i,ok
Chichimilá,2012,2011\2011-12-28_suplemento.pdf,3603,seccion_primera,ok
Chikindzonot,2012,2011\2011-12-28_suplemento.pdf,2812,capitulo_i,ok
Chocholá,2012,2011\2011-12-28_suplemento.pdf,0,none,no_predial_found
Dzan,2012,2011\2011-12-28_suplemento.pdf,2990,capitulo_i,ok
Dzemul,2012,2011\2011-12-28_suplemento.pdf,3403,capitulo_i,ok
Dzidzantún,2012,2011\2011-12-28_suplemento.pdf,2692,capitulo_i,ok
Dzilám de Bravo,2012,2011\2011-12-28_suplemento.pdf,930,capitulo_i,ok
Dzilám González,2012,2011\2011-12-28_suplemento.pdf,1129,capitulo_i,ok
Dzitás,2012,2011\2011-12-28_suplemento.pdf,3098,capitulo_i,ok
Dzoncauich,2012,2011\2011-12-28_suplemento.pdf,2777,capitulo_i,ok
Hocabá,2012,2011\2011-12-28_suplemento.pdf,0,none,no_predial_found
Homún,2012,2011\2011-12-28_suplemento.pdf,1306,capitulo_i,ok
Kantunil,2012,2011\2011-12-28_suplemento.pdf,4529,capitulo_i,ok
Kinchil,2012,2011\2011-12-28_suplemento.pdf,1596,capitulo_i,ok
Mayapán,2012,2011\2011-12-28_suplemento.pdf,3513,seccion_primera,ok
Mocochá,2012,2011\2011-12-28_suplemento.pdf,3251,capitulo_i,ok
Opichén,2012,2011\2011-12-28_suplemento.pdf,1203,capitulo_i,ok
Quintana Roo,2012,2011\2011-12-28_suplemento.pdf,1290,capitulo_i,ok
Samahil,2012,2011\2011-12-28_suplemento.pdf,4022,capitulo_i,ok
Sanahcat,2012,2011\2011-12-28_suplemento.pdf,916,capitulo_i,ok
San Felipe,2012,2011\2011-12-28_suplemento.pdf,2461,capitulo_i,ok
Sotuta,2012,2011\2011-12-28_suplemento.pdf,1756,capitulo_i,ok
Tahdziú,2012,2011\2011-12-28_suplemento.pdf,0,none,no_predial_found
Teabo,2012,2011\2011-12-28_suplemento.pdf,3168,capitulo_i,ok
Tekantó,2012,2011\2011-12-28_suplemento.pdf,3973,capitulo_i,ok
Tekom,2012,2011\2011-12-28_suplemento.pdf,3934,capitulo_i,ok
Telchac Puerto,2012,2011\2011-12-28_suplemento.pdf,1556,capitulo_i,ok
Telchac Pueblo,2012,2011\2011-12-28_suplemento.pdf,865,capitulo_i,ok
Teya,2012,2011\2011-12-28_suplemento.pdf,676,capitulo_i,ok
Tixcacalcupul,2012,2011\2011-12-28_suplemento.pdf,4269,capitulo_i,ok
Buctzotz,2012,2011\2011-12-29_suplemento.pdf,3262,seccion_primera,ok
Chumayel,2012,2011\2011-12-29_suplemento.pdf,1208,capitulo_i,ok
Espita,2012,2011\2011-12-29_suplemento.pdf,2695,capitulo_i,ok
Halachó,2012,2011\2011-12-29_suplemento.pdf,2876,seccion_primera,ok
Hoctún,2012,2011\2011-12-29_suplemento.pdf,2811,capitulo_i,ok
Huhí,2012,2011\2011-12-29_suplemento.pdf,1294,capitulo_i,ok
Hunucmá,2012,2011\2011-12-29_suplemento.pdf,11660,capitulo_i,ok
Ixil,2012,2011\2011-12-29_suplemento.pdf,3459,capitulo_i,ok
Izamal,2012,2011\2011-12-29_suplemento.pdf,5639,capitulo_i,ok
Kanasín,2012,2011\2011-12-29_suplemento.pdf,3744,seccion_primera,ok
Kaua,2012,2011\2011-12-29_suplemento.pdf,3753,capitulo_i,ok
Kopomá,2012,2011\2011-12-29_suplemento.pdf,1511,capitulo_i,ok
Mama,2012,2011\2011-12-29_suplemento.pdf,1580,capitulo_i,ok
Maní,2012,2011\2011-12-29_suplemento.pdf,2159,capitulo_i,ok
Maxcanú,2012,2011\2011-12-29_suplemento.pdf,5131,capitulo_i,ok
Motul,2012,2011\2011-12-29_suplemento.pdf,0,none,no_predial_found
Muna,2012,2011\2011-12-29_suplemento.pdf,0,none,no_predial_found
Muxupip,2012,2011\2011-12-29_suplemento.pdf,1615,capitulo_i,ok
Oxkutzcab,2012,2011\2011-12-29_suplemento.pdf,3469,seccion_primera,ok
Progreso,2012,2011\2011-12-29_suplemento.pdf,10890,capitulo_i,ok
Río Lagartos,2012,2011\2011-12-29_suplemento.pdf,2020,capitulo_i,ok
Sacalum,2012,2011\2011-12-29_suplemento.pdf,0,none,no_predial_found
Santa Elena,2012,2011\2011-12-29_suplemento.pdf,3944,capitulo_i,ok
Seyé,2012,2011\2011-12-29_suplemento.pdf,936,capitulo_i,ok
Sinanché,2012,2011\2011-12-29_suplemento.pdf,5155,capitulo_i,ok
Sucilá,2012,2011\2011-12-29_suplemento.pdf,3617,capitulo_i,ok
Sudzal,2012,2011\2011-12-29_suplemento.pdf,1624,capitulo_i,ok
Tahmek,2012,2011\2011-12-29_suplemento.pdf,3439,capitulo_i,ok
Tecoh,2012,2011\2011-12-29_suplemento.pdf,4354,capitulo_i,ok
Tekal de Venegas,2012,2011\2011-12-29_suplemento.pdf,0,none,no_predial_found
Tekax,2012,2011\2011-12-29_suplemento.pdf,2461,capitulo_i,ok
Tekit,2012,2011\2011-12-29_suplemento.pdf,3042,capitulo_i,ok
Temax,2012,2011\2011-12-29_suplemento.pdf,0,none,no_predial_found
Temozón,2012,2011\2011-12-29_suplemento.pdf,2904,capitulo_i,ok
Tepakán,2012,2011\2011-12-29_suplemento.pdf,2598,capitulo_i,ok
Tetiz,2012,2011\2011-12-29_suplemento.pdf,3009,capitulo_i,ok
Ticul,2012,2011\2011-12-29_suplemento.pdf,2185,seccion_primera,ok
Timucuy,2012,2011\2011-12-29_suplemento.pdf,3290,seccion_primera,ok
Tinum,2012,2011\2011-12-29_suplemento.pdf,5206,capitulo_i,ok
Tixkokob,2012,2011\2011-12-29_suplemento.pdf,3980,capitulo_i,ok
Tixméhuac,2012,2011\2011-12-29_suplemento.pdf,4017,seccion_primera,ok
Tixpeual,2012,2011\2011-12-29_suplemento.pdf,3888,capitulo_i,ok
Tizimín,2012,2011\2011-12-29_suplemento.pdf,4863,seccion_primera,ok
Tunkás,2012,2011\2011-12-29_suplemento.pdf,1560,capitulo_i,ok
Ucú,2012,2011\2011-12-29_suplemento.pdf,2479,capitulo_i,ok
Umán,2012,2011\2011-12-29_suplemento.pdf,11754,capitulo_i,ok
Valladolid,2012,2011\2011-12-29_suplemento.pdf,0,none,no_predial_found
Xocchel,2012,2011\2011-12-29_suplemento.pdf,4567,capitulo_i,ok
Yaxcabá,2012,2011\2011-12-29_suplemento.pdf,541,seccion_primera,ok
Yaxkukul,2012,2011\2011-12-29_suplemento.pdf,824,capitulo_i,ok
Yobaín,2012,2011\2011-12-29_suplemento.pdf,3383,capitulo_i,ok
Abalá,2013,2012\2012-12-24_suplemento.pdf,4561,capitulo_i,ok
Akil,2013,2012\2012-12-24_suplemento.pdf,4658,seccion_primera,ok
Baca,2013,2012\2012-12-24_suplemento.pdf,2932,capitulo_i,ok
Bokobá,2013,2012\2012-12-24_suplemento.pdf,2752,capitulo_i,ok
Cacalchén,2013,2012\2012-12-24_suplemento.pdf,4133,capitulo_i,ok
Calotmul,2013,2012\2012-12-24_suplemento.pdf,4190,seccion_primera,ok
Cantamayec,2013,2012\2012-12-24_suplemento.pdf,3021,capitulo_i,ok
Cansahcab,2013,2012\2012-12-24_suplemento.pdf,1947,seccion_primera,ok
Celestún,2013,2012\2012-12-24_suplemento.pdf,3274,capitulo_i,ok
Cenotillo,2013,2012\2012-12-24_suplemento.pdf,2754,capitulo_i,ok
Conkal,2013,2012\2012-12-24_suplemento.pdf,3658,capitulo_i,ok
Cuzamá,2013,2012\2012-12-24_suplemento.pdf,4086,capitulo_i,ok
Chacsinkin,2013,2012\2012-12-24_suplemento.pdf,3925,capitulo_i,ok
Chankom,2013,2012\2012-12-24_suplemento.pdf,3556,capitulo_i,ok
Chapab,2013,2012\2012-12-24_suplemento.pdf,2217,capitulo_i,ok
Chemax,2013,2012\2012-12-24_suplemento.pdf,3170,capitulo_i,ok
Chicxulub Pueblo,2013,2012\2012-12-24_suplemento.pdf,3862,capitulo_i,ok
Chichimilá,2013,2012\2012-12-24_suplemento.pdf,1618,seccion_primera,ok
Chikindzonot,2013,2012\2012-12-24_suplemento.pdf,3534,capitulo_i,ok
Dzan,2013,2012\2012-12-24_suplemento.pdf,2977,capitulo_i,ok
Dzemul,2013,2012\2012-12-24_suplemento.pdf,4798,capitulo_i,ok
Dzidzantún,2013,2012\2012-12-24_suplemento.pdf,3167,capitulo_i,ok
Dzilám de Bravo,2013,2012\2012-12-24_suplemento.pdf,909,capitulo_i,ok
Dzilam González,2013,2012\2012-12-24_suplemento.pdf,1142,capitulo_i,ok
Dzitás,2013,2012\2012-12-24_suplemento.pdf,3358,capitulo_i,ok
Dzoncauich,2013,2012\2012-12-24_suplemento.pdf,2940,capitulo_i,ok
Homún,2013,2012\2012-12-24_suplemento.pdf,1275,capitulo_i,ok
Kantunil,2013,2012\2012-12-24_suplemento.pdf,3249,capitulo_i,ok
Kinchil,2013,2012\2012-12-24_suplemento.pdf,2893,capitulo_i,ok
Mayapán,2013,2012\2012-12-24_suplemento.pdf,3579,seccion_primera,ok
Mocochá,2013,2012\2012-12-24_suplemento.pdf,3232,capitulo_i,ok
Motul,2013,2012\2012-12-24_suplemento.pdf,0,none,no_predial_found
Muna,2013,2012\2012-12-24_suplemento.pdf,0,none,no_predial_found
Opichén,2013,2012\2012-12-24_suplemento.pdf,948,capitulo_i,ok
Panabá,2013,2012\2012-12-24_suplemento.pdf,2939,capitulo_i,ok
Quintana Roo,2013,2012\2012-12-24_suplemento.pdf,1284,capitulo_i,ok
Sacalum,2013,2012\2012-12-24_suplemento.pdf,0,none,no_predial_found
Samahil,2013,2012\2012-12-24_suplemento.pdf,3807,capitulo_i,ok
Sanahcat,2013,2012\2012-12-24_suplemento.pdf,650,capitulo_i,ok
San Felipe,2013,2012\2012-12-24_suplemento.pdf,2345,capitulo_i,ok
Sotuta,2013,2012\2012-12-24_suplemento.pdf,0,none,no_predial_found
Suma de Hidalgo,2013,2012\2012-12-24_suplemento.pdf,1348,capitulo_i,ok
Tahdziú,2013,2012\2012-12-24_suplemento.pdf,0,none,no_predial_found
Teabo,2013,2012\2012-12-24_suplemento.pdf,3912,capitulo_i,ok
Tekantó,2013,2012\2012-12-24_suplemento.pdf,3947,capitulo_i,ok
Tekom,2013,2012\2012-12-24_suplemento.pdf,3738,capitulo_i,ok
Telchac Puerto,2013,2012\2012-12-24_suplemento.pdf,6109,capitulo_i,ok
Telchac Pueblo,2013,2012\2012-12-24_suplemento.pdf,634,capitulo_i,ok
Teya,2013,2012\2012-12-24_suplemento.pdf,685,capitulo_i,ok
Tixcacalcupul,2013,2012\2012-12-24_suplemento.pdf,3959,capitulo_i,ok
Acanceh,2013,2012\2012-12-27_suplemento.pdf,3718,seccion_primera,ok
Buctzotz,2013,2012\2012-12-27_suplemento.pdf,3574,seccion_primera,ok
Cuncunul,2013,2012\2012-12-27_suplemento.pdf,2294,capitulo_i,ok
Chumayel,2013,2012\2012-12-27_suplemento.pdf,942,capitulo_i,ok
Espita,2013,2012\2012-12-27_suplemento.pdf,3280,capitulo_i,ok
Halachó,2013,2012\2012-12-27_suplemento.pdf,2865,seccion_primera,ok
Hoctún,2013,2012\2012-12-27_suplemento.pdf,2415,capitulo_i,ok
Huhí,2013,2012\2012-12-27_suplemento.pdf,4280,capitulo_i,ok
Hunucmá,2013,2012\2012-12-27_suplemento.pdf,10526,capitulo_i,ok
Ixil,2013,2012\2012-12-27_suplemento.pdf,3392,capitulo_i,ok
Izamal,2013,2012\2012-12-27_suplemento.pdf,5543,capitulo_i,ok
Kanasín,2013,2012\2012-12-27_suplemento.pdf,4889,seccion_primera,ok
Kaua,2013,2012\2012-12-27_suplemento.pdf,3396,capitulo_i,ok
Kopomá,2013,2012\2012-12-27_suplemento.pdf,4644,capitulo_i,ok
Mama,2013,2012\2012-12-27_suplemento.pdf,1347,capitulo_i,ok
Maní,2013,2012\2012-12-27_suplemento.pdf,4663,seccion_primera,ok
Muxupip,2013,2012\2012-12-27_suplemento.pdf,1313,capitulo_i,ok
Oxkutzcab,2013,2012\2012-12-27_suplemento.pdf,3897,seccion_primera,ok
Peto,2013,2012\2012-12-27_suplemento.pdf,530,seccion_primera,ok
Progreso,2013,2012\2012-12-27_suplemento.pdf,10693,capitulo_i,ok
Río Lagartos,2013,2012\2012-12-27_suplemento.pdf,2507,capitulo_i,ok
Santa Elena,2013,2012\2012-12-27_suplemento.pdf,4053,capitulo_i,ok
Seyé,2013,2012\2012-12-27_suplemento.pdf,4448,capitulo_i,ok
Sinanché,2013,2012\2012-12-27_suplemento.pdf,5359,capitulo_i,ok
Sucilá,2013,2012\2012-12-27_suplemento.pdf,3342,capitulo_i,ok
Sudzal,2013,2012\2012-12-27_suplemento.pdf,1503,capitulo_i,ok
Tahmek,2013,2012\2012-12-27_suplemento.pdf,2575,capitulo_i,ok
Tecoh,2013,2012\2012-12-27_suplemento.pdf,4472,capitulo_i,ok
Tekal de Venegas,2013,2012\2012-12-27_suplemento.pdf,0,none,no_predial_found
Tekax,2013,2012\2012-12-27_suplemento.pdf,2370,capitulo_i,ok
Tekit,2013,2012\2012-12-27_suplemento.pdf,3047,capitulo_i,ok
Temax,2103,2012\2012-12-27_suplemento.pdf,0,none,no_predial_found
Temozón,2013,2012\2012-12-27_suplemento.pdf,0,none,no_predial_found
Tepakán,2013,2012\2012-12-27_suplemento.pdf,2649,capitulo_i,ok
Tetiz,2013,2012\2012-12-27_suplemento.pdf,2659,capitulo_i,ok
Ticul,2013,2012\2012-12-27_suplemento.pdf,2102,seccion_primera,ok
Timucuy,2013,2012\2012-12-27_suplemento.pdf,3552,capitulo_i,ok
Tinum,2013,2012\2012-12-27_suplemento.pdf,4947,capitulo_i,ok
Tixkokob,2013,2012\2012-12-27_suplemento.pdf,4550,capitulo_i,ok
Tixméhuac,2013,2012\2012-12-27_suplemento.pdf,3563,seccion_primera,ok
Tixpeual,2013,2012\2012-12-27_suplemento.pdf,3176,capitulo_i,ok
Tizimín,2013,2012\2012-12-27_suplemento.pdf,4901,seccion_primera,ok
Tunkás,2013,2012\2012-12-27_suplemento.pdf,1293,capitulo_i,ok
Tzucacab,2013,2012\2012-12-27_suplemento.pdf,4385,seccion_primera,ok
Ucú,2013,2012\2012-12-27_suplemento.pdf,2715,capitulo_i,ok
Umán,2013,2012\2012-12-27_suplemento.pdf,11745,capitulo_i,ok
Valladolid,2013,2012\2012-12-27_suplemento.pdf,5010,seccion_primera,ok
Xocchel,2013,2012\2012-12-27_suplemento.pdf,4224,capitulo_i,ok
Yaxcabá,2013,2012\2012-12-27_suplemento.pdf,3731,seccion_primera,ok
Yaxkukul,2013,2012\2012-12-27_suplemento.pdf,824,capitulo_i,ok
Yobaín,2013,2012\2012-12-27_suplemento.pdf,3271,capitulo_i,ok
Abalá,2014,2013\2013-12-31_2.pdf,4664,capitulo_i,ok
Akil,2014,2013\2013-12-31_2.pdf,3002,capitulo_i,ok
Baca,2014,2013\2013-12-31_2.pdf,3300,capitulo_i,ok
Bokobá,2014,2013\2013-12-31_2.pdf,2741,capitulo_i,ok
Cacalchén,2014,2013\2013-12-31_2.pdf,3936,capitulo_i,ok
Calotmul,2014,2013\2013-12-31_2.pdf,4110,seccion_primera,ok
Cantamayec,2014,2013\2013-12-31_2.pdf,3204,capitulo_i,ok
Celestún,2014,2013\2013-12-31_2.pdf,3249,capitulo_i,ok
Cenotillo,2014,2013\2013-12-31_2.pdf,2957,capitulo_i,ok
Conkal,2014,2013\2013-12-31_2.pdf,4440,capitulo_i,ok
Cuzamá,2014,2013\2013-12-31_2.pdf,4108,capitulo_i,ok
Chacsinkín,2014,2013\2013-12-31_2.pdf,4006,capitulo_i,ok
Chankom,2014,2013\2013-12-31_2.pdf,3915,capitulo_i,ok
Chapab,2014,2013\2013-12-31_2.pdf,2243,capitulo_i,ok
Chemax,2014,2013\2013-12-31_2.pdf,3382,capitulo_i,ok
Chicxulub Pueblo,2014,2013\2013-12-31_2.pdf,1826,seccion_primera,ok
Chikindzonot,2014,2013\2013-12-31_2.pdf,4263,capitulo_i,ok
Dzan,2014,2013\2013-12-31_2.pdf,2996,capitulo_i,ok
Dzidzantún,2014,2013\2013-12-31_2.pdf,0,none,no_predial_found
Dzilam de Bravo,2014,2013\2013-12-31_2.pdf,1081,capitulo_i,ok
Dzilam González,2014,2013\2013-12-31_2.pdf,2911,capitulo_i,ok
Dzoncauich,2014,2013\2013-12-31_2.pdf,2965,capitulo_i,ok
Homún,2014,2013\2013-12-31_2.pdf,1307,capitulo_i,ok
Izamal,2014,2013\2013-12-31_2.pdf,5480,capitulo_i,ok
Kantunil,2014,2013\2013-12-31_2.pdf,3222,capitulo_i,ok
Kinchil,2014,2013\2013-12-31_2.pdf,2897,capitulo_i,ok
Mayapán,2014,2013\2013-12-31_2.pdf,3225,seccion_primera,ok
Mocochá,2014,2013\2013-12-31_2.pdf,3295,capitulo_i,ok
Motul,2014,2013\2013-12-31_2.pdf,0,none,no_predial_found
Opichén,2014,2013\2013-12-31_2.pdf,1220,capitulo_i,ok
Panabá,2014,2013\2013-12-31_2.pdf,2989,capitulo_i,ok
Quintana Roo,2014,2013\2013-12-31_2.pdf,3096,capitulo_i,ok
Sanahcat,2014,2013\2013-12-31_2.pdf,641,capitulo_i,ok
San Felipe,2014,2013\2013-12-31_2.pdf,2426,capitulo_i,ok
Sotuta,2014,2013\2013-12-31_2.pdf,0,none,no_predial_found
Suma de Hidalgo,2014,2013\2013-12-31_2.pdf,1478,capitulo_i,ok
Tahdziú,2014,2013\2013-12-31_2.pdf,0,none,no_predial_found
Teabo,2014,2013\2013-12-31_2.pdf,4362,capitulo_i,ok
Tekantó,2014,2013\2013-12-31_2.pdf,4447,capitulo_i,ok
Tekit,2014,2013\2013-12-31_2.pdf,2971,capitulo_i,ok
Tekom,2014,2013\2013-12-31_2.pdf,3779,capitulo_i,ok
Telchac Puerto,2014,2013\2013-12-31_2.pdf,5764,capitulo_i,ok
Telchac Pueblo,2014,2013\2013-12-31_2.pdf,728,capitulo_i,ok
Teya,2014,2013\2013-12-31_2.pdf,686,capitulo_i,ok
Tixcacalcupul,2014,2013\2013-12-31_2.pdf,3958,capitulo_i,ok
Acanceh,2014,2013\2013-12-31_3.pdf,3651,seccion_primera,ok
Buctzotz,2014,2013\2013-12-31_3.pdf,3147,seccion_primera,ok
Cuncunul,2014,2013\2013-12-31_3.pdf,2615,capitulo_i,ok
Chumayel,2014,2013\2013-12-31_3.pdf,1229,capitulo_i,ok
Espita,2014,2013\2013-12-31_3.pdf,3469,capitulo_i,ok
Halachó,2014,2013\2013-12-31_3.pdf,3348,capitulo_i,ok
Hocabá,2014,2013\2013-12-31_3.pdf,0,none,no_predial_found
Hoctún,2014,2013\2013-12-31_3.pdf,2774,capitulo_i,ok
Huhí,2014,2013\2013-12-31_3.pdf,4032,capitulo_i,ok
Hunucmá,2014,2013\2013-12-31_3.pdf,10064,capitulo_i,ok
Ixil,2014,2013\2013-12-31_3.pdf,3557,capitulo_i,ok
Kanasín,2014,2013\2013-12-31_3.pdf,3936,seccion_primera,ok
Kaua,2014,2013\2013-12-31_3.pdf,3317,capitulo_i,ok
Kopomá,2014,2013\2013-12-31_3.pdf,5074,capitulo_i,ok
Mama,2014,2013\2013-12-31_3.pdf,1376,capitulo_i,ok
Maní,2014,2013\2013-12-31_3.pdf,2201,capitulo_i,ok
Maxcanú,2014,2013\2013-12-31_3.pdf,4601,seccion_primera,ok
Muna,2014,2013\2013-12-31_3.pdf,0,none,no_predial_found
Muxupip,2014,2013\2013-12-31_3.pdf,1336,capitulo_i,ok
Oxkutzcab,2014,2013\2013-12-31_3.pdf,3718,seccion_primera,ok
Peto,2014,2013\2013-12-31_3.pdf,535,seccion_primera,ok
Rio Lagartos,2014,2013\2013-12-31_3.pdf,1844,capitulo_i,ok
Sacalum,2014,2013\2013-12-31_3.pdf,0,none,no_predial_found
Santa Elena,2014,2013\2013-12-31_3.pdf,4530,capitulo_i,ok
Seye,2014,2013\2013-12-31_3.pdf,4542,capitulo_i,ok
Sinanché,2014,2013\2013-12-31_3.pdf,5494,capitulo_i,ok
Sucilá,2014,2013\2013-12-31_3.pdf,4033,capitulo_i,ok
Tahmek,2014,2013\2013-12-31_3.pdf,3081,seccion_primera,ok
Tecoh,2014,2013\2013-12-31_3.pdf,5237,capitulo_i,ok
Tekal de Venegas,2014,2013\2013-12-31_3.pdf,0,none,no_predial_found
Tekax,2014,2013\2013-12-31_3.pdf,2326,capitulo_i,ok
Temax,2014,2013\2013-12-31_3.pdf,0,none,no_predial_found
Temozón,2014,2013\2013-12-31_3.pdf,2835,capitulo_i,ok
Tepakán,2014,2013\2013-12-31_3.pdf,2764,capitulo_i,ok
Tetiz,2014,2013\2013-12-31_3.pdf,2923,capitulo_i,ok
Ticul,2014,2013\2013-12-31_3.pdf,2333,seccion_primera,ok
Timucuy,2014,2013\2013-12-31_3.pdf,3588,capitulo_i,ok
Tinúm,2014,2013\2013-12-31_3.pdf,5112,capitulo_i,ok
Tixkokob,2014,2013\2013-12-31_3.pdf,4654,capitulo_i,ok
Tixméhuac,2014,2013\2013-12-31_3.pdf,3815,seccion_primera,ok
Tixpeual,2014,2013\2013-12-31_3.pdf,2997,capitulo_i,ok
Tizimín,2014,2013\2013-12-31_3.pdf,4956,seccion_primera,ok
Tunkás,2014,2013\2013-12-31_3.pdf,1571,capitulo_i,ok
Tzucacab,2014,2013\2013-12-31_3.pdf,5295,seccion_primera,ok
Uayma,2014,2013\2013-12-31_3.pdf,0,none,no_predial_found
Ucu,2014,2013\2013-12-31_3.pdf,3062,capitulo_i,ok
Umán,2014,2013\2013-12-31_3.pdf,13445,capitulo_i,ok
Xocchel,2014,2013\2013-12-31_3.pdf,4608,capitulo_i,ok
Yaxcabá,2014,2013\2013-12-31_3.pdf,3864,seccion_primera,ok
Yaxkukul,2014,2013\2013-12-31_3.pdf,3091,capitulo_i,ok
Yobaín,2014,2013\2013-12-31_3.pdf,3505,capitulo_i,ok
Abalá,2015,2014\2014-12-24_2.pdf,4777,capitulo_i,ok
Akil,2015,2014\2014-12-24_2.pdf,3004,capitulo_i,ok
Baca,2015,2014\2014-12-24_2.pdf,3230,capitulo_i,ok
Bokobá,2015,2014\2014-12-24_2.pdf,2689,capitulo_i,ok
Cacalchén,2015,2014\2014-12-24_2.pdf,4289,capitulo_i,ok
Calotmul,2015,2014\2014-12-24_2.pdf,4211,seccion_primera,ok
Cansahcab,2015,2014\2014-12-24_2.pdf,3881,seccion_primera,ok
Cantamayec,2015,2014\2014-12-24_2.pdf,3034,capitulo_i,ok
Celestún,2015,2014\2014-12-24_2.pdf,3222,capitulo_i,ok
Cenotillo,2015,2014\2014-12-24_2.pdf,2623,capitulo_i,ok
Conkal,2015,2014\2014-12-24_2.pdf,4440,capitulo_i,ok
Cuzamá,2015,2014\2014-12-24_2.pdf,4161,capitulo_i,ok
Chacsinkín,2015,2014\2014-12-24_2.pdf,4254,capitulo_i,ok
Chankom,2015,2014\2014-12-24_2.pdf,3968,capitulo_i,ok
Chapab,2015,2014\2014-12-24_2.pdf,3714,capitulo_i,ok
Chemax,2015,2014\2014-12-24_2.pdf,3764,capitulo_i,ok
Chicxulub Pueblo,2015,2014\2014-12-24_2.pdf,4329,capitulo_i,ok
Chichimilá,2015,2014\2014-12-24_2.pdf,1841,seccion_primera,ok
Chikindzonot,2015,2014\2014-12-24_2.pdf,5016,capitulo_i,ok
Dzan,2015,2014\2014-12-24_2.pdf,4271,capitulo_i,ok
Dzemul,2015,2014\2014-12-24_2.pdf,5085,capitulo_i,ok
Dzidzantún,2015,2014\2014-12-24_2.pdf,0,none,no_predial_found
Dzilam de Bravo,2015,2014\2014-12-24_2.pdf,693,capitulo_i,ok
Dzilam González,2015,2014\2014-12-24_2.pdf,3752,capitulo_i,ok
Dzitás,2015,2014\2014-12-24_2.pdf,3448,capitulo_i,ok
Dzoncauich,2015,2014\2014-12-24_2.pdf,2984,capitulo_i,ok
Homun,2015,2014\2014-12-24_2.pdf,1760,capitulo_i,ok
Izamal,2015,2014\2014-12-24_2.pdf,5682,capitulo_i,ok
Kantunil,2015,2014\2014-12-24_2.pdf,3382,capitulo_i,ok
Kinchil,2015,2014\2014-12-24_2.pdf,2998,capitulo_i,ok
Mayapán,2015,2014\2014-12-24_2.pdf,3515,seccion_primera,ok
Mocochá,2015,2014\2014-12-24_2.pdf,3185,capitulo_i,ok
Motul,2015,2014\2014-12-24_2.pdf,0,none,no_predial_found
Opichén,2015,2014\2014-12-24_2.pdf,1583,capitulo_i,ok
Panaba,2015,2014\2014-12-24_2.pdf,3363,capitulo_i,ok
Quintana Roo,2015,2014\2014-12-24_2.pdf,3188,capitulo_i,ok
Samahil,2015,2014\2014-12-24_2.pdf,3374,capitulo_i,ok
Sanahcat,2015,2014\2014-12-24_2.pdf,1153,capitulo_i,ok
San Felipe,2015,2014\2014-12-24_2.pdf,2767,capitulo_i,ok
Sotuta,2015,2014\2014-12-24_2.pdf,0,none,no_predial_found
Sudzal,2015,2014\2014-12-24_2.pdf,1512,capitulo_i,ok
Suma de Hidalgo,2015,2014\2014-12-24_2.pdf,1953,capitulo_i,ok
Tahdziú,2015,2014\2014-12-24_2.pdf,0,none,no_predial_found
Teabo,2015,2014\2014-12-24_2.pdf,3772,capitulo_i,ok
Tekanto,2015,2014\2014-12-24_2.pdf,4141,capitulo_i,ok
Tekit,2015,2014\2014-12-24_2.pdf,2943,capitulo_i,ok
Tekom,2015,2014\2014-12-24_2.pdf,4010,capitulo_i,ok
Telchac Pueblo,2015,2014\2014-12-24_2.pdf,1251,capitulo_i,ok
Tetiz,2015,2014\2014-12-24_2.pdf,2691,capitulo_i,ok
Teya,2015,2014\2014-12-24_2.pdf,921,capitulo_i,ok
Tunkás,2015,2014\2014-12-24_2.pdf,1551,capitulo_i,ok
Acanceh,2015,2014\2014-12-31_2.pdf,3420,seccion_primera,ok
Buctzotz,2015,2014\2014-12-31_2.pdf,3068,seccion_primera,ok
Cuncunul,2015,2014\2014-12-31_2.pdf,2573,capitulo_i,ok
Chumayel,2015,2014\2014-12-31_2.pdf,4032,capitulo_i,ok
Espita,2015,2014\2014-12-31_2.pdf,3583,capitulo_i,ok
Halachó,2015,2014\2014-12-31_2.pdf,3257,capitulo_i,ok
Hoctún,2015,2014\2014-12-31_2.pdf,2739,capitulo_i,ok
Huhí,2015,2014\2014-12-31_2.pdf,3767,capitulo_i,ok
Hunucmá,2015,2014\2014-12-31_2.pdf,10230,capitulo_i,ok
Ixil,2015,2014\2014-12-31_2.pdf,3415,capitulo_i,ok
Kanasin,2015,2014\2014-12-31_2.pdf,8998,seccion_primera,ok
Kaua,2015,2014\2014-12-31_2.pdf,3171,capitulo_i,ok
"Kopomá, Yucatàn",2015,2014\2014-12-31_2.pdf,5386,capitulo_i,ok
Mama,2015,2014\2014-12-31_2.pdf,1330,capitulo_i,ok
Maní,2015,2014\2014-12-31_2.pdf,2269,capitulo_i,ok
Maxcanú,2015,2014\2014-12-31_2.pdf,4523,seccion_primera,ok
Muna,2015,2014\2014-12-31_2.pdf,0,none,no_predial_found
Muxupip,2015,2014\2014-12-31_2.pdf,1836,capitulo_i,ok
Oxkutzcab,2015,2014\2014-12-31_2.pdf,3372,seccion_primera,ok
Peto,2015,2014\2014-12-31_2.pdf,518,seccion_primera,ok
Progreso,2015,2014\2014-12-31_2.pdf,11356,seccion_primera,ok
Rio Lagartos,2015,2014\2014-12-31_2.pdf,4997,seccion_primera,ok
Sacalum,2015,2014\2014-12-31_2.pdf,4152,capitulo_i,ok
Seyé,2015,2014\2014-12-31_2.pdf,4441,capitulo_i,ok
Sinanché,2015,2014\2014-12-31_2.pdf,5162,capitulo_i,ok
Sucilá,2015,2014\2014-12-31_2.pdf,4178,capitulo_i,ok
Tahmek,2015,2014\2014-12-31_2.pdf,3081,seccion_primera,ok
Tecoh,2015,2014\2014-12-31_2.pdf,4578,capitulo_i,ok
Tekal de Venegas,2015,2014\2014-12-31_2.pdf,0,none,no_predial_found
Tekax,2015,2014\2014-12-31_2.pdf,0,none,no_predial_found
Temax,2015,2014\2014-12-31_2.pdf,0,none,no_predial_found
Temozon,2015,2014\2014-12-31_2.pdf,2796,capitulo_i,ok
Tepakan,2015,2014\2014-12-31_2.pdf,2689,capitulo_i,ok
Telchac Puerto,2015,2014\2014-12-31_2.pdf,5623,capitulo_i,ok
Ticul,2015,2014\2014-12-31_2.pdf,2332,seccion_primera,ok
Timucuy,2015,2014\2014-12-31_2.pdf,3484,capitulo_i,ok
Tinum,2015,2014\2014-12-31_2.pdf,4956,capitulo_i,ok
Tixkokob,2015,2014\2014-12-31_2.pdf,5028,capitulo_i,ok
Tixméhuac,2015,2014\2014-12-31_2.pdf,3653,seccion_primera,ok
Tixpéual,2015,2014\2014-12-31_2.pdf,3091,capitulo_i,ok
Tizimín,2015,2014\2014-12-31_2.pdf,4953,seccion_primera,ok
Tzucacab,2015,2014\2014-12-31_2.pdf,5247,seccion_primera,ok
Ucú,2015,2014\2014-12-31_2.pdf,2716,capitulo_i,ok
Uman,2015,2014\2014-12-31_2.pdf,11928,capitulo_i,ok
Valladolid,2015,2014\2014-12-31_2.pdf,0,none,no_predial_found
Xocchel,2015,2014\2014-12-31_2.pdf,4910,capitulo_i,ok
Yaxcabá,2015,2014\2014-12-31_2.pdf,3696,seccion_primera,ok
Yobain,2015,2014\2014-12-31_2.pdf,3332,capitulo_i,ok
Abalá,2016,2015\2015-12-23_2.pdf,4910,capitulo_i,ok
Akil,2016,2015\2015-12-23_2.pdf,3467,capitulo_i,ok
Cacalchén,2016,2015\2015-12-23_2.pdf,3783,capitulo_i,ok
Calotmul,2016,2015\2015-12-23_2.pdf,3396,seccion_primera,ok
Cansahcab,2016,2015\2015-12-23_2.pdf,3912,seccion_primera,ok
Cantamayec,2016,2015\2015-12-23_2.pdf,3328,capitulo_i,ok
Celestún,2016,2015\2015-12-23_2.pdf,2518,capitulo_i,ok
Cenotillo,2016,2015\2015-12-23_2.pdf,2628,capitulo_i,ok
Conkal,2016,2015\2015-12-23_2.pdf,4052,capitulo_i,ok
Cuncunul,2016,2015\2015-12-23_2.pdf,2502,capitulo_i,ok
Cuzama,2016,2015\2015-12-23_2.pdf,3835,capitulo_i,ok
Chacsinkín,2016,2015\2015-12-23_2.pdf,4001,capitulo_i,ok
Chankom,2016,2015\2015-12-23_2.pdf,3288,capitulo_i,ok
Chapab,2016,2015\2015-12-23_2.pdf,2561,capitulo_i,ok
Chemax,2016,2015\2015-12-23_2.pdf,3750,capitulo_i,ok
Chikindzonot,2016,2015\2015-12-23_2.pdf,3578,capitulo_i,ok
Dzan,2016,2015\2015-12-23_2.pdf,4720,capitulo_i,ok
Dzemul,2016,2015\2015-12-23_2.pdf,4484,capitulo_i,ok
Dzilam de Bravo,2016,2015\2015-12-23_2.pdf,678,capitulo_i,ok
Dzilam González,2016,2015\2015-12-23_2.pdf,3437,capitulo_i,ok
Dzitás,2016,2015\2015-12-23_2.pdf,2868,capitulo_i,ok
Dzoncauich,2016,2015\2015-12-23_2.pdf,2450,capitulo_i,ok
Homún,2016,2015\2015-12-23_2.pdf,1941,capitulo_i,ok
Izamal,2016,2015\2015-12-23_2.pdf,5898,capitulo_i,ok
Kantunil,2016,2015\2015-12-23_2.pdf,3129,capitulo_i,ok
Kinchil,2016,2015\2015-12-23_2.pdf,3119,capitulo_i,ok
Mayapán,2016,2015\2015-12-23_2.pdf,3450,seccion_primera,ok
Motul,2016,2015\2015-12-23_2.pdf,0,none,no_predial_found
Opichén,2016,2015\2015-12-23_2.pdf,1193,capitulo_i,ok
Panaba,2016,2015\2015-12-23_2.pdf,2949,capitulo_i,ok
Quintana Roo,2016,2015\2015-12-23_2.pdf,3136,capitulo_i,ok
Río Lagartos,2016,2015\2015-12-23_2.pdf,5087,seccion_primera,ok
Samahil,2016,2015\2015-12-23_2.pdf,3510,capitulo_i,ok
Sanahcat,2016,2015\2015-12-23_2.pdf,1275,capitulo_i,ok
San Felipe,2016,2015\2015-12-23_2.pdf,2478,capitulo_i,ok
Sudzal,2016,2015\2015-12-23_2.pdf,1848,capitulo_i,ok
Suma de Hidalgo,2016,2015\2015-12-23_2.pdf,1455,capitulo_i,ok
Tahdziú,2016,2015\2015-12-23_2.pdf,0,none,no_predial_found
Tekal de Venegas,2016,2015\2015-12-23_2.pdf,0,none,no_predial_found
Tekantó,2016,2015\2015-12-23_2.pdf,4316,capitulo_i,ok
Tekit,2016,2015\2015-12-23_2.pdf,3408,capitulo_i,ok
Telchac Pueblo,2016,2015\2015-12-23_2.pdf,710,capitulo_i,ok
Temax,2016,2015\2015-12-23_2.pdf,0,none,no_predial_found
Tetiz,2016,2015\2015-12-23_2.pdf,2688,capitulo_i,ok
Teya,2016,2015\2015-12-23_2.pdf,1056,capitulo_i,ok
Tixméhuac,2016,2015\2015-12-23_2.pdf,4127,seccion_primera,ok
Tunkás,2016,2015\2015-12-23_2.pdf,1256,capitulo_i,ok
Ucú,2016,2015\2015-12-23_2.pdf,2788,capitulo_i,ok
Abalá,2017,2016\2016-12-28_2.pdf,4426,capitulo_i,ok
Akil,2017,2016\2016-12-28_2.pdf,3209,capitulo_i,ok
Baca,2017,2016\2016-12-28_2.pdf,4132,seccion_primera,ok
Buctzotz,2017,2016\2016-12-28_2.pdf,4066,seccion_primera,ok
Calotmul,2017,2016\2016-12-28_2.pdf,3333,seccion_primera,ok
Cansahcab,2017,2016\2016-12-28_2.pdf,3873,capitulo_i,ok
Cantamayec,2017,2016\2016-12-28_2.pdf,3076,capitulo_i,ok
Celestún,2017,2016\2016-12-28_2.pdf,5169,capitulo_i,ok
Cenotillo,2017,2016\2016-12-28_2.pdf,3040,capitulo_i,ok
Conkal,2017,2016\2016-12-28_2.pdf,3871,capitulo_i,ok
Cuncunul,2017,2016\2016-12-28_2.pdf,2555,capitulo_i,ok
Cuzamá,2017,2016\2016-12-28_2.pdf,4626,capitulo_i,ok
Chacsinkín,2017,2016\2016-12-28_2.pdf,4386,capitulo_i,ok
Chankom,2017,2016\2016-12-28_2.pdf,4051,capitulo_i,ok
Chapab,2017,2016\2016-12-28_2.pdf,2709,capitulo_i,ok
Chemax,2017,2016\2016-12-28_2.pdf,3456,capitulo_i,ok
Chichimilá,2017,2016\2016-12-28_2.pdf,1847,seccion_primera,ok
Chicxulub Pueblo,2017,2016\2016-12-28_2.pdf,4923,capitulo_i,ok
Chikindzonot,2017,2016\2016-12-28_2.pdf,3432,capitulo_i,ok
Chumayel,2017,2016\2016-12-28_2.pdf,3831,capitulo_i,ok
Dzan,2017,2016\2016-12-28_2.pdf,4118,capitulo_i,ok
Dzitás,2017,2016\2016-12-28_2.pdf,2921,capitulo_i,ok
Dzocauich,2017,2016\2016-12-28_2.pdf,2448,capitulo_i,ok
Espita,2017,2016\2016-12-28_2.pdf,2704,capitulo_i,ok
Halachó,2017,2016\2016-12-28_2.pdf,3159,capitulo_i,ok
Hocabá,2017,2016\2016-12-28_2.pdf,0,none,no_predial_found
Hoctun,2017,2016\2016-12-28_2.pdf,3301,capitulo_i,ok
Homún,2017,2016\2016-12-28_2.pdf,1758,capitulo_i,ok
Kantunil,2017,2016\2016-12-28_2.pdf,3133,capitulo_i,ok
Kinchil,2017,2016\2016-12-28_2.pdf,3417,capitulo_i,ok
Mayapán,2017,2016\2016-12-28_2.pdf,3561,seccion_primera,ok
Opichén,2017,2016\2016-12-28_2.pdf,1550,capitulo_i,ok
Peto,2017,2016\2016-12-28_2.pdf,6803,seccion_primera,ok
Río Lagartos,2017,2016\2016-12-28_2.pdf,5008,seccion_primera,ok
Sanahcat,2017,2016\2016-12-28_2.pdf,627,capitulo_i,ok
San Felipe,2017,2016\2016-12-28_2.pdf,2770,capitulo_i,ok
Seyé,2017,2016\2016-12-28_2.pdf,4401,capitulo_i,ok
Tahmek,2017,2016\2016-12-28_2.pdf,1330,capitulo_i,ok
Tekanto,2017,2016\2016-12-28_2.pdf,3889,capitulo_i,ok
Tekit,2017,2016\2016-12-28_2.pdf,3224,capitulo_i,ok
Telchac Pueblo,2017,2016\2016-12-28_2.pdf,705,capitulo_i,ok
Tetiz,2017,2016\2016-12-28_2.pdf,2678,capitulo_i,ok
Teya,2017,2016\2016-12-28_2.pdf,645,capitulo_i,ok
Tixcacalcupul,2017,2016\2016-12-28_2.pdf,3922,capitulo_i,ok
Tixkokob,2017,2016\2016-12-28_2.pdf,4434,capitulo_i,ok
Tixméhuac,2017,2016\2016-12-28_2.pdf,4081,seccion_primera,ok
Tunkás,2017,2016\2016-12-28_2.pdf,1161,capitulo_i,ok
"Ucú, del Estado de",2017,2016\2016-12-28_2.pdf,0,none,no_predial_found
Acanceh,2017,2016\2016-12-29_2.pdf,3433,seccion_primera,ok
Bokobá,2017,2016\2016-12-29_2.pdf,2813,capitulo_i,ok
Cacalchén,2017,2016\2016-12-29_2.pdf,3646,capitulo_i,ok
Dzemul,2017,2016\2016-12-29_2.pdf,5090,capitulo_i,ok
Dzidzantun,2017,2016\2016-12-29_2.pdf,0,none,no_predial_found
Dzilam de Bravo,2017,2016\2016-12-29_2.pdf,0,none,no_predial_found
Dzilam González,2017,2016\2016-12-29_2.pdf,3116,capitulo_i,ok
Huhí,2017,2016\2016-12-29_2.pdf,3336,capitulo_i,ok
Ixil,2017,2016\2016-12-29_2.pdf,4360,capitulo_i,ok
Kanasín,2017,2016\2016-12-29_2.pdf,7422,seccion_primera,ok
Kaua,2017,2016\2016-12-29_2.pdf,3495,capitulo_i,ok
Kopomá,2017,2016\2016-12-29_2.pdf,4704,capitulo_i,ok
Mama,2017,2016\2016-12-29_2.pdf,211,capitulo_i,ok
Mani,2017,2016\2016-12-29_2.pdf,3981,capitulo_i,ok
Maxcanú,2017,2016\2016-12-29_2.pdf,4616,seccion_primera,ok
Mocochá,2017,2016\2016-12-29_2.pdf,3157,capitulo_i,ok
Motul,2017,2016\2016-12-29_2.pdf,0,none,no_predial_found
Muna,2017,2016\2016-12-29_2.pdf,0,none,no_predial_found
Muxupip,2017,2016\2016-12-29_2.pdf,3157,capitulo_i,ok
Oxkutzcab,2017,2016\2016-12-29_2.pdf,3014,seccion_primera,ok
Panabá,2017,2016\2016-12-29_2.pdf,3450,capitulo_i,ok
Progreso,2017,2016\2016-12-29_2.pdf,22820,seccion_primera,ok
Quintana Roo,2017,2016\2016-12-29_2.pdf,3506,capitulo_i,ok
Sacalum,2017,2016\2016-12-29_2.pdf,0,none,no_predial_found
Santa Elena,2017,2016\2016-12-29_2.pdf,3223,seccion_primera,ok
Sinanché,2017,2016\2016-12-29_2.pdf,5036,capitulo_i,ok
Sotuta,2017,2016\2016-12-29_2.pdf,3716,seccion_primera,ok
Sucilá,2017,2016\2016-12-29_2.pdf,3181,capitulo_i,ok
Sudzal,2017,2016\2016-12-29_2.pdf,9731,capitulo_i,ok
Suma de Hidalgo,2017,2016\2016-12-29_2.pdf,1381,capitulo_i,ok
Teabo,2017,2016\2016-12-29_2.pdf,4720,seccion_primera,ok
Tecoh,2017,2016\2016-12-29_2.pdf,4528,capitulo_i,ok
Tekal de Venegas,2017,2016\2016-12-29_2.pdf,0,none,no_predial_found
Tekax,2017,2016\2016-12-29_2.pdf,2361,capitulo_i,ok
Telchac Puerto,2017,2016\2016-12-29_2.pdf,5683,capitulo_i,ok
Temax,2017,2016\2016-12-29_2.pdf,0,none,no_predial_found
Temozón,2017,2016\2016-12-29_2.pdf,3346,capitulo_i,ok
Tepakan,2017,2016\2016-12-29_2.pdf,2454,capitulo_i,ok
Ticul,2017,2016\2016-12-29_2.pdf,2793,capitulo_i,ok
Timucuy,2017,2016\2016-12-29_2.pdf,3416,capitulo_i,ok
Tinum,2017,2016\2016-12-29_2.pdf,7374,capitulo_i,ok
Tixpéual,2017,2016\2016-12-29_2.pdf,3663,capitulo_i,ok
Tizimín,2017,2016\2016-12-29_2.pdf,5303,seccion_primera,ok
Tzucacab,2017,2016\2016-12-29_2.pdf,3926,seccion_primera,ok
Uman,2017,2016\2016-12-29_2.pdf,11436,capitulo_i,ok
Valladolid,2017,2016\2016-12-29_2.pdf,0,none,no_predial_found
Xocchel,2017,2016\2016-12-29_2.pdf,4627,capitulo_i,ok
Yaxcabá,2017,2016\2016-12-29_2.pdf,3707,seccion_primera,ok
Yaxkukul,2017,2016\2016-12-29_2.pdf,22308,capitulo_i,ok
Yobain,2017,2016\2016-12-29_2.pdf,3226,capitulo_i,ok
Abalá,2018,2017\2017-12-27_2.pdf,4565,capitulo_i,ok
Cansahcab,2018,2017\2017-12-27_2.pdf,3886,capitulo_i,ok
Cantamayec,2018,2017\2017-12-27_2.pdf,3918,capitulo_i,ok
Celestún,2018,2017\2017-12-27_2.pdf,4981,capitulo_i,ok
Conkal,2018,2017\2017-12-27_2.pdf,3761,capitulo_i,ok
Cuncunul,2018,2017\2017-12-27_2.pdf,2498,capitulo_i,ok
Chapab,2018,2017\2017-12-27_2.pdf,2616,capitulo_i,ok
Chemax,2018,2017\2017-12-27_2.pdf,3749,capitulo_i,ok
Chichimilá,2018,2017\2017-12-27_2.pdf,1625,seccion_primera,ok
Chicxulub Pueblo,2018,2017\2017-12-27_2.pdf,4785,capitulo_i,ok
Dzan,2018,2017\2017-12-27_2.pdf,4686,capitulo_i,ok
Dzoncauich,2018,2017\2017-12-27_2.pdf,2728,capitulo_i,ok
Espita,2018,2017\2017-12-27_2.pdf,2708,capitulo_i,ok
Mayapán,2018,2017\2017-12-27_2.pdf,3815,seccion_primera,ok
San Felipe,2018,2017\2017-12-27_2.pdf,2464,capitulo_i,ok
Telchac Pueblo,2018,2017\2017-12-27_2.pdf,702,capitulo_i,ok
Teya,2018,2017\2017-12-27_2.pdf,640,capitulo_i,ok
Akil,2018,2017\2017-12-31_2.pdf,3452,capitulo_i,ok
Bokobá,2018,2017\2017-12-31_2.pdf,2779,capitulo_i,ok
Baca,2018,2017\2017-12-31_2.pdf,4051,seccion_primera,ok
Buctzotz,2018,2017\2017-12-31_2.pdf,4031,seccion_primera,ok
Calotmul,2018,2017\2017-12-31_2.pdf,3340,seccion_primera,ok
Cenotillo,2018,2017\2017-12-31_2.pdf,3003,capitulo_i,ok
Cuzamá,2018,2017\2017-12-31_2.pdf,4097,capitulo_i,ok
Chacsinkín,2018,2017\2017-12-31_2.pdf,4191,capitulo_i,ok
Chikindzonot,2018,2017\2017-12-31_2.pdf,3607,capitulo_i,ok
Chumayel,2018,2017\2017-12-31_2.pdf,4092,capitulo_i,ok
Dzilam González,2018,2017\2017-12-31_2.pdf,3412,capitulo_i,ok
Dzitás,2018,2017\2017-12-31_2.pdf,3155,capitulo_i,ok
Halachó,2018,2017\2017-12-31_2.pdf,3126,capitulo_i,ok
Hocabá,2018,2017\2017-12-31_2.pdf,0,none,no_predial_found
Hoctún,2018,2017\2017-12-31_2.pdf,2921,capitulo_i,ok
Homún,2018,2017\2017-12-31_2.pdf,1817,capitulo_i,ok
Kantunil,2018,2017\2017-12-31_2.pdf,3146,capitulo_i,ok
Mama,2018,2017\2017-12-31_2.pdf,211,capitulo_i,ok
Mani,2018,2017\2017-12-31_2.pdf,3901,capitulo_i,ok
Mocochá,2018,2017\2017-12-31_2.pdf,3592,capitulo_i,ok
Opichén,2018,2017\2017-12-31_2.pdf,1443,capitulo_i,ok
Peto,2018,2017\2017-12-31_2.pdf,6754,seccion_primera,ok
Río Lagartos,2018,2017\2017-12-31_2.pdf,4826,capitulo_i,ok
Sanahcat,2018,2017\2017-12-31_2.pdf,882,capitulo_i,ok
Seyé,2018,2017\2017-12-31_2.pdf,4361,capitulo_i,ok
Sudzal,2018,2017\2017-12-31_2.pdf,1521,capitulo_i,ok
Suma de Hidalgo,2018,2017\2017-12-31_2.pdf,1421,capitulo_i,ok
Tahmek,2018,2017\2017-12-31_2.pdf,1234,capitulo_i,ok
Tekantó,2018,2017\2017-12-31_2.pdf,4405,capitulo_i,ok
Tekit,2018,2017\2017-12-31_2.pdf,2999,capitulo_i,ok
Tetiz,2018,2017\2017-12-31_2.pdf,3115,capitulo_i,ok
Timucuy,2018,2017\2017-12-31_2.pdf,3578,capitulo_i,ok
Tixcacalcupul,2018,2017\2017-12-31_2.pdf,3903,capitulo_i,ok
Tixkokob,2018,2017\2017-12-31_2.pdf,4357,capitulo_i,ok
Tunkás,2018,2017\2017-12-31_2.pdf,1286,capitulo_i,ok
Tzucacab,2018,2017\2017-12-31_2.pdf,3665,seccion_primera,ok
Ucú,2018,2017\2017-12-31_2.pdf,0,none,no_predial_found
Yaxcabá,2018,2017\2017-12-31_2.pdf,4089,seccion_primera,ok
Acanceh,2018,2017\2017-12-31_3.pdf,3462,seccion_primera,ok
Cacalchén,2018,2017\2017-12-31_3.pdf,3802,capitulo_i,ok
Chankom,2018,2017\2017-12-31_3.pdf,4067,capitulo_i,ok
Dzemul,2018,2017\2017-12-31_3.pdf,5052,capitulo_i,ok
Dzilam de Bravo,2018,2017\2017-12-31_3.pdf,0,none,no_predial_found
Huhí,2018,2017\2017-12-31_3.pdf,3506,capitulo_i,ok
Ixil,2018,2017\2017-12-31_3.pdf,4419,capitulo_i,ok
Kanasín,2018,2017\2017-12-31_3.pdf,7392,seccion_primera,ok
Kaua,2018,2017\2017-12-31_3.pdf,3722,capitulo_i,ok
Kinchil,2018,2017\2017-12-31_3.pdf,3329,capitulo_i,ok
Kopomá,2018,2017\2017-12-31_3.pdf,4546,capitulo_i,ok
Maxcanú,2018,2017\2017-12-31_3.pdf,4162,seccion_primera,ok
Motul,2018,2017\2017-12-31_3.pdf,0,none,no_predial_found
Muna,2018,2017\2017-12-31_3.pdf,0,none,no_predial_found
Muxupip,2018,2017\2017-12-31_3.pdf,1136,capitulo_i,ok
Oxkutzcab,2018,2017\2017-12-31_3.pdf,2956,seccion_primera,ok
Panabá,2018,2017\2017-12-31_3.pdf,2876,capitulo_i,ok
Progreso,2018,2017\2017-12-31_3.pdf,22692,seccion_primera,ok
Quintana Roo,2018,2017\2017-12-31_3.pdf,3620,capitulo_i,ok
Sacalum,2018,2017\2017-12-31_3.pdf,0,none,no_predial_found
Samahil,2018,2017\2017-12-31_3.pdf,3401,capitulo_i,ok
Santa Elena,2018,2017\2017-12-31_3.pdf,3175,seccion_primera,ok
Sinanché,2018,2017\2017-12-31_3.pdf,5012,capitulo_i,ok
Sotuta,2018,2017\2017-12-31_3.pdf,3738,seccion_primera,ok
Sucilá,2018,2017\2017-12-31_3.pdf,3183,capitulo_i,ok
Teabo,2018,2017\2017-12-31_3.pdf,4782,seccion_primera,ok
Tecoh,2018,2017\2017-12-31_3.pdf,4571,capitulo_i,ok
Tekal de Venegas,2018,2017\2017-12-31_3.pdf,0,none,no_predial_found
Tekax,2018,2017\2017-12-31_3.pdf,0,none,no_predial_found
Telchac Puerto,2018,2017\2017-12-31_3.pdf,5596,capitulo_i,ok
Temax,2018,2017\2017-12-31_3.pdf,0,none,no_predial_found
Temozón,2018,2017\2017-12-31_3.pdf,3059,capitulo_i,ok
Tepakan,2018,2017\2017-12-31_3.pdf,2527,capitulo_i,ok
Ticul,2018,2017\2017-12-31_3.pdf,2837,capitulo_i,ok
Tinum,2018,2017\2017-12-31_3.pdf,7718,capitulo_i,ok
Tixméhuac,2018,2017\2017-12-31_3.pdf,4165,seccion_primera,ok
Tixpéual,2018,2017\2017-12-31_3.pdf,4178,capitulo_i,ok
Tizimín,2018,2017\2017-12-31_3.pdf,5441,seccion_primera,ok
Umán,2018,2017\2017-12-31_3.pdf,11461,capitulo_i,ok
Valladolid,2018,2017\2017-12-31_3.pdf,0,none,no_predial_found
Xocchel,2018,2017\2017-12-31_3.pdf,4345,capitulo_i,ok
Yaxkukul,2018,2017\2017-12-31_3.pdf,3389,capitulo_i,ok
Yobain,2018,2017\2017-12-31_3.pdf,3098,capitulo_i,ok
Abalá,2019,2018\2018-12-28_2.pdf,4473,capitulo_i,ok
Akil,2019,2018\2018-12-28_2.pdf,3922,seccion_primera,ok
Baca,2019,2018\2018-12-28_2.pdf,4316,seccion_primera,ok
Bokobá,2019,2018\2018-12-28_2.pdf,2806,capitulo_i,ok
Buctzotz,2019,2018\2018-12-28_2.pdf,3367,seccion_primera,ok
Cacalchén,2019,2018\2018-12-28_2.pdf,0,none,no_predial_found
Calotmul,2019,2018\2018-12-28_2.pdf,3541,seccion_primera,ok
Cansahcab,2019,2018\2018-12-28_2.pdf,3865,seccion_primera,ok
Cantamayec,2019,2018\2018-12-28_2.pdf,4039,capitulo_i,ok
Cenotillo,2019,2018\2018-12-28_2.pdf,2959,capitulo_i,ok
Cuncunul,2019,2018\2018-12-28_2.pdf,2667,capitulo_i,ok
Cuzamá,2019,2018\2018-12-28_2.pdf,3645,capitulo_i,ok
Chacsinkin,2019,2018\2018-12-28_2.pdf,3908,capitulo_i,ok
Chapab,2019,2018\2018-12-28_2.pdf,3784,capitulo_i,ok
Chicxulub Pueblo,2019,2018\2018-12-28_2.pdf,4187,capitulo_i,ok
Chichimilá,2019,2018\2018-12-28_2.pdf,1605,seccion_primera,ok
Chikindzonot,2019,2018\2018-12-28_2.pdf,2683,capitulo_i,ok
Chocholá,2019,2018\2018-12-28_2.pdf,0,none,no_predial_found
Chumayel,2019,2018\2018-12-28_2.pdf,4360,capitulo_i,ok
Dzemul,2019,2018\2018-12-28_2.pdf,5073,capitulo_i,ok
Dzilam de Bravo,2019,2018\2018-12-28_2.pdf,0,none,no_predial_found
Dzilam González,2019,2018\2018-12-28_2.pdf,3440,capitulo_i,ok
Dzitás,2019,2018\2018-12-28_2.pdf,2909,capitulo_i,ok
Dzoncauich,2019,2018\2018-12-28_2.pdf,2691,capitulo_i,ok
Espita,2019,2018\2018-12-28_2.pdf,2695,capitulo_i,ok
Halachó,2019,2018\2018-12-28_2.pdf,3213,capitulo_i,ok
Hocabá,2019,2018\2018-12-28_2.pdf,0,none,no_predial_found
Homún,2019,2018\2018-12-28_2.pdf,1343,capitulo_i,ok
Huhí,2019,2018\2018-12-28_2.pdf,3467,capitulo_i,ok
Izamal,2019,2018\2018-12-28_2.pdf,5878,capitulo_i,ok
Kantunil,2019,2018\2018-12-28_2.pdf,3141,capitulo_i,ok
Kaua,2019,2018\2018-12-28_2.pdf,3615,capitulo_i,ok
Kinchil,2019,2018\2018-12-28_2.pdf,3056,capitulo_i,ok
Kopomá,2019,2018\2018-12-28_2.pdf,4894,capitulo_i,ok
Mama,2019,2018\2018-12-28_2.pdf,202,capitulo_i,ok
Mani,2019,2018\2018-12-28_2.pdf,3716,capitulo_i,ok
Maxcanú,2019,2018\2018-12-28_2.pdf,4189,seccion_primera,ok
Mayapán,2019,2018\2018-12-28_2.pdf,3586,seccion_primera,ok
Mocochá,2019,2018\2018-12-28_2.pdf,3785,capitulo_i,ok
Muna,2019,2018\2018-12-28_2.pdf,0,none,no_predial_found
Muxupip,2019,2018\2018-12-28_2.pdf,1155,capitulo_i,ok
Opichén,2019,2018\2018-12-28_2.pdf,1554,capitulo_i,ok
Peto,2019,2018\2018-12-28_2.pdf,6121,capitulo_i,ok
Quintana Roo,2019,2018\2018-12-28_2.pdf,3649,capitulo_i,ok
Río Lagartos,2019,2018\2018-12-28_2.pdf,4884,capitulo_i,ok
Sacalum,2019,2018\2018-12-28_2.pdf,0,none,no_predial_found
Samahil,2019,2018\2018-12-28_2.pdf,3516,capitulo_i,ok
Sanahcat,2019,2018\2018-12-28_2.pdf,876,capitulo_i,ok
San Felipe,2019,2018\2018-12-28_2.pdf,2461,capitulo_i,ok
Santa Elena,2019,2018\2018-12-28_2.pdf,3383,seccion_primera,ok
Seyé,2019,2018\2018-12-28_2.pdf,0,none,no_predial_found
Sotuta,2019,2018\2018-12-28_2.pdf,3929,capitulo_i,ok
Sudzal,2019,2018\2018-12-28_2.pdf,1544,capitulo_i,ok
Suma de Hidalgo,2019,2018\2018-12-28_2.pdf,1400,capitulo_i,ok
Tahmek,2019,2018\2018-12-28_2.pdf,1276,capitulo_i,ok
Teabo,2019,2018\2018-12-28_2.pdf,4281,seccion_primera,ok
Tekal de Venegas,2019,2018\2018-12-28_2.pdf,0,none,no_predial_found
Tekanto,2019,2018\2018-12-28_2.pdf,4493,capitulo_i,ok
Tekit,2019,2018\2018-12-28_2.pdf,3605,capitulo_i,ok
Telchac Puerto,2019,2018\2018-12-28_2.pdf,5515,capitulo_i,ok
Telchac Pueblo,2019,2018\2018-12-28_2.pdf,657,capitulo_i,ok
Temax,2019,2018\2018-12-28_2.pdf,0,none,no_predial_found
Temozón,2019,2018\2018-12-28_2.pdf,3088,capitulo_i,ok
Tepakan,2019,2018\2018-12-28_2.pdf,2240,capitulo_i,ok
Tetiz,2019,2018\2018-12-28_2.pdf,2698,capitulo_i,ok
Teya,2019,2018\2018-12-28_2.pdf,641,capitulo_i,ok
Ticul,2019,2018\2018-12-28_2.pdf,3115,capitulo_i,ok
Tinum,2019,2018\2018-12-28_2.pdf,7381,capitulo_i,ok
Tixcacalcupul,2019,2018\2018-12-28_2.pdf,3650,capitulo_i,ok
Tixkokob,2019,2018\2018-12-28_2.pdf,5704,capitulo_i,ok
Tixméhuac,2019,2018\2018-12-28_2.pdf,4214,seccion_primera,ok
Tixpéual,2019,2018\2018-12-28_2.pdf,3867,capitulo_i,ok
Tunkás,2019,2018\2018-12-28_2.pdf,4009,capitulo_i,ok
Ucú,2019,2018\2018-12-28_2.pdf,0,none,no_predial_found
Valladolid,2019,2018\2018-12-28_2.pdf,0,none,no_predial_found
Xocchel,2019,2018\2018-12-28_2.pdf,4595,capitulo_i,ok
Yaxcabá,2019,2018\2018-12-28_2.pdf,3435,seccion_primera,ok
Yaxkukul,2019,2018\2018-12-28_2.pdf,3369,capitulo_i,ok
Acanceh,2019,2018\2018-12-29_2.pdf,3415,seccion_primera,ok
Celestún,2019,2018\2018-12-29_2.pdf,3047,capitulo_i,ok
Conkal,2019,2018\2018-12-29_2.pdf,4249,capitulo_i,ok
Chankom,2019,2018\2018-12-29_2.pdf,4319,capitulo_i,ok
Chemax,2019,2018\2018-12-29_2.pdf,3710,capitulo_i,ok
Dzan,2019,2018\2018-12-29_2.pdf,2222,capitulo_i,ok
Dzidzantun,2019,2018\2018-12-29_2.pdf,0,none,no_predial_found
Hoctún,2019,2018\2018-12-29_2.pdf,2651,capitulo_i,ok
Kanasín,2019,2018\2018-12-29_2.pdf,7435,seccion_primera,ok
Motul,2019,2018\2018-12-29_2.pdf,0,none,no_predial_found
Oxkutzcab,2019,2018\2018-12-29_2.pdf,3175,seccion_primera,ok
Panabá,2019,2018\2018-12-29_2.pdf,586,capitulo_i,ok
Progreso,2019,2018\2018-12-29_2.pdf,21811,seccion_primera,ok
Sinanché,2019,2018\2018-12-29_2.pdf,5483,capitulo_i,ok
Sucilá,2019,2018\2018-12-29_2.pdf,3269,capitulo_i,ok
Tecoh,2019,2018\2018-12-29_2.pdf,4474,capitulo_i,ok
Tekax,2019,2018\2018-12-29_2.pdf,0,none,no_predial_found
Timucuy,2019,2018\2018-12-29_2.pdf,3550,capitulo_i,ok
Tizimín,2019,2018\2018-12-29_2.pdf,5679,seccion_primera,ok
Tzucacab,2019,2018\2018-12-29_2.pdf,0,none,no_predial_found
Umán,2019,2018\2018-12-29_2.pdf,11604,capitulo_i,ok
Yobain,2019,2018\2018-12-29_2.pdf,3122,capitulo_i,ok
Abalá,2020,2019\2019-12-24_2.pdf,4199,capitulo_i,ok
Acanceh,2020,2019\2019-12-24_2.pdf,3477,seccion_primera,ok
Cenotillo,2020,2019\2019-12-24_2.pdf,2927,capitulo_i,ok
Buctzotz,2020,2019\2019-12-24_2.pdf,3332,seccion_primera,ok
Cacalchén,2020,2019\2019-12-24_2.pdf,3159,capitulo_i,ok
Cansahcab,2020,2019\2019-12-24_2.pdf,3897,seccion_primera,ok
Cantamayec,2020,2019\2019-12-24_2.pdf,4013,capitulo_i,ok
Chacsinkin,2020,2019\2019-12-24_2.pdf,4345,capitulo_i,ok
Chankom,2020,2019\2019-12-24_2.pdf,3253,capitulo_i,ok
Chapab,2020,2019\2019-12-24_2.pdf,3572,capitulo_i,ok
Chemax,2020,2019\2019-12-24_2.pdf,3818,capitulo_i,ok
Chichimilá,2020,2019\2019-12-24_2.pdf,1588,seccion_primera,ok
Chikindzonot,2020,2019\2019-12-24_2.pdf,2817,capitulo_i,ok
Chumayel,2020,2019\2019-12-24_2.pdf,4075,capitulo_i,ok
Dzitás,2020,2019\2019-12-24_2.pdf,2953,capitulo_i,ok
Cuzamá,2020,2019\2019-12-24_2.pdf,4308,capitulo_i,ok
Dzan,2020,2019\2019-12-24_2.pdf,5185,capitulo_i,ok
Dzidzantun,2020,2019\2019-12-24_2.pdf,0,none,no_predial_found
Halachó,2020,2019\2019-12-24_2.pdf,2944,capitulo_i,ok
Hoctún,2020,2019\2019-12-24_2.pdf,2656,capitulo_i,ok
Homún,2020,2019\2019-12-24_2.pdf,3963,capitulo_i,ok
Izamal,2020,2019\2019-12-24_2.pdf,5841,capitulo_i,ok
Kantunil,2020,2019\2019-12-24_2.pdf,3075,capitulo_i,ok
Kaua,2020,2019\2019-12-24_2.pdf,3772,capitulo_i,ok
Mama,2020,2019\2019-12-24_2.pdf,4135,capitulo_i,ok
Maní,2020,2019\2019-12-24_2.pdf,17011,capitulo_i,ok
Maxcanú,2020,2019\2019-12-24_2.pdf,6581,seccion_primera,ok
Mayapán,2020,2019\2019-12-24_2.pdf,4044,seccion_primera,ok
Mocochá,2020,2019\2019-12-24_2.pdf,3766,capitulo_i,ok
Muxupip,2020,2019\2019-12-24_2.pdf,1145,capitulo_i,ok
Opichén,2020,2019\2019-12-24_2.pdf,4020,capitulo_i,ok
Panabá,2020,2019\2019-12-24_2.pdf,1880,capitulo_i,ok
Tixméhuac,2020,2019\2019-12-24_2.pdf,3759,seccion_primera,ok
Progreso,2020,2019\2019-12-24_2.pdf,21167,seccion_primera,ok
Sacalum,2020,2019\2019-12-24_2.pdf,0,none,no_predial_found
Samahil,2020,2019\2019-12-24_2.pdf,3412,capitulo_i,ok
Sinanché,2020,2019\2019-12-24_2.pdf,7882,capitulo_i,ok
Tahmek,2020,2019\2019-12-24_2.pdf,4024,capitulo_i,ok
Teabo,2020,2019\2019-12-24_2.pdf,3772,seccion_primera,ok
Tekit,2020,2019\2019-12-24_2.pdf,3166,capitulo_i,ok
Telchac Pueblo,2020,2019\2019-12-24_2.pdf,1181,capitulo_i,ok
Temozón,2020,2019\2019-12-24_2.pdf,3082,capitulo_i,ok
Tetiz,2020,2019\2019-12-24_2.pdf,5559,capitulo_i,ok
Ticul,2020,2019\2019-12-24_2.pdf,2653,capitulo_i,ok
Tixcacalcupul,2020,2019\2019-12-24_2.pdf,3673,capitulo_i,ok
Tixpéual,2020,2019\2019-12-24_2.pdf,3932,capitulo_i,ok
Tzucacab,2020,2019\2019-12-24_2.pdf,0,none,no_predial_found
Ucú,2020,2019\2019-12-24_2.pdf,0,none,no_predial_found
Yaxcabá,2020,2019\2019-12-24_2.pdf,3556,seccion_primera,ok
Yaxkukul,2020,2019\2019-12-24_2.pdf,3182,capitulo_i,ok
Akil,2020,2019\2019-12-27_2.pdf,4022,seccion_primera,ok
Baca,2020,2019\2019-12-27_2.pdf,3116,seccion_primera,ok
Bokobá,2020,2019\2019-12-27_2.pdf,2811,capitulo_i,ok
Calotmul,2020,2019\2019-12-27_2.pdf,3431,seccion_primera,ok
Celestún,2020,2019\2019-12-27_2.pdf,7737,capitulo_i,ok
Chicxulub Pueblo,2020,2019\2019-12-27_2.pdf,5463,capitulo_i,ok
Chocholá,2020,2019\2019-12-27_2.pdf,0,none,no_predial_found
Conkal,2020,2019\2019-12-27_2.pdf,6098,capitulo_i,ok
Cuncunul,2020,2019\2019-12-27_2.pdf,2666,capitulo_i,ok
Dzemul,2020,2019\2019-12-27_2.pdf,4479,capitulo_i,ok
Dzilám de Bravo,2020,2019\2019-12-27_2.pdf,0,none,no_predial_found
Dzilam González,2020,2019\2019-12-27_2.pdf,3408,capitulo_i,ok
Dzoncauich,2020,2019\2019-12-27_2.pdf,2789,capitulo_i,ok
Espita,2020,2019\2019-12-27_2.pdf,2693,capitulo_i,ok
Hocabá,2020,2019\2019-12-27_2.pdf,0,none,no_predial_found
Huhí,2020,2019\2019-12-27_2.pdf,4894,capitulo_i,ok
Ixil,2020,2019\2019-12-27_2.pdf,4036,capitulo_i,ok
Kanasín,2020,2019\2019-12-27_2.pdf,3355,capitulo_i,ok
Kinchil,2020,2019\2019-12-27_2.pdf,3232,capitulo_i,ok
Kopomá,2020,2019\2019-12-27_2.pdf,4646,capitulo_i,ok
Motul,2020,2019\2019-12-27_2.pdf,0,none,no_predial_found
Muna,2020,2019\2019-12-27_2.pdf,3995,capitulo_i,ok
Oxkutzcab,2020,2019\2019-12-27_2.pdf,3946,seccion_primera,ok
Peto,2020,2019\2019-12-27_2.pdf,6444,capitulo_i,ok
Quintana Roo,2020,2019\2019-12-27_2.pdf,3842,capitulo_i,ok
Río Lagartos,2020,2019\2019-12-27_2.pdf,3260,capitulo_i,ok
San Felipe,2020,2019\2019-12-27_2.pdf,2769,capitulo_i,ok
Sanahcat,2020,2019\2019-12-27_2.pdf,882,capitulo_i,ok
Santa Elena,2020,2019\2019-12-27_2.pdf,5659,seccion_primera,ok
Seyé,2020,2019\2019-12-27_2.pdf,4735,capitulo_i,ok
Sotuta,2020,2019\2019-12-27_2.pdf,4640,capitulo_i,ok
Sucilá,2020,2019\2019-12-27_2.pdf,3200,capitulo_i,ok
Sudzal,2020,2019\2019-12-27_2.pdf,10731,capitulo_i,ok
Suma de Hidalgo,2020,2019\2019-12-27_2.pdf,1402,capitulo_i,ok
Tecoh,2020,2019\2019-12-27_2.pdf,4475,capitulo_i,ok
Tekal de Venegas,2020,2019\2019-12-27_2.pdf,0,none,no_predial_found
Tekanto,2020,2019\2019-12-27_2.pdf,4831,capitulo_i,ok
Tekax,2020,2019\2019-12-27_2.pdf,1366,capitulo_i,ok
Telchac Puerto,2020,2019\2019-12-27_2.pdf,5526,capitulo_i,ok
Temax,2020,2019\2019-12-27_2.pdf,0,none,no_predial_found
Tepakán,2020,2019\2019-12-27_2.pdf,4746,capitulo_i,ok
Teya,2020,2019\2019-12-27_2.pdf,641,capitulo_i,ok
Timucuy,2020,2019\2019-12-27_2.pdf,3553,capitulo_i,ok
Tixkokob,2020,2019\2019-12-27_2.pdf,5932,capitulo_i,ok
Tizimín,2020,2019\2019-12-27_2.pdf,8456,seccion_primera,ok
Tunkás,2020,2019\2019-12-27_2.pdf,3986,capitulo_i,ok
Umán,2020,2019\2019-12-27_2.pdf,12142,capitulo_i,ok
Valladolid,2020,2019\2019-12-27_2.pdf,0,none,no_predial_found
Xocchel,2020,2019\2019-12-27_2.pdf,4794,capitulo_i,ok
Yobaín,2020,2019\2019-12-27_2.pdf,4247,capitulo_i,ok
Acanceh,2021,2020\2020-12-28_2.pdf,3392,seccion_primera,ok
Akil,2021,2020\2020-12-28_2.pdf,5227,seccion_primera,ok
Buctzotz,2021,2020\2020-12-28_2.pdf,3382,seccion_primera,ok
Cacalchén,2021,2020\2020-12-28_2.pdf,3272,capitulo_i,ok
Cansahcab,2021,2020\2020-12-28_2.pdf,3904,seccion_primera,ok
Cantamayec,2021,2020\2020-12-28_2.pdf,3490,capitulo_i,ok
Cenotillo,2021,2020\2020-12-28_2.pdf,3143,capitulo_i,ok
Chacsinkin,2021,2020\2020-12-28_2.pdf,3650,capitulo_i,ok
Chankom,2021,2020\2020-12-28_2.pdf,4028,capitulo_i,ok
Chapab,2021,2020\2020-12-28_2.pdf,3058,capitulo_i,ok
Chemax,2021,2020\2020-12-28_2.pdf,4738,capitulo_i,ok
Chichimilá,2021,2020\2020-12-28_2.pdf,1575,seccion_primera,ok
Chikindzonot,2021,2020\2020-12-28_2.pdf,3266,capitulo_i,ok
Chumayel,2021,2020\2020-12-28_2.pdf,4615,capitulo_i,ok
Cuzamá,2021,2020\2020-12-28_2.pdf,0,none,no_predial_found
Dzan,2021,2020\2020-12-28_2.pdf,8707,capitulo_i,ok
Dzitás,2021,2020\2020-12-28_2.pdf,2977,capitulo_i,ok
Dzoncauich,2021,2020\2020-12-28_2.pdf,2744,capitulo_i,ok
Hoctún,2021,2020\2020-12-28_2.pdf,0,none,no_predial_found
Homún,2021,2020\2020-12-28_2.pdf,897,capitulo_i,ok
Izamal,2021,2020\2020-12-28_2.pdf,5957,capitulo_i,ok
Kantunil,2021,2020\2020-12-28_2.pdf,3047,capitulo_i,ok
Kaua,2021,2020\2020-12-28_2.pdf,3224,capitulo_i,ok
Mama,2021,2020\2020-12-28_2.pdf,3769,capitulo_i,ok
Maní,2021,2020\2020-12-28_2.pdf,3229,capitulo_i,ok
Maxcanu,2021,2020\2020-12-28_2.pdf,5564,seccion_primera,ok
Mayapán,2021,2020\2020-12-28_2.pdf,4247,seccion_primera,ok
Mocochá,2021,2020\2020-12-28_2.pdf,3677,capitulo_i,ok
Muxupip,2021,2020\2020-12-28_2.pdf,1164,capitulo_i,ok
Opichén,2021,2020\2020-12-28_2.pdf,2560,capitulo_i,ok
Panabá,2021,2020\2020-12-28_2.pdf,2036,capitulo_i,ok
Sinanché,2021,2020\2020-12-28_2.pdf,8600,capitulo_i,ok
Tahmek,2021,2020\2020-12-28_2.pdf,2502,capitulo_i,ok
Teabo,2021,2020\2020-12-28_2.pdf,3877,seccion_primera,ok
Tekit,2021,2020\2020-12-28_2.pdf,3231,capitulo_i,ok
Temozón,2021,2020\2020-12-28_2.pdf,3085,capitulo_i,ok
Tetiz,2021,2020\2020-12-28_2.pdf,5633,capitulo_i,ok
Ticul,2021,2020\2020-12-28_2.pdf,2600,capitulo_i,ok
Tinum,2021,2020\2020-12-28_2.pdf,0,none,no_predial_found
Tixcacalcupul,2021,2020\2020-12-28_2.pdf,3972,seccion_primera,ok
Tixpéual,2021,2020\2020-12-28_2.pdf,0,none,no_predial_found
Tunkás,2021,2020\2020-12-28_2.pdf,4456,capitulo_i,ok
Uayma,2021,2020\2020-12-28_2.pdf,0,none,no_predial_found
Ucú,2021,2020\2020-12-28_2.pdf,0,none,no_predial_found
Yaxcabá,2021,2020\2020-12-28_2.pdf,3809,seccion_primera,ok
Baca,2021,2020\2020-12-29_2.pdf,2827,seccion_primera,ok
Bokobá,2021,2020\2020-12-29_2.pdf,2997,capitulo_i,ok
Calotmul,2021,2020\2020-12-29_2.pdf,3456,seccion_primera,ok
Celestun,2021,2020\2020-12-29_2.pdf,7457,capitulo_i,ok
Chicxulub Pueblo,2021,2020\2020-12-29_2.pdf,4614,capitulo_i,ok
"Chocholá, Yucatan",2021,2020\2020-12-29_2.pdf,0,none,no_predial_found
Conkal,2021,2020\2020-12-29_2.pdf,6077,capitulo_i,ok
Dzemul,2021,2020\2020-12-29_2.pdf,4479,capitulo_i,ok
Dzilám de Bravo,2021,2020\2020-12-29_2.pdf,0,none,no_predial_found
Dzilam González,2021,2020\2020-12-29_2.pdf,3428,capitulo_i,ok
Espita,2021,2020\2020-12-29_2.pdf,2695,capitulo_i,ok
Hocabá,2021,2020\2020-12-29_2.pdf,0,none,no_predial_found
Huhí,2021,2020\2020-12-29_2.pdf,3667,capitulo_i,ok
Ixil,2021,2020\2020-12-29_2.pdf,4099,capitulo_i,ok
Kanasín,2021,2020\2020-12-29_2.pdf,3368,capitulo_i,ok
Kinchil,2021,2020\2020-12-29_2.pdf,14569,capitulo_i,ok
Kopomá,2021,2020\2020-12-29_2.pdf,4556,capitulo_i,ok
Muna,2021,2020\2020-12-29_2.pdf,3869,capitulo_i,ok
Oxkutzcab,2021,2020\2020-12-29_2.pdf,3901,seccion_primera,ok
Peto,2021,2020\2020-12-29_2.pdf,6476,capitulo_i,ok
Quintana Roo,2021,2020\2020-12-29_2.pdf,3832,capitulo_i,ok
Río Lagartos,2021,2020\2020-12-29_2.pdf,3240,capitulo_i,ok
San Felipe,2021,2020\2020-12-29_2.pdf,0,none,no_predial_found
Sacalum,2021,2020\2020-12-29_2.pdf,0,none,no_predial_found
Santa Elena,2021,2020\2020-12-29_2.pdf,6274,seccion_primera,ok
Seyé,2021,2020\2020-12-29_2.pdf,4583,capitulo_i,ok
Sotuta,2021,2020\2020-12-29_2.pdf,3365,capitulo_i,ok
Sucilá,2021,2020\2020-12-29_2.pdf,3264,capitulo_i,ok
Sudzal,2021,2020\2020-12-29_2.pdf,5092,capitulo_i,ok
Tecoh,2021,2020\2020-12-29_2.pdf,4364,capitulo_i,ok
Tekal de Venegas,2021,2020\2020-12-29_2.pdf,0,none,no_predial_found
Tekantó,2021,2020\2020-12-29_2.pdf,4485,capitulo_i,ok
Tekax,2021,2020\2020-12-29_2.pdf,0,none,no_predial_found
Tekom,2021,2020\2020-12-29_2.pdf,1326,capitulo_i,ok
Telchac Pueblo,2021,2020\2020-12-29_2.pdf,5149,capitulo_i,ok
Temax,2021,2020\2020-12-29_2.pdf,0,none,no_predial_found
Tepakán,2021,2020\2020-12-29_2.pdf,4546,capitulo_i,ok
Teya,2021,2020\2020-12-29_2.pdf,633,capitulo_i,ok
Timucuy,2021,2020\2020-12-29_2.pdf,3602,capitulo_i,ok
Tixkokob,2021,2020\2020-12-29_2.pdf,4685,capitulo_i,ok
Tizimín,2021,2020\2020-12-29_2.pdf,8598,seccion_primera,ok
Tzucacab,2021,2020\2020-12-29_2.pdf,0,none,no_predial_found
Umán,2021,2020\2020-12-29_2.pdf,12165,capitulo_i,ok
Valladolid,2021,2020\2020-12-29_2.pdf,0,none,no_predial_found
Xocchel,2021,2020\2020-12-29_2.pdf,4705,capitulo_i,ok
Yobaín,2021,2020\2020-12-29_2.pdf,3230,capitulo_i,ok
Abalá,2022,2021\2021-12-31_3.pdf,4182,capitulo_i,ok
Acanceh,2022,2021\2021-12-31_3.pdf,3703,seccion_primera,ok
Akil,2022,2021\2021-12-31_3.pdf,4701,seccion_primera,ok
Baca,2022,2021\2021-12-31_3.pdf,3216,seccion_primera,ok
Bokobá,2022,2021\2021-12-31_3.pdf,2772,capitulo_i,ok
Buctzotz,2022,2021\2021-12-31_3.pdf,3580,seccion_primera,ok
Cacalchén,2022,2021\2021-12-31_3.pdf,2684,capitulo_i,ok
Calotmul,2022,2021\2021-12-31_3.pdf,3546,seccion_primera,ok
Cansahcab,2022,2021\2021-12-31_3.pdf,3510,seccion_primera,ok
Cantamayec,2022,2021\2021-12-31_3.pdf,2923,capitulo_i,ok
Celestún,2022,2021\2021-12-31_3.pdf,7358,capitulo_i,ok
Cenotillo,2022,2021\2021-12-31_3.pdf,7390,capitulo_i,ok
Conkal,2022,2021\2021-12-31_3.pdf,0,none,no_predial_found
Cuncunul,2022,2021\2021-12-31_3.pdf,3270,capitulo_i,ok
Cuzamá,2022,2021\2021-12-31_3.pdf,0,none,no_predial_found
Chacsinkín,2022,2021\2021-12-31_3.pdf,3350,capitulo_i,ok
Chankom,2022,2021\2021-12-31_3.pdf,4019,capitulo_i,ok
Chapab,2022,2021\2021-12-31_3.pdf,3862,capitulo_i,ok
Chemax,2022,2021\2021-12-31_3.pdf,1713,capitulo_i,ok
Chicxulub Pueblo,2022,2021\2021-12-31_3.pdf,4070,capitulo_i,ok
Chichimilá,2022,2021\2021-12-31_3.pdf,1343,seccion_primera,ok
Chikindzonot,2022,2021\2021-12-31_3.pdf,2721,capitulo_i,ok
Chumayel,2022,2021\2021-12-31_3.pdf,4744,capitulo_i,ok
Dzan,2022,2021\2021-12-31_3.pdf,8263,capitulo_i,ok
Dzemul,2022,2021\2021-12-31_3.pdf,4730,capitulo_i,ok
Dzidzantún,2022,2021\2021-12-31_3.pdf,0,none,no_predial_found
Dzilám de Bravo,2022,2021\2021-12-31_3.pdf,4939,capitulo_i,ok
Dzilam González,2022,2021\2021-12-31_3.pdf,3461,capitulo_i,ok
Dzitás,2022,2021\2021-12-31_3.pdf,3249,capitulo_i,ok
Dzoncauich,2022,2021\2021-12-31_3.pdf,2746,capitulo_i,ok
Espita,2022,2021\2021-12-31_3.pdf,4107,capitulo_i,ok
Halachó,2022,2021\2021-12-31_3.pdf,3006,capitulo_i,ok
Hoctún,2022,2021\2021-12-31_3.pdf,0,none,no_predial_found
Homún,2022,2021\2021-12-31_3.pdf,3306,capitulo_i,ok
Huhí,2022,2021\2021-12-31_3.pdf,3444,capitulo_i,ok
Ixil,2022,2021\2021-12-31_3.pdf,4121,capitulo_i,ok
Izamal,2022,2021\2021-12-31_3.pdf,0,none,no_predial_found
Kanasín,2022,2021\2021-12-31_3.pdf,0,none,no_predial_found
Kantunil,2022,2021\2021-12-31_3.pdf,4114,capitulo_i,ok
Kaua,2022,2021\2021-12-31_3.pdf,4137,capitulo_i,ok
Kinchil,2022,2021\2021-12-31_3.pdf,5595,capitulo_i,ok
Kopomá,2022,2021\2021-12-31_3.pdf,4647,capitulo_i,ok
Mama,2022,2021\2021-12-31_3.pdf,4765,capitulo_i,ok
Maní,2022,2021\2021-12-31_3.pdf,3163,capitulo_i,ok
Maxcanú,2022,2021\2021-12-31_3.pdf,5566,seccion_primera,ok
Mayapán,2022,2021\2021-12-31_3.pdf,4386,seccion_primera,ok
Mocochá,2022,2021\2021-12-31_3.pdf,8618,capitulo_i,ok
Motul,2022,2021\2021-12-31_3.pdf,0,none,no_predial_found
Muna,2022,2021\2021-12-31_3.pdf,4718,capitulo_i,ok
Muxupip,2022,2021\2021-12-31_3.pdf,3175,capitulo_i,ok
Opichén,2022,2021\2021-12-31_3.pdf,4936,capitulo_i,ok
Oxkutzcab,2022,2021\2021-12-31_3.pdf,4214,seccion_primera,ok
Panabá,2022,2021\2021-12-31_3.pdf,1981,capitulo_i,ok
Peto,2022,2021\2021-12-31_3.pdf,6462,capitulo_i,ok
Progreso,2022,2021\2021-12-31_3.pdf,24530,seccion_primera,ok
Quintana Roo,2022,2021\2021-12-31_3.pdf,3649,capitulo_i,ok
Sacalum,2022,2021\2021-12-31_3.pdf,0,none,no_predial_found
Samahil,2022,2021\2021-12-31_3.pdf,3523,capitulo_i,ok
Sanahcat,2022,2021\2021-12-31_3.pdf,891,capitulo_i,ok
San Felipe,2022,2021\2021-12-31_3.pdf,1580,capitulo_i,ok
Santa Elena,2022,2021\2021-12-31_3.pdf,6319,seccion_primera,ok
Seyé,2022,2021\2021-12-31_3.pdf,4255,capitulo_i,ok
Sinanché,2022,2021\2021-12-31_3.pdf,9255,capitulo_i,ok
Sotuta,2022,2021\2021-12-31_3.pdf,3876,capitulo_i,ok
Sucilá,2022,2021\2021-12-31_3.pdf,3276,capitulo_i,ok
Sudzal,2022,2021\2021-12-31_3.pdf,1685,capitulo_i,ok
Suma de Hidalgo,2022,2021\2021-12-31_3.pdf,0,none,no_predial_found
Teabo,2022,2021\2021-12-31_3.pdf,3720,seccion_primera,ok
Tecoh,2022,2021\2021-12-31_3.pdf,4448,capitulo_i,ok
Tekal de Venegas,2022,2021\2021-12-31_3.pdf,0,none,no_predial_found
Tekantó,2022,2021\2021-12-31_3.pdf,4921,capitulo_i,ok
Tekax,2022,2021\2021-12-31_3.pdf,0,none,no_predial_found
Tekit,2022,2021\2021-12-31_3.pdf,3143,capitulo_i,ok
Telchac Puerto,2022,2021\2021-12-31_3.pdf,5529,capitulo_i,ok
Telchac Pueblo,2022,2021\2021-12-31_3.pdf,5387,capitulo_i,ok
Temax,2022,2021\2021-12-31_3.pdf,0,none,no_predial_found
Temozón,2022,2021\2021-12-31_3.pdf,4395,capitulo_i,ok
Tepakán,2022,2021\2021-12-31_3.pdf,4794,capitulo_i,ok
Tetiz,2022,2021\2021-12-31_3.pdf,5513,capitulo_i,ok
Teya,2022,2021\2021-12-31_3.pdf,633,capitulo_i,ok
Ticul,2022,2021\2021-12-31_3.pdf,3319,capitulo_i,ok
Timucuy,2022,2021\2021-12-31_3.pdf,3665,capitulo_i,ok
Tinum,2022,2021\2021-12-31_3.pdf,7387,capitulo_i,ok
Tixcacalcupul,2022,2021\2021-12-31_3.pdf,3345,capitulo_i,ok
Tixkokob,2022,2021\2021-12-31_3.pdf,6616,capitulo_i,ok
Tixméhuac,2022,2021\2021-12-31_3.pdf,4238,seccion_primera,ok
Tixpéual,2022,2021\2021-12-31_3.pdf,0,none,no_predial_found
Tizimín,2022,2021\2021-12-31_3.pdf,9736,seccion_primera,ok
Tunkás,2022,2021\2021-12-31_3.pdf,4438,capitulo_i,ok
Tzucacab,2022,2021\2021-12-31_3.pdf,6258,capitulo_i,ok
Uayma,2022,2021\2021-12-31_3.pdf,0,none,no_predial_found
Ucú,2022,2021\2021-12-31_3.pdf,0,none,no_predial_found
Umán,2022,2021\2021-12-31_3.pdf,20646,capitulo_i,ok
Valladolid,2022,2021\2021-12-31_3.pdf,0,none,no_predial_found
Xocchel,2022,2021\2021-12-31_3.pdf,4234,capitulo_i,ok
Yaxcabá,2022,2021\2021-12-31_3.pdf,3319,seccion_primera,ok
Yaxkukul,2022,2021\2021-12-31_3.pdf,2822,capitulo_i,ok
Yobaín,2022,2021\2021-12-31_3.pdf,3588,capitulo_i,ok
Abalá,2023,2022\2022-12-30_4.pdf,4252,capitulo_i,ok
Acanceh,2023,2022\2022-12-30_4.pdf,5385,seccion_primera,ok
Akil,2023,2022\2022-12-30_4.pdf,4247,seccion_primera,ok
Baca,2023,2022\2022-12-30_4.pdf,3234,seccion_primera,ok
Bokobá,2023,2022\2022-12-30_4.pdf,2743,capitulo_i,ok
Buctzotz,2023,2022\2022-12-30_4.pdf,3456,seccion_primera,ok
Cacalchén,2023,2022\2022-12-30_4.pdf,2654,capitulo_i,ok
Calotmul,2023,2022\2022-12-30_4.pdf,3210,seccion_primera,ok
Cansahcab,2023,2022\2022-12-30_4.pdf,3369,seccion_primera,ok
Cantamayec,2023,2022\2022-12-30_4.pdf,3215,capitulo_i,ok
Celestún,2023,2022\2022-12-30_4.pdf,7097,capitulo_i,ok
Cenotillo,2023,2022\2022-12-30_4.pdf,3202,capitulo_i,ok
Conkal,2023,2022\2022-12-30_4.pdf,0,none,no_predial_found
Cuncunul,2023,2022\2022-12-30_4.pdf,3142,capitulo_i,ok
Cuzamá,2023,2022\2022-12-30_4.pdf,3626,capitulo_i,ok
Chacsinkin,2023,2022\2022-12-30_4.pdf,3907,capitulo_i,ok
Chankom,2023,2022\2022-12-30_4.pdf,4230,capitulo_i,ok
Chapab,2023,2022\2022-12-30_4.pdf,3106,capitulo_i,ok
Chemax,2023,2022\2022-12-30_4.pdf,1715,capitulo_i,ok
Chicxulub Pueblo,2023,2022\2022-12-30_4.pdf,4273,capitulo_i,ok
Chichimilá,2023,2022\2022-12-30_4.pdf,1120,seccion_primera,ok
Chikindzonot,2023,2022\2022-12-30_4.pdf,2712,capitulo_i,ok
Chocholá,2023,2022\2022-12-30_4.pdf,6048,capitulo_i,ok
Chumayel,2023,2022\2022-12-30_4.pdf,3147,capitulo_i,ok
Dzan,2023,2022\2022-12-30_4.pdf,8280,capitulo_i,ok
Dzemul,2023,2022\2022-12-30_4.pdf,4798,capitulo_i,ok
Dzidzantún,2023,2022\2022-12-30_4.pdf,0,none,no_predial_found
Dzilám de Bravo,2023,2022\2022-12-30_4.pdf,4508,capitulo_i,ok
Dzilam González,2023,2022\2022-12-30_4.pdf,5909,capitulo_i,ok
Dzitás,2023,2022\2022-12-30_4.pdf,4503,capitulo_i,ok
Dzoncauich,2023,2022\2022-12-30_4.pdf,2753,capitulo_i,ok
Espita,2023,2022\2022-12-30_4.pdf,2875,capitulo_i,ok
Hocabá,2023,2022\2022-12-30_4.pdf,0,none,no_predial_found
Hoctún,2023,2022\2022-12-30_4.pdf,2944,capitulo_i,ok
Homún,2023,2022\2022-12-30_4.pdf,3523,capitulo_i,ok
Huhí,2023,2022\2022-12-30_4.pdf,3349,capitulo_i,ok
Ixil,2023,2022\2022-12-30_4.pdf,6514,capitulo_i,ok
Izamal,2023,2022\2022-12-30_4.pdf,0,none,no_predial_found
Kanasín,2023,2022\2022-12-30_4.pdf,0,none,no_predial_found
Kantunil,2023,2022\2022-12-30_4.pdf,4174,capitulo_i,ok
Kaua,2023,2022\2022-12-30_4.pdf,4168,capitulo_i,ok
Kinchil,2023,2022\2022-12-30_4.pdf,5645,capitulo_i,ok
Kopomá,2023,2022\2022-12-30_4.pdf,4844,capitulo_i,ok
Mama,2023,2022\2022-12-30_4.pdf,3938,capitulo_i,ok
Maní,2023,2022\2022-12-30_4.pdf,3114,capitulo_i,ok
Maxcanú,2023,2022\2022-12-30_4.pdf,5540,seccion_primera,ok
Mayapán,2023,2022\2022-12-30_4.pdf,4549,seccion_primera,ok
Mocochá,2023,2022\2022-12-30_4.pdf,9465,capitulo_i,ok
Motul,2023,2022\2022-12-30_4.pdf,0,none,no_predial_found
Muna,2023,2022\2022-12-30_4.pdf,5399,capitulo_i,ok
Muxupip,2023,2022\2022-12-30_4.pdf,3295,capitulo_i,ok
Opichén,2023,2022\2022-12-30_4.pdf,4867,capitulo_i,ok
Oxkutzcab,2023,2022\2022-12-30_4.pdf,3560,seccion_primera,ok
Panabá,2023,2022\2022-12-30_4.pdf,2070,capitulo_i,ok
Peto,2023,2022\2022-12-30_4.pdf,6648,capitulo_i,ok
Progreso,2023,2022\2022-12-30_4.pdf,24608,seccion_primera,ok
Quintana Roo,2023,2022\2022-12-30_4.pdf,3060,capitulo_i,ok
Río Lagartos,2023,2022\2022-12-30_4.pdf,6482,capitulo_i,ok
Sacalum,2023,2022\2022-12-30_4.pdf,0,none,no_predial_found
Samahil,2023,2022\2022-12-30_4.pdf,3571,capitulo_i,ok
Sanahcat,2023,2022\2022-12-30_4.pdf,3927,capitulo_i,ok
San Felipe,2023,2022\2022-12-30_4.pdf,3094,capitulo_i,ok
Santa Elena,2023,2022\2022-12-30_4.pdf,6213,seccion_primera,ok
Seyé,2023,2022\2022-12-30_4.pdf,4231,capitulo_i,ok
Sinanché,2023,2022\2022-12-30_4.pdf,9333,capitulo_i,ok
Sotuta,2023,2022\2022-12-30_4.pdf,3911,capitulo_i,ok
Sucilá,2023,2022\2022-12-30_4.pdf,3184,capitulo_i,ok
Sudzal,2023,2022\2022-12-30_4.pdf,2054,capitulo_i,ok
Suma de Hidalgo,2023,2022\2022-12-30_4.pdf,1453,capitulo_i,ok
Tahmek,2023,2022\2022-12-30_4.pdf,2577,capitulo_i,ok
Teabo,2023,2022\2022-12-30_4.pdf,3784,seccion_primera,ok
Tecoh,2023,2022\2022-12-30_4.pdf,4128,capitulo_i,ok
Tekal de Venegas,2023,2022\2022-12-30_4.pdf,0,none,no_predial_found
Tekantó,2023,2022\2022-12-30_4.pdf,3327,capitulo_i,ok
Tekax,2023,2022\2022-12-30_4.pdf,0,none,no_predial_found
Tekit,2023,2022\2022-12-30_4.pdf,3045,capitulo_i,ok
Telchac Puerto,2023,2022\2022-12-30_4.pdf,5654,capitulo_i,ok
Telchac Pueblo,2023,2022\2022-12-30_4.pdf,5572,capitulo_i,ok
Temax,2023,2022\2022-12-30_4.pdf,0,none,no_predial_found
Temozón,2023,2022\2022-12-30_4.pdf,3056,capitulo_i,ok
Tepakán,2023,2022\2022-12-30_4.pdf,4709,capitulo_i,ok
Tetiz,2023,2022\2022-12-30_4.pdf,5467,capitulo_i,ok
Teya,2023,2022\2022-12-30_4.pdf,636,capitulo_i,ok
Ticul,2023,2022\2022-12-30_4.pdf,3706,capitulo_i,ok
Timucuy,2023,2022\2022-12-30_4.pdf,3790,capitulo_i,ok
Tinum,2023,2022\2022-12-30_4.pdf,7395,capitulo_i,ok
Tixcacalcupul,2023,2022\2022-12-30_4.pdf,3101,capitulo_i,ok
Tixkokob,2023,2022\2022-12-30_4.pdf,6646,capitulo_i,ok
Tixméhuac,2023,2022\2022-12-30_4.pdf,4087,seccion_primera,ok
Tixpéual,2023,2022\2022-12-30_4.pdf,0,none,no_predial_found
Tizimín,2023,2022\2022-12-30_4.pdf,10131,seccion_primera,ok
Tunkás,2023,2022\2022-12-30_4.pdf,3581,capitulo_i,ok
Tzucacab,2023,2022\2022-12-30_4.pdf,6315,capitulo_i,ok
Uayma,2023,2022\2022-12-30_4.pdf,0,none,no_predial_found
Ucú,2023,2022\2022-12-30_4.pdf,0,none,no_predial_found
Umán,2023,2022\2022-12-30_4.pdf,20611,capitulo_i,ok
Valladolid,2023,2022\2022-12-30_4.pdf,0,none,no_predial_found
Xocchel,2023,2022\2022-12-30_4.pdf,4501,capitulo_i,ok
Yaxcabá,2023,2022\2022-12-30_4.pdf,2596,seccion_primera,ok
Yaxkukul,2023,2022\2022-12-30_4.pdf,3919,capitulo_i,ok
Yobaín,2023,2022\2022-12-30_4.pdf,3738,capitulo_i,ok
Abalá,2024,2023\2023-12-29_3.pdf,4243,capitulo_i,ok
Acanceh,2024,2023\2023-12-29_3.pdf,5458,seccion_primera,ok
Akil,2024,2023\2023-12-29_3.pdf,4134,seccion_primera,ok
Baca,2024,2023\2023-12-29_3.pdf,3162,seccion_primera,ok
Bokobá,2024,2023\2023-12-29_3.pdf,2773,capitulo_i,ok
Buctzotz,2024,2023\2023-12-29_3.pdf,3751,seccion_primera,ok
Cacalchén,2024,2023\2023-12-29_3.pdf,2665,capitulo_i,ok
Calotmul,2024,2023\2023-12-29_3.pdf,2863,seccion_primera,ok
Cansahcab,2024,2023\2023-12-29_3.pdf,3365,seccion_primera,ok
Cantamayec,2024,2023\2023-12-29_3.pdf,3219,capitulo_i,ok
Celestún,2024,2023\2023-12-29_3.pdf,7097,capitulo_i,ok
Cenotillo,2024,2023\2023-12-29_3.pdf,3133,capitulo_i,ok
Conkal,2024,2023\2023-12-29_3.pdf,0,none,no_predial_found
Cuncunul,2024,2023\2023-12-29_3.pdf,2564,capitulo_i,ok
Cuzamá,2024,2023\2023-12-29_3.pdf,3506,capitulo_i,ok
Chacsinkin,2024,2023\2023-12-29_3.pdf,3755,capitulo_i,ok
Chankom,2024,2023\2023-12-29_3.pdf,4698,capitulo_i,ok
Chapab,2024,2023\2023-12-29_3.pdf,3056,capitulo_i,ok
Chemax,2024,2023\2023-12-29_3.pdf,2080,capitulo_i,ok
Chicxulub Pueblo,2024,2023\2023-12-29_3.pdf,4341,capitulo_i,ok
Chichimilá,2024,2023\2023-12-29_3.pdf,1124,seccion_primera,ok
Chikindzonot,2024,2023\2023-12-29_3.pdf,2707,capitulo_i,ok
Chocholá,2024,2023\2023-12-29_3.pdf,5976,capitulo_i,ok
Chumayel,2024,2023\2023-12-29_3.pdf,3130,capitulo_i,ok
Dzan,2024,2023\2023-12-29_3.pdf,7684,capitulo_i,ok
Dzemul,2024,2023\2023-12-29_3.pdf,5162,capitulo_i,ok
Dzidzantún,2024,2023\2023-12-29_3.pdf,0,none,no_predial_found
Dzilám de Bravo,2024,2023\2023-12-29_3.pdf,4495,capitulo_i,ok
Dzilam González,2024,2023\2023-12-29_3.pdf,4118,capitulo_i,ok
Dzitás,2024,2023\2023-12-29_3.pdf,3262,capitulo_i,ok
Dzoncauich,2024,2023\2023-12-29_3.pdf,3209,capitulo_i,ok
Espita,2024,2023\2023-12-29_3.pdf,3801,capitulo_i,ok
Halachó,2024,2023\2023-12-29_3.pdf,3052,capitulo_i,ok
Hocabá,2024,2023\2023-12-29_3.pdf,0,none,no_predial_found
Hoctún,2024,2023\2023-12-29_3.pdf,2910,capitulo_i,ok
Homún,2024,2023\2023-12-29_3.pdf,3769,capitulo_i,ok
Huhí,2024,2023\2023-12-29_3.pdf,3397,capitulo_i,ok
Hunucmá,2024,2023\2023-12-29_3.pdf,9595,capitulo_i,ok
Ixil,2024,2023\2023-12-29_3.pdf,6677,capitulo_i,ok
Izamal,2024,2023\2023-12-29_3.pdf,0,none,no_predial_found
Kanasín,2024,2023\2023-12-29_3.pdf,0,none,no_predial_found
Kantunil,2024,2023\2023-12-29_3.pdf,4301,capitulo_i,ok
Kaua,2024,2023\2023-12-29_3.pdf,4146,capitulo_i,ok
Kinchil,2024,2023\2023-12-29_3.pdf,5479,capitulo_i,ok
Kopomá,2024,2023\2023-12-29_3.pdf,5219,capitulo_i,ok
Mama,2024,2023\2023-12-29_3.pdf,4208,capitulo_i,ok
Maní,2024,2023\2023-12-29_3.pdf,3407,capitulo_i,ok
Maxcanú,2024,2023\2023-12-29_3.pdf,6185,seccion_primera,ok
Mayapán,2024,2023\2023-12-29_3.pdf,4659,seccion_primera,ok
Mocochá,2024,2023\2023-12-29_3.pdf,8453,capitulo_i,ok
Motul,2024,2023\2023-12-29_3.pdf,0,none,no_predial_found
Muna,2024,2023\2023-12-29_3.pdf,5416,capitulo_i,ok
Muxupip,2024,2023\2023-12-29_3.pdf,3357,capitulo_i,ok
Opichén,2024,2023\2023-12-29_3.pdf,4834,capitulo_i,ok
Oxkutzcab,2024,2023\2023-12-29_3.pdf,3568,seccion_primera,ok
Panabá,2024,2023\2023-12-29_3.pdf,418,capitulo_i,ok
Peto,2024,2023\2023-12-29_3.pdf,6681,capitulo_i,ok
Progreso,2024,2023\2023-12-29_3.pdf,24629,seccion_primera,ok
Quintana Roo,2024,2023\2023-12-29_3.pdf,3264,capitulo_i,ok
Río Lagartos,2024,2023\2023-12-29_3.pdf,8309,capitulo_i,ok
Sacalum,2024,2023\2023-12-29_3.pdf,0,none,no_predial_found
Samahil,2024,2023\2023-12-29_3.pdf,3572,capitulo_i,ok
Sanahcat,2024,2023\2023-12-29_3.pdf,3705,capitulo_i,ok
San Felipe,2024,2023\2023-12-29_3.pdf,3322,capitulo_i,ok
Santa Elena,2024,2023\2023-12-29_3.pdf,4997,seccion_primera,ok
Seyé,2024,2023\2023-12-29_3.pdf,4195,capitulo_i,ok
Sinanché,2024,2023\2023-12-29_3.pdf,9413,capitulo_i,ok
Sotuta,2024,2023\2023-12-29_3.pdf,3789,capitulo_i,ok
Sucilá,2024,2023\2023-12-29_3.pdf,3132,capitulo_i,ok
Sudzal,2024,2023\2023-12-29_3.pdf,1712,capitulo_i,ok
Suma de Hidalgo,2024,2023\2023-12-29_3.pdf,1401,capitulo_i,ok
Tahmek,2024,2023\2023-12-29_3.pdf,2568,capitulo_i,ok
Teabo,2024,2023\2023-12-29_3.pdf,3781,seccion_primera,ok
Tecoh,2024,2023\2023-12-29_3.pdf,0,none,no_predial_found
Tekal de Venegas,2024,2023\2023-12-29_3.pdf,0,none,no_predial_found
Tekantó,2024,2023\2023-12-29_3.pdf,2981,capitulo_i,ok
Tekax,2024,2023\2023-12-29_3.pdf,0,none,no_predial_found
Tekit,2024,2023\2023-12-29_3.pdf,3092,capitulo_i,ok
Tekom,2024,2023\2023-12-29_3.pdf,2324,capitulo_i,ok
Telchac Puerto,2024,2023\2023-12-29_3.pdf,5523,capitulo_i,ok
Telchac Pueblo,2024,2023\2023-12-29_3.pdf,6036,capitulo_i,ok
Temax,2024,2023\2023-12-29_3.pdf,0,none,no_predial_found
Temozón,2024,2023\2023-12-29_3.pdf,3327,capitulo_i,ok
Tepakán,2024,2023\2023-12-29_3.pdf,4738,capitulo_i,ok
Tetiz,2024,2023\2023-12-29_3.pdf,5332,capitulo_i,ok
Teya,2024,2023\2023-12-29_3.pdf,679,capitulo_i,ok
Ticul,2024,2023\2023-12-29_3.pdf,3778,capitulo_i,ok
Timucuy,2024,2023\2023-12-29_3.pdf,4353,capitulo_i,ok
Tinum,2024,2023\2023-12-29_3.pdf,7541,capitulo_i,ok
Tixcacalcupul,2024,2023\2023-12-29_3.pdf,3126,capitulo_i,ok
Tixkokob,2024,2023\2023-12-29_3.pdf,6713,capitulo_i,ok
Tixméhuac,2024,2023\2023-12-29_3.pdf,4045,seccion_primera,ok
Tixpéual,2024,2023\2023-12-29_3.pdf,0,none,no_predial_found
Tizimín,2024,2023\2023-12-29_3.pdf,9906,seccion_primera,ok
Tunkás,2024,2023\2023-12-29_3.pdf,3487,capitulo_i,ok
Tzucacab,2024,2023\2023-12-29_3.pdf,6209,capitulo_i,ok
Uayma,2024,2023\2023-12-29_3.pdf,0,none,no_predial_found
Ucú,2024,2023\2023-12-29_3.pdf,0,none,no_predial_found
Umán,2024,2023\2023-12-29_3.pdf,20679,capitulo_i,ok
Valladolid,2024,2023\2023-12-29_3.pdf,0,none,no_predial_found
Xocchel,2024,2023\2023-12-29_3.pdf,4593,capitulo_i,ok
Yaxcabá,2024,2023\2023-12-29_3.pdf,3045,seccion_primera,ok
Yaxkukul,2024,2023\2023-12-29_3.pdf,3963,capitulo_i,ok
Yobaín,2024,2023\2023-12-29_3.pdf,3693,capitulo_i,ok
Abalá,2025,2024\2024-12-30_3.pdf,4135,capitulo_i,ok
Acanceh,2025,2024\2024-12-30_3.pdf,5341,seccion_primera,ok
Akil,2025,2024\2024-12-30_3.pdf,3959,seccion_primera,ok
Bokobá,2025,2024\2024-12-30_3.pdf,2875,capitulo_i,ok
Buctzotz,2025,2024\2024-12-30_3.pdf,4157,seccion_primera,ok
Cacalchén,2025,2024\2024-12-30_3.pdf,2659,capitulo_i,ok
Calotmul,2025,2024\2024-12-30_3.pdf,3031,seccion_primera,ok
Cansahcab,2025,2024\2024-12-30_3.pdf,0,none,no_predial_found
Celestún,2025,2024\2024-12-30_3.pdf,7003,capitulo_i,ok
Conkal,2025,2024\2024-12-30_3.pdf,0,none,no_predial_found
Cuncunul,2025,2024\2024-12-30_3.pdf,2546,capitulo_i,ok
Chacsinkin,2025,2024\2024-12-30_3.pdf,3812,capitulo_i,ok
Chankom,2025,2024\2024-12-30_3.pdf,5222,capitulo_i,ok
Chemax,2025,2024\2024-12-30_3.pdf,5545,capitulo_i,ok
Chichimilá,2025,2024\2024-12-30_3.pdf,1276,seccion_primera,ok
Chikindzonot,2025,2024\2024-12-30_3.pdf,3145,capitulo_i,ok
Chumayel,2025,2024\2024-12-30_3.pdf,2751,capitulo_i,ok
Dzidzantún,2025,2024\2024-12-30_3.pdf,0,none,no_predial_found
Dzilám de Bravo,2025,2024\2024-12-30_3.pdf,4540,capitulo_i,ok
Dzoncauich,2025,2024\2024-12-30_3.pdf,2709,capitulo_i,ok
Hocabá,2025,2024\2024-12-30_3.pdf,0,none,no_predial_found
Hoctún,2025,2024\2024-12-30_3.pdf,0,none,no_predial_found
Kanasín,2025,2024\2024-12-30_3.pdf,0,none,no_predial_found
Kaua,2025,2024\2024-12-30_3.pdf,0,none,no_predial_found
Mama,2025,2024\2024-12-30_3.pdf,3777,capitulo_i,ok
Maxcanú,2025,2024\2024-12-30_3.pdf,5892,seccion_primera,ok
Motul,2025,2024\2024-12-30_3.pdf,0,none,no_predial_found
Muxupip,2025,2024\2024-12-30_3.pdf,3408,capitulo_i,ok
Quintana Roo,2025,2024\2024-12-30_3.pdf,3233,capitulo_i,ok
Río Lagartos,2025,2024\2024-12-30_3.pdf,0,none,no_predial_found
Samahil,2025,2024\2024-12-30_3.pdf,3716,capitulo_i,ok
Sanahcat,2025,2024\2024-12-30_3.pdf,3745,capitulo_i,ok
San Felipe,2025,2024\2024-12-30_3.pdf,3061,capitulo_i,ok
Seyé,2025,2024\2024-12-30_3.pdf,4348,capitulo_i,ok
Sinanché,2025,2024\2024-12-30_3.pdf,9232,capitulo_i,ok
Sotuta,2025,2024\2024-12-30_3.pdf,3779,capitulo_i,ok
Tekal de Venegas,2025,2024\2024-12-30_3.pdf,0,none,no_predial_found
Tekantó,2025,2024\2024-12-30_3.pdf,0,none,no_predial_found
Tekax,2025,2024\2024-12-30_3.pdf,0,none,no_predial_found
Telchac Pueblo,2025,2024\2024-12-30_3.pdf,6090,capitulo_i,ok
Telchac Puerto,2025,2024\2024-12-30_3.pdf,8125,capitulo_i,ok
Temax,2025,2024\2024-12-30_3.pdf,0,none,no_predial_found
Tepakán,2025,2024\2024-12-30_3.pdf,3634,capitulo_i,ok
Tetiz,2025,2024\2024-12-30_3.pdf,0,none,no_predial_found
Timucuy,2025,2024\2024-12-30_3.pdf,4356,capitulo_i,ok
Tinum,2025,2024\2024-12-30_3.pdf,7504,capitulo_i,ok
Tixpéual,2025,2024\2024-12-30_3.pdf,0,none,no_predial_found
Uayma,2025,2024\2024-12-30_3.pdf,0,none,no_predial_found
Baca,2025,2024\2024-12-30_4.pdf,2959,seccion_primera,ok
Cantamayec,2025,2024\2024-12-30_4.pdf,3135,capitulo_i,ok
Cenotillo,2025,2024\2024-12-30_4.pdf,2898,capitulo_i,ok
Cuzamá,2025,2024\2024-12-30_4.pdf,4053,capitulo_i,ok
Chapab,2025,2024\2024-12-30_4.pdf,3009,capitulo_i,ok
Chocholá,2025,2024\2024-12-30_4.pdf,5996,capitulo_i,ok
Dzan,2025,2024\2024-12-30_4.pdf,7998,capitulo_i,ok
Dzemul,2025,2024\2024-12-30_4.pdf,5639,capitulo_i,ok
Dzilam González,2025,2024\2024-12-30_4.pdf,4303,capitulo_i,ok
Dzitás,2025,2024\2024-12-30_4.pdf,3268,capitulo_i,ok
Espita,2025,2024\2024-12-30_4.pdf,3811,capitulo_i,ok
Halachó,2025,2024\2024-12-30_4.pdf,3211,capitulo_i,ok
Homún,2025,2024\2024-12-30_4.pdf,3388,capitulo_i,ok
Huhí,2025,2024\2024-12-30_4.pdf,6078,capitulo_i,ok
Hunucmá,2025,2024\2024-12-30_4.pdf,9629,capitulo_i,ok
Ixil,2025,2024\2024-12-30_4.pdf,6495,capitulo_i,ok
Izamal,2025,2024\2024-12-30_4.pdf,0,none,no_predial_found
Kantunil,2025,2024\2024-12-30_4.pdf,4286,capitulo_i,ok
Kinchil,2025,2024\2024-12-30_4.pdf,6568,capitulo_i,ok
Kopomá,2025,2024\2024-12-30_4.pdf,6123,capitulo_i,ok
Maní,2025,2024\2024-12-30_4.pdf,3359,capitulo_i,ok
Mayapán,2025,2024\2024-12-30_4.pdf,4606,seccion_primera,ok
Muna,2025,2024\2024-12-30_4.pdf,5840,capitulo_i,ok
Opichén,2025,2024\2024-12-30_4.pdf,4840,capitulo_i,ok
Oxkutzcab,2025,2024\2024-12-30_4.pdf,3584,seccion_primera,ok
Panabá,2025,2024\2024-12-30_4.pdf,415,capitulo_i,ok
Peto,2025,2024\2024-12-30_4.pdf,6633,capitulo_i,ok
Progreso,2025,2024\2024-12-30_4.pdf,33509,seccion_primera,ok
Sacalum,2025,2024\2024-12-30_4.pdf,0,none,no_predial_found
Santa Elena,2025,2024\2024-12-30_4.pdf,4983,seccion_primera,ok
Sucilá,2025,2024\2024-12-30_4.pdf,3181,capitulo_i,ok
Sudzal,2025,2024\2024-12-30_4.pdf,5310,capitulo_i,ok
Suma de Hidalgo,2025,2024\2024-12-30_4.pdf,1385,capitulo_i,ok
Tahmek,2025,2024\2024-12-30_4.pdf,2418,capitulo_i,ok
Teabo,2025,2024\2024-12-30_4.pdf,3831,seccion_primera,ok
Tecoh,2025,2024\2024-12-30_4.pdf,0,none,no_predial_found
Tekit,2025,2024\2024-12-30_4.pdf,3261,capitulo_i,ok
Tekom,2025,2024\2024-12-30_4.pdf,0,none,no_predial_found
Teya,2025,2024\2024-12-30_4.pdf,0,none,no_predial_found
Ticul,2025,2024\2024-12-30_4.pdf,3786,capitulo_i,ok
Tixcacalcupul,2025,2024\2024-12-30_4.pdf,2278,capitulo_i,ok
Tixkokob,2025,2024\2024-12-30_4.pdf,7204,capitulo_i,ok
Tixméhuac,2025,2024\2024-12-30_4.pdf,3987,seccion_primera,ok
Tizimín,2025,2024\2024-12-30_4.pdf,10015,seccion_primera,ok
Tunkás,2025,2024\2024-12-30_4.pdf,3463,capitulo_i,ok
Tzucacab,2025,2024\2024-12-30_4.pdf,6257,capitulo_i,ok
Ucú,2025,2024\2024-12-30_4.pdf,0,none,no_predial_found
Umán,2025,2024\2024-12-30_4.pdf,16439,capitulo_i,ok
Valladolid,2025,2024\2024-12-30_4.pdf,0,none,no_predial_found
Xocchel,2025,2024\2024-12-30_4.pdf,2182,seccion_primera,ok
Yaxkukul,2025,2024\2024-12-30_4.pdf,4099,capitulo_i,ok
Yobain,2025,2024\2024-12-30_4.pdf,3692,capitulo_i,ok
Mérida,2010,merida/merida_hacienda_2010.pdf,1301,merida_hacienda,ok
Mérida,2011,merida/merida_hacienda_2011.pdf,0,merida_hacienda,no_predial_found
Mérida,2012,merida/merida_hacienda_2012.pdf,1332,merida_hacienda,ok
Mérida,2013,merida/merida_hacienda_2013.pdf,1429,merida_hacienda,ok
Mérida,2014,merida/merida_hacienda_2014.pdf,2246,merida_hacienda,ok
Mérida,2015,merida/merida_hacienda_2015.pdf,2243,merida_hacienda,ok
Mérida,2016,merida/merida_hacienda_2016.pdf,1480,merida_hacienda,ok
Mérida,2017,merida/merida_hacienda_2017.pdf,1477,merida_hacienda,ok
Mérida,2018,merida/merida_hacienda_2018.pdf,1344,merida_hacienda,ok
Mérida,2019,merida/merida_hacienda_2019.pdf,1344,merida_hacienda,ok
Mérida,2020,merida/merida_hacienda_2020.pdf,2391,merida_hacienda,ok
Mérida,2021,merida/merida_hacienda_2021.pdf,2391,merida_hacienda,ok
Mérida,2022,merida/merida_hacienda_2022.pdf,2783,merida_hacienda,ok
Mérida,2023,merida/merida_hacienda_2022.pdf,2783,merida_replica,ok
Mérida,2024,merida/merida_hacienda_2022.pdf,2783,merida_replica,ok
Mérida,2025,merida/merida_hacienda_2022.pdf,2783,merida_replica,ok
