ejercicio,municipio,slug,cve_mun,decreto,ley_page_start,ley_page_end,predial_found,predial_method,predial_page_start,predial_page_end,txt_file,txt_chars
2010,ABASOLO,abasolo,001,LX-882,3,13,skipped,,,,TAMPS_PREDIAL_2010_abasolo.txt,1090
2010,"ANTIGUO 
MORELOS",antiguo_morelos,004,LX-883,14,21,skipped,,,,TAMPS_PREDIAL_2010_antiguo_morelos.txt,1829
2010,BURGOS,burgos,005,LX-884,22,28,skipped,,,,TAMPS_PREDIAL_2010_burgos.txt,1075
2010,BUSTAMANTE,bustamante,006,LX-885,29,38,skipped,,,,TAMPS_PREDIAL_2010_bustamante.txt,268
2010,CASAS,casas,008,LX-886,39,46,skipped,,,,TAMPS_PREDIAL_2010_casas.txt,1820
2010,CRUILLAS,cruillas,010,LX-887,47,54,skipped,,,,TAMPS_PREDIAL_2010_cruillas.txt,1033
2010,EL MANTE,el_mante,021,LX-888,55,69,skipped,,,,TAMPS_PREDIAL_2010_el_mante.txt,1093
2010,"GOMEZ 
FARIAS",gomez_farias,011,LX-889,70,76,skipped,,,,TAMPS_PREDIAL_2010_gomez_farias.txt,1081
2010,GONZALEZ,gonzalez,012,LX-890,77,83,skipped,,,,TAMPS_PREDIAL_2010_gonzalez.txt,5061
2010,HIDALGO,hidalgo,016,LX-891,84,94,skipped,,,,TAMPS_PREDIAL_2010_hidalgo.txt,267
2010,JAUMAVE,jaumave,017,LX-892,95,102,skipped,,,,TAMPS_PREDIAL_2010_jaumave.txt,1114
2010,MAINERO,mainero,020,LX-893,103,110,skipped,,,,TAMPS_PREDIAL_2010_mainero.txt,1823
2010,MENDEZ,mendez,023,LX-894,111,116,skipped,,,,TAMPS_PREDIAL_2010_mendez.txt,271
2010,MIER,mier,024,LX-895,117,127,skipped,,,,TAMPS_PREDIAL_2010_mier.txt,1338
2010,"MIGUEL 
ALEMAN",miguel_aleman,025,LX-896,128,138,skipped,,,,TAMPS_PREDIAL_2010_miguel_aleman.txt,2198
2010,MIQUIHUANA,miquihuana,026,LX-897,139,146,skipped,,,,TAMPS_PREDIAL_2010_miquihuana.txt,1083
2010,"NUEVO 
MORELOS",nuevo_morelos,028,LX-898,147,154,skipped,,,,TAMPS_PREDIAL_2010_nuevo_morelos.txt,1833
2010,OCAMPO,ocampo,029,LX-899,155,162,skipped,,,,TAMPS_PREDIAL_2010_ocampo.txt,1823
2010,PADILLA,padilla,030,LX-900,163,173,skipped,,,,TAMPS_PREDIAL_2010_padilla.txt,272
2010,PALMILLAS,palmillas,031,LX-901,174,182,skipped,,,,TAMPS_PREDIAL_2010_palmillas.txt,274
2010,RIO BRAVO,rio_bravo,033,LX-902,183,199,skipped,,,,TAMPS_PREDIAL_2010_rio_bravo.txt,278
2010,"SAN 
CARLOS",san_carlos,034,LX-903,200,207,skipped,,,,TAMPS_PREDIAL_2010_san_carlos.txt,262
2010,"SAN 
FERNANDO",san_fernando,035,LX-904,208,216,skipped,,,,TAMPS_PREDIAL_2010_san_fernando.txt,1994
2010,"SAN 
NICOLAS",san_nicolas,036,LX-905,217,224,skipped,,,,TAMPS_PREDIAL_2010_san_nicolas.txt,1085
2010,TULA,tula,039,LX-906,225,234,skipped,,,,TAMPS_PREDIAL_2010_tula.txt,1100
2010,"VALLE 
HERMOSO",valle_hermoso,040,LX-907,235,243,skipped,,,,TAMPS_PREDIAL_2010_valle_hermoso.txt,2614
2010,VILLAGRAN,villagran,042,LX-908,244,250,skipped,,,,TAMPS_PREDIAL_2010_villagran.txt,1080
2010,XICOTENCATL,xicotencatl,043,LX-909,251,261,skipped,,,,TAMPS_PREDIAL_2010_xicotencatl.txt,282
2010,ALDAMA,aldama,002,LX-912,262,272,skipped,,,,TAMPS_PREDIAL_2010_aldama.txt,279
2010,CAMARGO,camargo,007,LX-913,273,290,skipped,,,,TAMPS_PREDIAL_2010_camargo.txt,1051
2010,GÜEMEZ,guemez,013,LX-914,291,301,skipped,,,,TAMPS_PREDIAL_2010_guemez.txt,272
2010,GUERRERO,guerrero,014,LX-915,302,311,skipped,,,,TAMPS_PREDIAL_2010_guerrero.txt,2342
2010,LLERA,llera,019,LX-916,312,320,skipped,,,,TAMPS_PREDIAL_2010_llera.txt,1647
2010,REYNOSA,reynosa,032,LX-917,321,339,skipped,,,,TAMPS_PREDIAL_2010_reynosa.txt,275
2010,"SOTO LA 
MARINA",soto_la_marina,037,LX-918,340,351,skipped,,,,TAMPS_PREDIAL_2010_soto_la_marina.txt,1740
2010,ALTAMIRA,altamira,003,LX-1028,352,369,skipped,,,,TAMPS_PREDIAL_2010_altamira.txt,278
2010,"CIUDAD 
MADERO",ciudad_madero,009,LX-1029,370,413,skipped,,,,TAMPS_PREDIAL_2010_ciudad_madero.txt,281
2010,"GUSTAVO 
DIAZ ORDAZ",gustavo_diaz_ordaz,015,LX-1030,414,424,skipped,,,,TAMPS_PREDIAL_2010_gustavo_diaz_ordaz.txt,290
2010,JIMENEZ,jimenez,018,LX-1031,425,431,skipped,,,,TAMPS_PREDIAL_2010_jimenez.txt,1301
2010,MATAMOROS,matamoros,022,LX-1032,432,444,skipped,,,,TAMPS_PREDIAL_2010_matamoros.txt,1954
2010,"NUEVO 
LAREDO",nuevo_laredo,027,LX-1033,445,462,skipped,,,,TAMPS_PREDIAL_2010_nuevo_laredo.txt,283
2010,TAMPICO,tampico,038,LX-1034,463,485,skipped,,,,TAMPS_PREDIAL_2010_tampico.txt,279
2010,VICTORIA,victoria,041,LX-1035,486,499,skipped,,,,TAMPS_PREDIAL_2010_victoria.txt,277
2011,ABASOLO,abasolo,001,LX-1520,3,13,skipped,,,,TAMPS_PREDIAL_2011_abasolo.txt,1091
2011,ALDAMA,aldama,002,LX-1521,14,24,skipped,,,,TAMPS_PREDIAL_2011_aldama.txt,276
2011,"ANTIGUO 
MORELOS",antiguo_morelos,004,LX-1522,25,32,skipped,,,,TAMPS_PREDIAL_2011_antiguo_morelos.txt,1828
2011,BURGOS,burgos,005,LX-1523,33,39,skipped,,,,TAMPS_PREDIAL_2011_burgos.txt,1073
2011,BUSTAMANTE,bustamante,006,LX-1524,40,49,skipped,,,,TAMPS_PREDIAL_2011_bustamante.txt,270
2011,CAMARGO,camargo,007,LX-1525,50,67,skipped,,,,TAMPS_PREDIAL_2011_camargo.txt,1058
2011,CASAS,casas,008,LX-1526,68,74,skipped,,,,TAMPS_PREDIAL_2011_casas.txt,1825
2011,"CIUDAD 
MADERO",ciudad_madero,009,LX-1527,75,116,skipped,,,,TAMPS_PREDIAL_2011_ciudad_madero.txt,277
2011,CRUILLAS,cruillas,010,LX-1528,117,124,skipped,,,,TAMPS_PREDIAL_2011_cruillas.txt,259
2011,EL MANTE,el_mante,021,LX-1529,125,139,skipped,,,,TAMPS_PREDIAL_2011_el_mante.txt,1102
2011,"GOMEZ 
FARIAS",gomez_farias,011,LX-1530,140,146,skipped,,,,TAMPS_PREDIAL_2011_gomez_farias.txt,1185
2011,GONZALEZ,gonzalez,012,LX-1531,147,153,skipped,,,,TAMPS_PREDIAL_2011_gonzalez.txt,5053
2011,GÜEMEZ,guemez,013,LX-1532,154,164,skipped,,,,TAMPS_PREDIAL_2011_guemez.txt,273
2011,GUERRERO,guerrero,014,LX-1533,165,174,skipped,,,,TAMPS_PREDIAL_2011_guerrero.txt,2340
2011,"GUSTAVO 
DIAZ ORDAZ",gustavo_diaz_ordaz,015,LX-1534,175,185,skipped,,,,TAMPS_PREDIAL_2011_gustavo_diaz_ordaz.txt,291
2011,HIDALGO,hidalgo,016,LX-1535,186,196,skipped,,,,TAMPS_PREDIAL_2011_hidalgo.txt,273
2011,JAUMAVE,jaumave,017,LX-1536,197,204,skipped,,,,TAMPS_PREDIAL_2011_jaumave.txt,1107
2011,JIMENEZ,jimenez,018,LX-1537,205,211,skipped,,,,TAMPS_PREDIAL_2011_jimenez.txt,1295
2011,LLERA,llera,019,LX-1538,212,220,skipped,,,,TAMPS_PREDIAL_2011_llera.txt,1648
2011,MAINERO,mainero,020,LX-1539,221,228,skipped,,,,TAMPS_PREDIAL_2011_mainero.txt,1823
2011,MATAMOROS,matamoros,022,LX-1540,229,241,skipped,,,,TAMPS_PREDIAL_2011_matamoros.txt,1949
2011,MENDEZ,mendez,023,LX-1541,242,247,skipped,,,,TAMPS_PREDIAL_2011_mendez.txt,273
2011,MIER,mier,024,LX-1542,248,258,skipped,,,,TAMPS_PREDIAL_2011_mier.txt,1355
2011,"MIGUEL 
ALEMAN",miguel_aleman,025,LX-1543,259,268,skipped,,,,TAMPS_PREDIAL_2011_miguel_aleman.txt,2084
2011,MIQUIHUANA,miquihuana,026,LX-1544,269,275,skipped,,,,TAMPS_PREDIAL_2011_miquihuana.txt,1080
2011,"NUEVO 
MORELOS",nuevo_morelos,028,LX-1545,276,283,skipped,,,,TAMPS_PREDIAL_2011_nuevo_morelos.txt,1831
2011,OCAMPO,ocampo,029,LX-1546,284,290,skipped,,,,TAMPS_PREDIAL_2011_ocampo.txt,1955
2011,PADILLA,padilla,030,LX-1547,291,301,skipped,,,,TAMPS_PREDIAL_2011_padilla.txt,277
2011,RIO BRAVO,rio_bravo,033,LX-1548,302,317,skipped,,,,TAMPS_PREDIAL_2011_rio_bravo.txt,280
2011,"SAN 
CARLOS",san_carlos,034,LX-1549,318,324,skipped,,,,TAMPS_PREDIAL_2011_san_carlos.txt,263
2011,"SAN 
FERNANDO",san_fernando,035,LX-1550,325,333,skipped,,,,TAMPS_PREDIAL_2011_san_fernando.txt,1992
2011,"SAN 
NICOLAS",san_nicolas,036,LX-1551,334,340,skipped,,,,TAMPS_PREDIAL_2011_san_nicolas.txt,1084
2011,"SOTO LA 
MARINA",soto_la_marina,037,LX-1552,341,352,skipped,,,,TAMPS_PREDIAL_2011_soto_la_marina.txt,1717
2011,TULA,tula,039,LX-1553,353,361,skipped,,,,TAMPS_PREDIAL_2011_tula.txt,1100
2011,"VALLE 
HERMOSO",valle_hermoso,040,LX-1554,362,370,skipped,,,,TAMPS_PREDIAL_2011_valle_hermoso.txt,2586
2011,VILLAGRAN,villagran,042,LX-1555,371,376,skipped,,,,TAMPS_PREDIAL_2011_villagran.txt,1177
2011,XICOTENCATL,xicotencatl,043,LX-1556,377,387,skipped,,,,TAMPS_PREDIAL_2011_xicotencatl.txt,283
2011,ALTAMIRA,altamira,003,LX-1568,388,405,skipped,,,,TAMPS_PREDIAL_2011_altamira.txt,278
2011,"NUEVO 
LAREDO",nuevo_laredo,027,LX-1569,406,422,skipped,,,,TAMPS_PREDIAL_2011_nuevo_laredo.txt,282
2011,PALMILLAS,palmillas,031,LX-1570,423,431,skipped,,,,TAMPS_PREDIAL_2011_palmillas.txt,275
2011,REYNOSA,reynosa,032,LX-1571,432,450,skipped,,,,TAMPS_PREDIAL_2011_reynosa.txt,277
2011,TAMPICO,tampico,038,LX-1572,451,472,skipped,,,,TAMPS_PREDIAL_2011_tampico.txt,277
2011,VICTORIA,victoria,041,LX-1573,473,486,skipped,,,,TAMPS_PREDIAL_2011_victoria.txt,277
2012,ABASOLO,abasolo,001,LXI-143,3,12,skipped,,,,TAMPS_PREDIAL_2012_abasolo.txt,1088
2012,ANTIGUO MORELOS,antiguo_morelos,004,LXI-144,13,20,skipped,,,,TAMPS_PREDIAL_2012_antiguo_morelos.txt,283
2012,BURGOS,burgos,005,LXI-145,21,27,skipped,,,,TAMPS_PREDIAL_2012_burgos.txt,1072
2012,BUSTAMANTE,bustamante,006,LXI-146,28,37,skipped,,,,TAMPS_PREDIAL_2012_bustamante.txt,1103
2012,CASAS,casas,008,LXI-147,38,44,skipped,,,,TAMPS_PREDIAL_2012_casas.txt,1822
2012,CRUILLAS,cruillas,010,LXI-148,45,51,skipped,,,,TAMPS_PREDIAL_2012_cruillas.txt,255
2012,GOMEZ FARIAS,gomez_farias,011,LXI-149,52,58,skipped,,,,TAMPS_PREDIAL_2012_gomez_farias.txt,1087
2012,GÜEMEZ,guemez,013,LXI-150,59,69,skipped,,,,TAMPS_PREDIAL_2012_guemez.txt,1090
2012,GUERRERO,guerrero,014,LXI-151,70,78,skipped,,,,TAMPS_PREDIAL_2012_guerrero.txt,2308
2012,HIDALGO,hidalgo,016,LXI-152,79,89,skipped,,,,TAMPS_PREDIAL_2012_hidalgo.txt,1098
2012,JAUMAVE,jaumave,017,LXI-153,90,97,skipped,,,,TAMPS_PREDIAL_2012_jaumave.txt,1105
2012,LLERA,llera,019,LXI-154,98,105,skipped,,,,TAMPS_PREDIAL_2012_llera.txt,1648
2012,MAINERO,mainero,020,LXI-155,106,112,skipped,,,,TAMPS_PREDIAL_2012_mainero.txt,1824
2012,MENDEZ,mendez,023,LXI-156,113,117,skipped,,,,TAMPS_PREDIAL_2012_mendez.txt,1183
2012,MIER,mier,024,LXI-157,118,127,skipped,,,,TAMPS_PREDIAL_2012_mier.txt,1236
2012,MIGUEL ALEMAN,miguel_aleman,025,LXI-158,128,136,skipped,,,,TAMPS_PREDIAL_2012_miguel_aleman.txt,2077
2012,MIQUIHUANA,miquihuana,026,LXI-159,137,143,skipped,,,,TAMPS_PREDIAL_2012_miquihuana.txt,1080
2012,NUEVO MORELOS,nuevo_morelos,028,LXI-160,144,151,skipped,,,,TAMPS_PREDIAL_2012_nuevo_morelos.txt,1946
2012,OCAMPO,ocampo,029,LXI-161,152,158,skipped,,,,TAMPS_PREDIAL_2012_ocampo.txt,1824
2012,PADILLA,padilla,030,LXI-162,159,168,skipped,,,,TAMPS_PREDIAL_2012_padilla.txt,278
2012,PALMILLAS,palmillas,031,LXI-163,169,177,skipped,,,,TAMPS_PREDIAL_2012_palmillas.txt,276
2012,SAN CARLOS,san_carlos,034,LXI-164,178,184,skipped,,,,TAMPS_PREDIAL_2012_san_carlos.txt,261
2012,SAN NICOLAS,san_nicolas,036,LXI-165,185,191,skipped,,,,TAMPS_PREDIAL_2012_san_nicolas.txt,1082
2012,SOTO LA MARINA,soto_la_marina,037,LXI-166,192,202,skipped,,,,TAMPS_PREDIAL_2012_soto_la_marina.txt,1622
2012,TULA,tula,039,LXI-167,203,211,skipped,,,,TAMPS_PREDIAL_2012_tula.txt,1765
2012,VILLAGRAN,villagran,042,LXI-168,212,217,skipped,,,,TAMPS_PREDIAL_2012_villagran.txt,1079
2012,ALDAMA,aldama,002,LXI-178,218,228,skipped,,,,TAMPS_PREDIAL_2012_aldama.txt,279
2012,ALTAMIRA,altamira,003,LXI-179,229,245,skipped,,,,TAMPS_PREDIAL_2012_altamira.txt,278
2012,CAMARGO,camargo,007,LXI-180,246,262,skipped,,,,TAMPS_PREDIAL_2012_camargo.txt,927
2012,CIUDAD MADERO,ciudad_madero,009,LXI-181,263,299,skipped,,,,TAMPS_PREDIAL_2012_ciudad_madero.txt,281
2012,EL MANTE,el_mante,021,LXI-182,300,313,skipped,,,,TAMPS_PREDIAL_2012_el_mante.txt,1098
2012,GONZALEZ,gonzalez,012,LXI-183,314,319,skipped,,,,TAMPS_PREDIAL_2012_gonzalez.txt,5087
2012,GUSTAVO DIAZ ORDAZ,gustavo_diaz_ordaz,015,LXI-184,320,329,skipped,,,,TAMPS_PREDIAL_2012_gustavo_diaz_ordaz.txt,288
2012,JIMENEZ,jimenez,018,LXI-185,330,335,skipped,,,,TAMPS_PREDIAL_2012_jimenez.txt,1297
2012,MATAMOROS,matamoros,022,LXI-186,336,347,skipped,,,,TAMPS_PREDIAL_2012_matamoros.txt,2066
2012,NUEVO LAREDO,nuevo_laredo,027,LXI-187,348,363,skipped,,,,TAMPS_PREDIAL_2012_nuevo_laredo.txt,281
2012,REYNOSA,reynosa,032,LXI-188,364,380,skipped,,,,TAMPS_PREDIAL_2012_reynosa.txt,1867
2012,RIO BRAVO,rio_bravo,033,LXI-189,381,395,skipped,,,,TAMPS_PREDIAL_2012_rio_bravo.txt,280
2012,SAN FERNANDO,san_fernando,035,LXI-190,396,405,skipped,,,,TAMPS_PREDIAL_2012_san_fernando.txt,2042
2012,TAMPICO,tampico,038,LXI-191,406,426,skipped,,,,TAMPS_PREDIAL_2012_tampico.txt,257
2012,VALLE HERMOSO,valle_hermoso,040,LXI-192,427,437,skipped,,,,TAMPS_PREDIAL_2012_valle_hermoso.txt,282
2012,VICTORIA,victoria,041,LXI-193,438,451,skipped,,,,TAMPS_PREDIAL_2012_victoria.txt,7344
2012,XICOTENCATL,xicotencatl,043,LXI-194,452,463,skipped,,,,TAMPS_PREDIAL_2012_xicotencatl.txt,1103
2013,ANTIGUO MORELOS,antiguo_morelos,004,LXI-559,3,11,skipped,,,,TAMPS_PREDIAL_2013_antiguo_morelos.txt,1954
2013,CAMARGO,camargo,007,LXI-560,12,30,skipped,,,,TAMPS_PREDIAL_2013_camargo.txt,924
2013,CRUILLAS,cruillas,010,LXI-561,31,38,skipped,,,,TAMPS_PREDIAL_2013_cruillas.txt,258
2013,GÜÉMEZ,guemez,013,LXI-562,39,50,skipped,,,,TAMPS_PREDIAL_2013_guemez.txt,1238
2013,GUERRERO,guerrero,014,LXI-563,51,60,skipped,,,,TAMPS_PREDIAL_2013_guerrero.txt,2424
2013,HIDALGO,hidalgo,016,LXI-564,61,72,skipped,,,,TAMPS_PREDIAL_2013_hidalgo.txt,1242
2013,MATAMOROS,matamoros,022,LXI-565,73,87,skipped,,,,TAMPS_PREDIAL_2013_matamoros.txt,1962
2013,MIGUEL ALEMÁN,miguel_aleman,025,LXI-566,88,97,skipped,,,,TAMPS_PREDIAL_2013_miguel_aleman.txt,2229
2013,NUEVO MORELOS,nuevo_morelos,028,LXI-567,98,106,skipped,,,,TAMPS_PREDIAL_2013_nuevo_morelos.txt,1970
2013,PALMILLAS,palmillas,031,LXI-568,107,116,skipped,,,,TAMPS_PREDIAL_2013_palmillas.txt,275
2013,SAN NICOLÁS,san_nicolas,036,LXI-569,117,124,skipped,,,,TAMPS_PREDIAL_2013_san_nicolas.txt,1085
2013,SOTO LA MARINA,soto_la_marina,037,LXI-570,125,137,skipped,,,,TAMPS_PREDIAL_2013_soto_la_marina.txt,1774
2013,VALLE HERMOSO,valle_hermoso,040,LXI-571,138,149,skipped,,,,TAMPS_PREDIAL_2013_valle_hermoso.txt,282
2013,XICOTÉNCATL,xicotencatl,043,LXI-572,150,162,skipped,,,,TAMPS_PREDIAL_2013_xicotencatl.txt,1106
2013,BURGOS,burgos,005,LXI-575,163,170,skipped,,,,TAMPS_PREDIAL_2013_burgos.txt,1077
2013,GÓMEZ FARÍAS,gomez_farias,011,LXI-576,171,178,skipped,,,,TAMPS_PREDIAL_2013_gomez_farias.txt,1093
2013,MAINERO,mainero,020,LXI-577,179,186,skipped,,,,TAMPS_PREDIAL_2013_mainero.txt,1819
2013,MÉNDEZ,mendez,023,LXI-578,187,192,skipped,,,,TAMPS_PREDIAL_2013_mendez.txt,1184
2013,OCAMPO,ocampo,029,LXI-579,193,200,skipped,,,,TAMPS_PREDIAL_2013_ocampo.txt,1819
2013,PADILLA,padilla,030,LXI-580,201,211,skipped,,,,TAMPS_PREDIAL_2013_padilla.txt,1103
2013,SAN CARLOS,san_carlos,034,LXI-581,212,219,skipped,,,,TAMPS_PREDIAL_2013_san_carlos.txt,261
2013,VILLAGRÁN,villagran,042,LXI-582,220,226,skipped,,,,TAMPS_PREDIAL_2013_villagran.txt,1082
2013,ABASOLO,abasolo,001,LXI-591,227,237,skipped,,,,TAMPS_PREDIAL_2013_abasolo.txt,1231
2013,ALDAMA,aldama,002,LXI-592,238,252,skipped,,,,TAMPS_PREDIAL_2013_aldama.txt,2302
2013,ALTAMIRA,altamira,003,LXI-593,253,269,skipped,,,,TAMPS_PREDIAL_2013_altamira.txt,4121
2013,BUSTAMANTE,bustamante,006,LXI-594,270,280,skipped,,,,TAMPS_PREDIAL_2013_bustamante.txt,1115
2013,CASAS,casas,008,LXI-595,281,288,skipped,,,,TAMPS_PREDIAL_2013_casas.txt,1969
2013,CIUDAD MADERO,ciudad_madero,009,LXI-596,289,334,skipped,,,,TAMPS_PREDIAL_2013_ciudad_madero.txt,291
2013,EL MANTE,el_mante,021,LXI-597,335,364,skipped,,,,TAMPS_PREDIAL_2013_el_mante.txt,1102
2013,GONZÁLEZ,gonzalez,012,LXI-598,365,371,skipped,,,,TAMPS_PREDIAL_2013_gonzalez.txt,4983
2013,GUSTAVO DÍAZ ORDAZ,gustavo_diaz_ordaz,015,LXI-599,372,383,skipped,,,,TAMPS_PREDIAL_2013_gustavo_diaz_ordaz.txt,1111
2013,JAUMAVE,jaumave,017,LXI-600,384,392,skipped,,,,TAMPS_PREDIAL_2013_jaumave.txt,1111
2013,JIMÉNEZ,jimenez,018,LXI-601,393,399,skipped,,,,TAMPS_PREDIAL_2013_jimenez.txt,1296
2013,LLERA,llera,019,LXI-602,400,408,skipped,,,,TAMPS_PREDIAL_2013_llera.txt,269
2013,MIER,mier,024,LXI-603,409,419,skipped,,,,TAMPS_PREDIAL_2013_mier.txt,1242
2013,MIQUIHUANA,miquihuana,026,LXI-604,420,427,skipped,,,,TAMPS_PREDIAL_2013_miquihuana.txt,1081
2013,NUEVO LAREDO,nuevo_laredo,027,LXI-605,428,446,skipped,,,,TAMPS_PREDIAL_2013_nuevo_laredo.txt,467
2013,REYNOSA,reynosa,032,LXI-606,447,466,skipped,,,,TAMPS_PREDIAL_2013_reynosa.txt,1871
2013,RÍO BRAVO,rio_bravo,033,LXI-607,467,485,skipped,,,,TAMPS_PREDIAL_2013_rio_bravo.txt,1820
2013,SAN FERNANDO,san_fernando,035,LXI-608,486,497,skipped,,,,TAMPS_PREDIAL_2013_san_fernando.txt,2161
2013,TAMPICO,tampico,038,LXI-609,498,522,skipped,,,,TAMPS_PREDIAL_2013_tampico.txt,257
2013,TULA,tula,039,LXI-610,523,532,skipped,,,,TAMPS_PREDIAL_2013_tula.txt,1895
2013,VICTORIA,victoria,041,LXI-611,533,547,skipped,,,,TAMPS_PREDIAL_2013_victoria.txt,7898
2014,ANTIGUO MORELOS,antiguo_morelos,004,LXII-10,3,13,skipped,,,,TAMPS_PREDIAL_2014_antiguo_morelos.txt,1988
2014,BUSTAMANTE,bustamante,006,LXII-11,14,26,skipped,,,,TAMPS_PREDIAL_2014_bustamante.txt,1107
2014,GÓMEZ FARÍAS,gomez_farias,011,LXII-12,27,37,skipped,,,,TAMPS_PREDIAL_2014_gomez_farias.txt,1094
2014,GÜÉMEZ,guemez,013,LXII-13,38,51,skipped,,,,TAMPS_PREDIAL_2014_guemez.txt,1099
2014,JAUMAVE,jaumave,017,LXII-14,52,62,skipped,,,,TAMPS_PREDIAL_2014_jaumave.txt,1110
2014,LLERA,llera,019,LXII-15,63,73,skipped,,,,TAMPS_PREDIAL_2014_llera.txt,266
2014,MIQUIHUANA,miquihuana,026,LXII-16,74,83,skipped,,,,TAMPS_PREDIAL_2014_miquihuana.txt,1077
2014,OCAMPO,ocampo,029,LXII-17,84,93,skipped,,,,TAMPS_PREDIAL_2014_ocampo.txt,1815
2014,PADILLA,padilla,030,LXII-18,94,105,skipped,,,,TAMPS_PREDIAL_2014_padilla.txt,1103
2014,RÍO BRAVO,rio_bravo,033,LXII-19,106,125,skipped,,,,TAMPS_PREDIAL_2014_rio_bravo.txt,1685
2014,TULA,tula,039,LXII-20,126,138,skipped,,,,TAMPS_PREDIAL_2014_tula.txt,1829
2014,GONZÁLEZ,gonzalez,012,LXII-21,139,148,skipped,,,,TAMPS_PREDIAL_2014_gonzalez.txt,1707
2014,MAINERO,mainero,020,LXII-22,149,160,skipped,,,,TAMPS_PREDIAL_2014_mainero.txt,1962
2014,VICTORIA,victoria,041,LXII-23,161,180,skipped,,,,TAMPS_PREDIAL_2014_victoria.txt,2982
2014,CIUDAD MADERO,ciudad_madero,009,LXII-24,181,226,skipped,,,,TAMPS_PREDIAL_2014_ciudad_madero.txt,301
2014,GUERRERO,guerrero,014,LXII-25,227,249,skipped,,,,TAMPS_PREDIAL_2014_guerrero.txt,2073
2014,JIMÉNEZ,jimenez,018,LXII-26,250,272,skipped,,,,TAMPS_PREDIAL_2014_jimenez.txt,2466
2014,MIER,mier,024,LXII-27,273,295,skipped,,,,TAMPS_PREDIAL_2014_mier.txt,1672
2014,MIGUEL ALEMAN,miguel_aleman,025,LXII-28,296,318,skipped,,,,TAMPS_PREDIAL_2014_miguel_aleman.txt,1181
2014,SAN CARLOS,san_carlos,034,LXII-29,319,341,skipped,,,,TAMPS_PREDIAL_2014_san_carlos.txt,1974
2014,SAN NICOLÁS,san_nicolas,036,LXII-30,342,359,skipped,,,,TAMPS_PREDIAL_2014_san_nicolas.txt,1865
2014,VALLE HERMOSO,valle_hermoso,040,LXII-31,360,379,skipped,,,,TAMPS_PREDIAL_2014_valle_hermoso.txt,2903
2014,ABASOLO,abasolo,001,LXII-33,380,402,skipped,,,,TAMPS_PREDIAL_2014_abasolo.txt,2108
2014,ALDAMA,aldama,002,LXII-34,403,425,skipped,,,,TAMPS_PREDIAL_2014_aldama.txt,1822
2014,ALTAMIRA,altamira,003,LXII-35,426,450,skipped,,,,TAMPS_PREDIAL_2014_altamira.txt,4604
2014,BURGOS,burgos,005,LXII-36,451,472,skipped,,,,TAMPS_PREDIAL_2014_burgos.txt,1952
2014,CAMARGO,camargo,007,LXII-37,473,496,skipped,,,,TAMPS_PREDIAL_2014_camargo.txt,1165
2014,CASAS,casas,008,LXII-38,497,519,skipped,,,,TAMPS_PREDIAL_2014_casas.txt,1953
2014,CRUILLAS,cruillas,010,LXII-39,520,535,skipped,,,,TAMPS_PREDIAL_2014_cruillas.txt,1229
2014,EL MANTE,el_mante,021,LXII-40,536,555,skipped,,,,TAMPS_PREDIAL_2014_el_mante.txt,1168
2014,GUSTAVO DIAZ ORDAZ,gustavo_diaz_ordaz,015,LXII-41,556,573,skipped,,,,TAMPS_PREDIAL_2014_gustavo_diaz_ordaz.txt,1305
2014,HIDALGO,hidalgo,016,LXII-42,574,596,skipped,,,,TAMPS_PREDIAL_2014_hidalgo.txt,1450
2014,MATAMOROS,matamoros,022,LXII-43,597,614,skipped,,,,TAMPS_PREDIAL_2014_matamoros.txt,2303
2014,MÉNDEZ,mendez,023,LXII-44,615,636,skipped,,,,TAMPS_PREDIAL_2014_mendez.txt,1950
2014,NUEVO LAREDO,nuevo_laredo,027,LXII-45,637,659,skipped,,,,TAMPS_PREDIAL_2014_nuevo_laredo.txt,2140
2014,NUEVO MORELOS,nuevo_morelos,028,LXII-46,660,680,skipped,,,,TAMPS_PREDIAL_2014_nuevo_morelos.txt,2040
2014,PALMILLAS,palmillas,031,LXII-47,681,695,skipped,,,,TAMPS_PREDIAL_2014_palmillas.txt,1382
2014,REYNOSA,reynosa,032,LXII-48,696,722,skipped,,,,TAMPS_PREDIAL_2014_reynosa.txt,2587
2014,SAN FERNANDO,san_fernando,035,LXII-49,723,741,skipped,,,,TAMPS_PREDIAL_2014_san_fernando.txt,2247
2014,SOTO LA MARINA,soto_la_marina,037,LXII-50,742,764,skipped,,,,TAMPS_PREDIAL_2014_soto_la_marina.txt,1963
2014,TAMPICO,tampico,038,LXII-51,765,792,skipped,,,,TAMPS_PREDIAL_2014_tampico.txt,3800
2014,VILLAGRÁN,villagran,042,LXII-52,793,813,skipped,,,,TAMPS_PREDIAL_2014_villagran.txt,2037
2014,XICOTÉNCATL,xicotencatl,043,LXII-53,814,830,skipped,,,,TAMPS_PREDIAL_2014_xicotencatl.txt,1913
2015,ABASOLO,abasolo,001,LXII-344,3,24,skipped,,,,TAMPS_PREDIAL_2015_abasolo.txt,1962
2015,ALDAMA,aldama,002,LXII-345,25,45,skipped,,,,TAMPS_PREDIAL_2015_aldama.txt,1811
2015,ALTAMIRA,altamira,003,LXII-346,46,71,skipped,,,,TAMPS_PREDIAL_2015_altamira.txt,4643
2015,ANTIGUO MORELOS,antiguo_morelos,004,LXII-347,72,81,skipped,,,,TAMPS_PREDIAL_2015_antiguo_morelos.txt,1837
2015,BURGOS,burgos,005,LXII-348,82,101,skipped,,,,TAMPS_PREDIAL_2015_burgos.txt,1818
2015,BUSTAMANTE,bustamante,006,LXII-349,102,112,skipped,,,,TAMPS_PREDIAL_2015_bustamante.txt,1241
2015,CAMARGO,camargo,007,LXII-350,113,134,skipped,,,,TAMPS_PREDIAL_2015_camargo.txt,1005
2015,CASAS,casas,008,LXII-351,135,155,skipped,,,,TAMPS_PREDIAL_2015_casas.txt,1961
2015,CIUDAD MADERO,ciudad_madero,009,LXII-352,156,197,skipped,,,,TAMPS_PREDIAL_2015_ciudad_madero.txt,5543
2015,CRUILLAS,cruillas,010,LXII-353,198,213,skipped,,,,TAMPS_PREDIAL_2015_cruillas.txt,1233
2015,EL MANTE,el_mante,021,LXII-354,214,238,skipped,,,,TAMPS_PREDIAL_2015_el_mante.txt,1167
2015,GÓMEZ FARÍAS,gomez_farias,011,LXII-355,239,250,skipped,,,,TAMPS_PREDIAL_2015_gomez_farias.txt,1093
2015,GONZÁLEZ,gonzalez,012,LXII-356,251,259,skipped,,,,TAMPS_PREDIAL_2015_gonzalez.txt,1573
2015,GÜÉMEZ,guemez,013,LXII-357,260,273,skipped,,,,TAMPS_PREDIAL_2015_guemez.txt,1099
2015,GUERRERO,guerrero,014,LXII-358,274,296,skipped,,,,TAMPS_PREDIAL_2015_guerrero.txt,1924
2015,GUSTAVO DIAZ ORDAZ,gustavo_diaz_ordaz,015,LXII-359,297,314,skipped,,,,TAMPS_PREDIAL_2015_gustavo_diaz_ordaz.txt,1169
2015,HIDALGO,hidalgo,016,LXII-360,315,338,skipped,,,,TAMPS_PREDIAL_2015_hidalgo.txt,1447
2015,JAUMAVE,jaumave,017,LXII-361,339,349,skipped,,,,TAMPS_PREDIAL_2015_jaumave.txt,1114
2015,JIMÉNEZ,jimenez,018,LXII-362,350,371,skipped,,,,TAMPS_PREDIAL_2015_jimenez.txt,2467
2015,LLERA,llera,019,LXII-363,372,382,skipped,,,,TAMPS_PREDIAL_2015_llera.txt,275
2015,MAINERO,mainero,020,LXII-364,383,393,skipped,,,,TAMPS_PREDIAL_2015_mainero.txt,1812
2015,MATAMOROS,matamoros,022,LXII-365,394,409,skipped,,,,TAMPS_PREDIAL_2015_matamoros.txt,2178
2015,MÉNDEZ,mendez,023,LXII-366,410,429,skipped,,,,TAMPS_PREDIAL_2015_mendez.txt,1964
2015,MIER,mier,024,LXII-367,430,449,skipped,,,,TAMPS_PREDIAL_2015_mier.txt,1508
2015,MIGUEL ALEMAN,miguel_aleman,025,LXII-368,450,471,skipped,,,,TAMPS_PREDIAL_2015_miguel_aleman.txt,1045
2015,MIQUIHUANA,miquihuana,026,LXII-369,472,481,skipped,,,,TAMPS_PREDIAL_2015_miquihuana.txt,1073
2015,NUEVO LAREDO,nuevo_laredo,027,LXII-370,482,503,skipped,,,,TAMPS_PREDIAL_2015_nuevo_laredo.txt,2337
2015,NUEVO MORELOS,nuevo_morelos,028,LXII-371,504,521,skipped,,,,TAMPS_PREDIAL_2015_nuevo_morelos.txt,2038
2015,OCAMPO,ocampo,029,LXII-372,522,531,skipped,,,,TAMPS_PREDIAL_2015_ocampo.txt,1943
2015,PADILLA,padilla,030,LXII-373,532,543,skipped,,,,TAMPS_PREDIAL_2015_padilla.txt,1094
2015,PALMILLAS,palmillas,031,LXII-374,544,557,skipped,,,,TAMPS_PREDIAL_2015_palmillas.txt,1505
2015,REYNOSA,reynosa,032,LXII-375,558,582,skipped,,,,TAMPS_PREDIAL_2015_reynosa.txt,2745
2015,RIO BRAVO,rio_bravo,033,LXII-376,583,603,skipped,,,,TAMPS_PREDIAL_2015_rio_bravo.txt,1814
2015,SAN CARLOS,san_carlos,034,LXII-377,604,625,skipped,,,,TAMPS_PREDIAL_2015_san_carlos.txt,1823
2015,SAN FERNANDO,san_fernando,035,LXII-378,626,644,skipped,,,,TAMPS_PREDIAL_2015_san_fernando.txt,2235
2015,SAN NICOLÁS,san_nicolas,036,LXII-379,645,657,skipped,,,,TAMPS_PREDIAL_2015_san_nicolas.txt,1854
2015,SOTO LA MARINA,soto_la_marina,037,LXII-380,658,678,skipped,,,,TAMPS_PREDIAL_2015_soto_la_marina.txt,1818
2015,TAMPICO,tampico,038,LXII-381,679,702,skipped,,,,TAMPS_PREDIAL_2015_tampico.txt,3704
2015,TULA,tula,039,LXII-382,703,715,skipped,,,,TAMPS_PREDIAL_2015_tula.txt,1972
2015,VALLE HERMOSO,valle_hermoso,040,LXII-383,716,733,skipped,,,,TAMPS_PREDIAL_2015_valle_hermoso.txt,2787
2015,VICTORIA,victoria,041,LXII-384,734,752,skipped,,,,TAMPS_PREDIAL_2015_victoria.txt,2956
2015,VILLAGRÁN,villagran,042,LXII-385,753,774,skipped,,,,TAMPS_PREDIAL_2015_villagran.txt,2024
2015,XICOTENCATL,xicotencatl,043,LXII-386,775,789,skipped,,,,TAMPS_PREDIAL_2015_xicotencatl.txt,1756
2016,ABASOLO,abasolo,001,LXII-685,3,24,skipped,,,,TAMPS_PREDIAL_2016_abasolo.txt,2085
2016,ALDAMA,aldama,002,LXII-686,25,45,skipped,,,,TAMPS_PREDIAL_2016_aldama.txt,1953
2016,ANTIGUO MORELOS,antiguo_morelos,004,LXII-687,46,56,skipped,,,,TAMPS_PREDIAL_2016_antiguo_morelos.txt,1840
2016,BURGOS,burgos,005,LXII-688,57,77,skipped,,,,TAMPS_PREDIAL_2016_burgos.txt,1816
2016,BUSTAMANTE,bustamante,006,LXII-689,78,89,skipped,,,,TAMPS_PREDIAL_2016_bustamante.txt,1103
2016,CASAS,casas,008,LXII-690,90,111,skipped,,,,TAMPS_PREDIAL_2016_casas.txt,1815
2016,GÓMEZ FARÍAS,gomez_farias,011,LXII-691,112,122,skipped,,,,TAMPS_PREDIAL_2016_gomez_farias.txt,1225
2016,GONZÁLEZ,gonzalez,012,LXII-692,123,131,skipped,,,,TAMPS_PREDIAL_2016_gonzalez.txt,1572
2016,GÜÉMEZ,guemez,013,LXII-693,132,145,skipped,,,,TAMPS_PREDIAL_2016_guemez.txt,1096
2016,GUERRERO,guerrero,014,LXII-694,146,165,skipped,,,,TAMPS_PREDIAL_2016_guerrero.txt,2052
2016,HIDALGO,hidalgo,016,LXII-695,166,187,skipped,,,,TAMPS_PREDIAL_2016_hidalgo.txt,1401
2016,JAUMAVE,jaumave,017,LXII-696,188,198,skipped,,,,TAMPS_PREDIAL_2016_jaumave.txt,1113
2016,LLERA,llera,019,LXII-697,199,209,skipped,,,,TAMPS_PREDIAL_2016_llera.txt,1786
2016,MAINERO,mainero,020,LXII-698,210,220,skipped,,,,TAMPS_PREDIAL_2016_mainero.txt,1955
2016,MÉNDEZ,mendez,023,LXII-699,221,241,skipped,,,,TAMPS_PREDIAL_2016_mendez.txt,1818
2016,MIER,mier,024,LXII-700,242,262,skipped,,,,TAMPS_PREDIAL_2016_mier.txt,1516
2016,MIGUEL ALEMAN,miguel_aleman,025,LXII-701,263,284,skipped,,,,TAMPS_PREDIAL_2016_miguel_aleman.txt,1049
2016,MIQUIHUANA,miquihuana,026,LXII-702,285,294,skipped,,,,TAMPS_PREDIAL_2016_miquihuana.txt,1076
2016,NUEVO LAREDO,nuevo_laredo,027,LXII-703,295,318,skipped,,,,TAMPS_PREDIAL_2016_nuevo_laredo.txt,2192
2016,NUEVO MORELOS,nuevo_morelos,028,LXII-704,319,338,skipped,,,,TAMPS_PREDIAL_2016_nuevo_morelos.txt,2156
2016,OCAMPO,ocampo,029,LXII-705,339,347,skipped,,,,TAMPS_PREDIAL_2016_ocampo.txt,1812
2016,PADILLA,padilla,030,LXII-706,348,360,skipped,,,,TAMPS_PREDIAL_2016_padilla.txt,1103
2016,RÍO BRAVO,rio_bravo,033,LXII-707,361,384,skipped,,,,TAMPS_PREDIAL_2016_rio_bravo.txt,2225
2016,SAN CARLOS,san_carlos,034,LXII-708,385,406,skipped,,,,TAMPS_PREDIAL_2016_san_carlos.txt,1967
2016,SAN NICOLÁS,san_nicolas,036,LXII-709,407,421,skipped,,,,TAMPS_PREDIAL_2016_san_nicolas.txt,2007
2016,SOTO LA MARINA,soto_la_marina,037,LXII-710,422,442,skipped,,,,TAMPS_PREDIAL_2016_soto_la_marina.txt,1980
2016,TULA,tula,039,LXII-711,443,454,skipped,,,,TAMPS_PREDIAL_2016_tula.txt,1971
2016,VALLE HERMOSO,valle_hermoso,040,LXII-712,455,473,skipped,,,,TAMPS_PREDIAL_2016_valle_hermoso.txt,2910
2016,VICTORIA,victoria,041,LXII-713,474,492,skipped,,,,TAMPS_PREDIAL_2016_victoria.txt,2948
2016,VILLAGRÁN,villagran,042,LXII-714,493,514,skipped,,,,TAMPS_PREDIAL_2016_villagran.txt,2147
2016,CRUILLAS,cruillas,010,LXII-716,515,529,skipped,,,,TAMPS_PREDIAL_2016_cruillas.txt,1190
2016,GUSTAVO DÍAZ ORDAZ,gustavo_diaz_ordaz,015,LXII-717,530,547,skipped,,,,TAMPS_PREDIAL_2016_gustavo_diaz_ordaz.txt,1169
2016,JIMÉNEZ,jimenez,018,LXII-718,548,569,skipped,,,,TAMPS_PREDIAL_2016_jimenez.txt,2430
2016,PALMILLAS,palmillas,031,LXII-719,570,584,skipped,,,,TAMPS_PREDIAL_2016_palmillas.txt,1347
2016,XICOTÉNCATL,xicotencatl,043,LXII-720,585,600,skipped,,,,TAMPS_PREDIAL_2016_xicotencatl.txt,1771
2016,ALTAMIRA,altamira,003,LXII-721,601,627,skipped,,,,TAMPS_PREDIAL_2016_altamira.txt,4647
2016,CAMARGO,camargo,007,LXII-722,628,650,skipped,,,,TAMPS_PREDIAL_2016_camargo.txt,1019
2016,CIUDAD MADERO,ciudad_madero,009,LXII-723,651,692,skipped,,,,TAMPS_PREDIAL_2016_ciudad_madero.txt,5575
2016,EL MANTE,el_mante,021,LXII-724,693,718,skipped,,,,TAMPS_PREDIAL_2016_el_mante.txt,1165
2016,MATAMOROS,matamoros,022,LXII-725,719,735,skipped,,,,TAMPS_PREDIAL_2016_matamoros.txt,2261
2016,REYNOSA,reynosa,032,LXII-726,736,760,skipped,,,,TAMPS_PREDIAL_2016_reynosa.txt,2712
2016,SAN FERNANDO,san_fernando,035,LXII-727,761,778,skipped,,,,TAMPS_PREDIAL_2016_san_fernando.txt,2210
2016,TAMPICO,tampico,038,LXII-728,779,804,skipped,,,,TAMPS_PREDIAL_2016_tampico.txt,3710
2017,ALDAMA,aldama,002,LXIII-54,3,23,skipped,,,,TAMPS_PREDIAL_2017_aldama.txt,1934
2017,ANTIGUO MORELOS,antiguo_morelos,004,LXIII-55,24,34,skipped,,,,TAMPS_PREDIAL_2017_antiguo_morelos.txt,1896
2017,BURGOS,burgos,005,LXIII-56,35,54,skipped,,,,TAMPS_PREDIAL_2017_burgos.txt,1802
2017,BUSTAMANTE,bustamante,006,LXIII-57,55,65,skipped,,,,TAMPS_PREDIAL_2017_bustamante.txt,1245
2017,CAMARGO,camargo,007,LXIII-58,66,87,skipped,,,,TAMPS_PREDIAL_2017_camargo.txt,1002
2017,CASAS,casas,008,LXIII-59,88,107,skipped,,,,TAMPS_PREDIAL_2017_casas.txt,1930
2017,CRUILLAS,cruillas,010,LXIII-60,108,122,skipped,,,,TAMPS_PREDIAL_2017_cruillas.txt,1182
2017,GÓMEZ FARÍAS,gomez_farias,011,LXIII-61,123,131,skipped,,,,TAMPS_PREDIAL_2017_gomez_farias.txt,1142
2017,GONZÁLEZ,gonzalez,012,LXIII-62,132,139,skipped,,,,TAMPS_PREDIAL_2017_gonzalez.txt,1655
2017,GÜÉMEZ,guemez,013,LXIII-63,140,151,skipped,,,,TAMPS_PREDIAL_2017_guemez.txt,1221
2017,GUSTAVO DÍAZ ORDAZ,gustavo_diaz_ordaz,015,LXIII-64,152,166,skipped,,,,TAMPS_PREDIAL_2017_gustavo_diaz_ordaz.txt,1156
2017,HIDALGO,hidalgo,016,LXIII-65,167,188,skipped,,,,TAMPS_PREDIAL_2017_hidalgo.txt,1534
2017,JAUMAVE,jaumave,017,LXIII-66,189,199,skipped,,,,TAMPS_PREDIAL_2017_jaumave.txt,1104
2017,JIMÉNEZ,jimenez,018,LXIII-67,200,223,skipped,,,,TAMPS_PREDIAL_2017_jimenez.txt,2356
2017,LLERA,llera,019,LXIII-68,224,234,skipped,,,,TAMPS_PREDIAL_2017_llera.txt,1668
2017,MAINERO,mainero,020,LXIII-69,235,244,skipped,,,,TAMPS_PREDIAL_2017_mainero.txt,1836
2017,MIER,mier,024,LXIII-70,245,267,skipped,,,,TAMPS_PREDIAL_2017_mier.txt,1506
2017,MIGUEL ALEMÁN,miguel_aleman,025,LXIII-71,268,288,skipped,,,,TAMPS_PREDIAL_2017_miguel_aleman.txt,1044
2017,MIQUIHUANA,miquihuana,026,LXIII-72,289,298,skipped,,,,TAMPS_PREDIAL_2017_miquihuana.txt,1277
2017,NUEVO LAREDO,nuevo_laredo,027,LXIII-73,299,321,skipped,,,,TAMPS_PREDIAL_2017_nuevo_laredo.txt,2153
2017,NUEVO MORELOS,nuevo_morelos,028,LXIII-74,322,341,skipped,,,,TAMPS_PREDIAL_2017_nuevo_morelos.txt,1994
2017,OCAMPO,ocampo,029,LXIII-75,342,350,skipped,,,,TAMPS_PREDIAL_2017_ocampo.txt,1871
2017,PADILLA,padilla,030,LXIII-76,351,362,skipped,,,,TAMPS_PREDIAL_2017_padilla.txt,1090
2017,PALMILLAS,palmillas,031,LXIII-77,363,376,skipped,,,,TAMPS_PREDIAL_2017_palmillas.txt,1338
2017,SAN CARLOS,san_carlos,034,LXIII-78,377,397,skipped,,,,TAMPS_PREDIAL_2017_san_carlos.txt,1810
2017,SOTO LA MARINA,soto_la_marina,037,LXIII-79,398,417,skipped,,,,TAMPS_PREDIAL_2017_soto_la_marina.txt,2017
2017,TULA,tula,039,LXIII-80,418,430,skipped,,,,TAMPS_PREDIAL_2017_tula.txt,1873
2017,VALLE HERMOSO,valle_hermoso,040,LXIII-81,431,447,skipped,,,,TAMPS_PREDIAL_2017_valle_hermoso.txt,2761
2017,VILLAGRÁN,villagran,042,LXIII-82,448,469,skipped,,,,TAMPS_PREDIAL_2017_villagran.txt,2121
2017,ALTAMIRA,altamira,003,LXIII-84,470,497,skipped,,,,TAMPS_PREDIAL_2017_altamira.txt,4584
2017,GUERRERO,guerrero,014,LXIII-85,498,517,skipped,,,,TAMPS_PREDIAL_2017_guerrero.txt,2045
2017,MATAMOROS,matamoros,022,LXIII-86,518,535,skipped,,,,TAMPS_PREDIAL_2017_matamoros.txt,2172
2017,MÉNDEZ,mendez,023,LXIII-87,536,554,skipped,,,,TAMPS_PREDIAL_2017_mendez.txt,1925
2017,RÍO BRAVO,rio_bravo,033,LXIII-88,555,577,skipped,,,,TAMPS_PREDIAL_2017_rio_bravo.txt,2253
2017,TAMPICO,tampico,038,LXIII-89,578,604,skipped,,,,TAMPS_PREDIAL_2017_tampico.txt,3427
2017,ABASOLO,abasolo,001,LXIII-95,605,626,skipped,,,,TAMPS_PREDIAL_2017_abasolo.txt,1894
2017,CIUDAD MADERO,ciudad_madero,009,LXIII-96,627,666,skipped,,,,TAMPS_PREDIAL_2017_ciudad_madero.txt,573
2017,EL MANTE,el_mante,021,LXIII-97,667,691,skipped,,,,TAMPS_PREDIAL_2017_el_mante.txt,1159
2017,REYNOSA,reynosa,032,LXIII-98,692,717,skipped,,,,TAMPS_PREDIAL_2017_reynosa.txt,2751
2017,SAN FERNANDO,san_fernando,035,LXIII-99,718,735,skipped,,,,TAMPS_PREDIAL_2017_san_fernando.txt,2161
2017,SAN NICOLÁS,san_nicolas,036,LXIII-100,736,750,skipped,,,,TAMPS_PREDIAL_2017_san_nicolas.txt,1887
2017,VICTORIA,victoria,041,LXIII-101,751,769,skipped,,,,TAMPS_PREDIAL_2017_victoria.txt,2615
2017,XICOTÉNCATL,xicotencatl,043,LXIII-102,770,785,skipped,,,,TAMPS_PREDIAL_2017_xicotencatl.txt,1760
2018,ALDAMA,aldama,002,LXIII-318,3,26,skipped,,,,TAMPS_PREDIAL_2018_aldama.txt,1942
2018,ANTIGUO MORELOS,antiguo_morelos,004,LXIII-319,27,41,skipped,,,,TAMPS_PREDIAL_2018_antiguo_morelos.txt,1911
2018,CAMARGO,camargo,007,LXIII-320,42,66,skipped,,,,TAMPS_PREDIAL_2018_camargo.txt,1012
2018,GÓMEZ FARÍAS,gomez_farias,011,LXIII-321,67,78,skipped,,,,TAMPS_PREDIAL_2018_gomez_farias.txt,1147
2018,MIQUIHUANA,miquihuana,026,LXIII-322,79,95,skipped,,,,TAMPS_PREDIAL_2018_miquihuana.txt,1137
2018,PADILLA,padilla,030,LXIII-323,96,110,skipped,,,,TAMPS_PREDIAL_2018_padilla.txt,1094
2018,SAN CARLOS,san_carlos,034,LXIII-324,111,134,skipped,,,,TAMPS_PREDIAL_2018_san_carlos.txt,1976
2018,SOTO LA MARINA,soto_la_marina,037,LXIII-325,135,160,skipped,,,,TAMPS_PREDIAL_2018_soto_la_marina.txt,2030
2018,TULA,tula,039,LXIII-326,161,197,skipped,,,,TAMPS_PREDIAL_2018_tula.txt,2018
2018,VICTORIA,victoria,041,LXIII-328,198,221,skipped,,,,TAMPS_PREDIAL_2018_victoria.txt,2634
2018,VILLAGRÁN,villagran,042,LXIII-329,222,246,skipped,,,,TAMPS_PREDIAL_2018_villagran.txt,2012
2018,XICOTÉNCATL,xicotencatl,043,LXIII-330,247,265,skipped,,,,TAMPS_PREDIAL_2018_xicotencatl.txt,1757
2018,BURGOS,burgos,005,LXIII-332,266,290,skipped,,,,TAMPS_PREDIAL_2018_burgos.txt,1996
2018,BUSTAMANTE,bustamante,006,LXIII-333,291,305,skipped,,,,TAMPS_PREDIAL_2018_bustamante.txt,1105
2018,CASAS,casas,008,LXIII-334,306,329,skipped,,,,TAMPS_PREDIAL_2018_casas.txt,1819
2018,CRUILLAS,cruillas,010,LXIII-335,330,347,skipped,,,,TAMPS_PREDIAL_2018_cruillas.txt,1195
2018,GÜÉMEZ,guemez,013,LXIII-336,348,361,skipped,,,,TAMPS_PREDIAL_2018_guemez.txt,1229
2018,HIDALGO,hidalgo,016,LXIII-337,362,386,skipped,,,,TAMPS_PREDIAL_2018_hidalgo.txt,1537
2018,JAUMAVE,jaumave,017,LXIII-338,387,399,skipped,,,,TAMPS_PREDIAL_2018_jaumave.txt,1116
2018,MAINERO,mainero,020,LXIII-339,400,412,skipped,,,,TAMPS_PREDIAL_2018_mainero.txt,1876
2018,NUEVO MORELOS,nuevo_morelos,028,LXIII-340,413,435,skipped,,,,TAMPS_PREDIAL_2018_nuevo_morelos.txt,2190
2018,PALMILLAS,palmillas,031,LXIII-341,436,454,skipped,,,,TAMPS_PREDIAL_2018_palmillas.txt,1352
2018,ABASOLO,abasolo,001,LXIII-344,455,479,skipped,,,,TAMPS_PREDIAL_2018_abasolo.txt,1868
2018,ALTAMIRA,altamira,003,LXIII-345,480,510,skipped,,,,TAMPS_PREDIAL_2018_altamira.txt,4599
2018,CIUDAD MADERO,ciudad_madero,009,LXIII-346,511,558,skipped,,,,TAMPS_PREDIAL_2018_ciudad_madero.txt,403
2018,EL MANTE,el_mante,021,LXIII-347,559,583,skipped,,,,TAMPS_PREDIAL_2018_el_mante.txt,1195
2018,GONZÁLEZ,gonzalez,012,LXIII-348,584,597,skipped,,,,TAMPS_PREDIAL_2018_gonzalez.txt,1533
2018,GUSTAVO DÍAZ ORDAZ,gustavo_diaz_ordaz,015,LXIII-349,598,618,skipped,,,,TAMPS_PREDIAL_2018_gustavo_diaz_ordaz.txt,1172
2018,LLERA,llera,019,LXIII-350,619,638,skipped,,,,TAMPS_PREDIAL_2018_llera.txt,1689
2018,MATAMOROS,matamoros,022,LXIII-351,639,659,skipped,,,,TAMPS_PREDIAL_2018_matamoros.txt,2188
2018,MIER,mier,024,LXIII-352,660,685,skipped,,,,TAMPS_PREDIAL_2018_mier.txt,1469
2018,MIGUEL ALEMÁN,miguel_aleman,025,LXIII-353,686,709,skipped,,,,TAMPS_PREDIAL_2018_miguel_aleman.txt,1122
2018,NUEVO LAREDO,nuevo_laredo,027,LXIII-354,710,736,skipped,,,,TAMPS_PREDIAL_2018_nuevo_laredo.txt,2198
2018,OCAMPO,ocampo,029,LXIII-355,737,750,skipped,,,,TAMPS_PREDIAL_2018_ocampo.txt,1883
2018,REYNOSA,reynosa,032,LXIII-356,751,785,skipped,,,,TAMPS_PREDIAL_2018_reynosa.txt,2605
2018,RÍO BRAVO,rio_bravo,033,LXIII-,786,811,skipped,,,,TAMPS_PREDIAL_2018_rio_bravo.txt,2103
2018,SAN FERNANDO,san_fernando,035,LXIII-,812,832,skipped,,,,TAMPS_PREDIAL_2018_san_fernando.txt,2051
2018,SAN NICOLÁS,san_nicolas,036,LXIII-359,833,851,skipped,,,,TAMPS_PREDIAL_2018_san_nicolas.txt,1915
2018,TAMPICO,tampico,038,LXIII-360,852,880,skipped,,,,TAMPS_PREDIAL_2018_tampico.txt,3320
2018,GUERRERO,guerrero,014,LXIII-361,881,904,skipped,,,,TAMPS_PREDIAL_2018_guerrero.txt,2076
2018,JIMÉNEZ,jimenez,018,LXIII-362,905,932,skipped,,,,TAMPS_PREDIAL_2018_jimenez.txt,2500
2018,MÉNDEZ,mendez,023,LXIII-363,933,955,skipped,,,,TAMPS_PREDIAL_2018_mendez.txt,1962
2019,ABASOLO,abasolo,001,LXIII-728,2,28,skipped,,,,TAMPS_PREDIAL_2019_abasolo.txt,1874
2019,ALDAMA,aldama,002,LXIII-729,29,54,skipped,,,,TAMPS_PREDIAL_2019_aldama.txt,1959
2019,ALTAMIRA,altamira,003,LXIII-730,55,88,skipped,,,,TAMPS_PREDIAL_2019_altamira.txt,4627
2019,ANTIGUO MORELOS,antiguo_morelos,004,LXIII-731,89,104,skipped,,,,TAMPS_PREDIAL_2019_antiguo_morelos.txt,1881
2019,BURGOS,burgos,005,LXIII-732,105,132,skipped,,,,TAMPS_PREDIAL_2019_burgos.txt,1819
2019,BUSTAMANTE,bustamante,006,LXIII-733,133,148,skipped,,,,TAMPS_PREDIAL_2019_bustamante.txt,1096
2019,CAMARGO,camargo,007,LXIII-734,149,173,skipped,,,,TAMPS_PREDIAL_2019_camargo.txt,1140
2019,CASAS,casas,008,LXIII-735,174,198,skipped,,,,TAMPS_PREDIAL_2019_casas.txt,1973
2019,CIUDAD MADERO,ciudad_madero,009,LXIII-736,199,247,skipped,,,,TAMPS_PREDIAL_2019_ciudad_madero.txt,412
2019,CRUILLAS,cruillas,010,LXIII-737,248,266,skipped,,,,TAMPS_PREDIAL_2019_cruillas.txt,1198
2019,EL MANTE,el_mante,021,LXIII-738,267,292,skipped,,,,TAMPS_PREDIAL_2019_el_mante.txt,1323
2019,GÓMEZ FARÍAS,gomez_farias,011,LXIII-739,293,305,skipped,,,,TAMPS_PREDIAL_2019_gomez_farias.txt,1267
2019,GONZÁLEZ,gonzalez,012,LXIII-740,306,335,skipped,,,,TAMPS_PREDIAL_2019_gonzalez.txt,48321
2019,GUERRERO,guerrero,014,LXIII-742,336,359,skipped,,,,TAMPS_PREDIAL_2019_guerrero.txt,2063
2019,GUSTAVO DIAZ ORDAZ,gustavo_diaz_ordaz,015,LXIII-743,360,380,skipped,,,,TAMPS_PREDIAL_2019_gustavo_diaz_ordaz.txt,1166
2019,HIDALGO,hidalgo,016,LXIII-744,381,405,skipped,,,,TAMPS_PREDIAL_2019_hidalgo.txt,1527
2019,JAUMAVE,jaumave,017,LXIII-745,406,421,skipped,,,,TAMPS_PREDIAL_2019_jaumave.txt,1093
2019,JIMÉNEZ,jimenez,018,LXIII-746,422,447,skipped,,,,TAMPS_PREDIAL_2019_jimenez.txt,2509
2019,LLERA,llera,019,LXIII-747,448,462,skipped,,,,TAMPS_PREDIAL_2019_llera.txt,1497
2019,MAINERO,mainero,020,LXIII-748,463,475,skipped,,,,TAMPS_PREDIAL_2019_mainero.txt,2048
2019,MATAMOROS,matamoros,022,LXIII-749,476,500,skipped,,,,TAMPS_PREDIAL_2019_matamoros.txt,2313
2019,MÉNDEZ,mendez,023,LXIII-750,501,524,skipped,,,,TAMPS_PREDIAL_2019_mendez.txt,1934
2019,MIER,mier,024,LXIII-751,525,552,skipped,,,,TAMPS_PREDIAL_2019_mier.txt,1677
2019,MIGUEL ALEMÁN,miguel_aleman,025,LXIII-752,553,577,skipped,,,,TAMPS_PREDIAL_2019_miguel_aleman.txt,1120
2019,MIQUIHUANA,miquihuana,026,LXIII-753,578,595,skipped,,,,TAMPS_PREDIAL_2019_miquihuana.txt,1141
2019,NUEVO LAREDO,nuevo_laredo,027,LXIII-754,596,624,skipped,,,,TAMPS_PREDIAL_2019_nuevo_laredo.txt,2196
2019,NUEVO MORELOS,nuevo_morelos,028,LXIII-755,625,647,skipped,,,,TAMPS_PREDIAL_2019_nuevo_morelos.txt,2029
2019,OCAMPO,ocampo,029,LXIII-756,648,662,skipped,,,,TAMPS_PREDIAL_2019_ocampo.txt,1878
2019,PADILLA,padilla,030,LXIII-757,663,677,skipped,,,,TAMPS_PREDIAL_2019_padilla.txt,1240
2019,PALMILLAS,palmillas,031,LXIII-758,678,697,skipped,,,,TAMPS_PREDIAL_2019_palmillas.txt,1487
2019,REYNOSA,reynosa,032,LXIII-759,698,736,skipped,,,,TAMPS_PREDIAL_2019_reynosa.txt,2761
2019,RÍO BRAVO,rio_bravo,033,LXIII-760,737,775,skipped,,,,TAMPS_PREDIAL_2019_rio_bravo.txt,5290
2019,SAN CARLOS,san_carlos,034,LXIII-761,776,799,skipped,,,,TAMPS_PREDIAL_2019_san_carlos.txt,1814
2019,SAN FERNANDO,san_fernando,035,LXIII-762,800,818,skipped,,,,TAMPS_PREDIAL_2019_san_fernando.txt,2173
2019,SAN NICOLAS,san_nicolas,036,LXIII-763,819,837,skipped,,,,TAMPS_PREDIAL_2019_san_nicolas.txt,1764
2019,SOTO LA MARINA,soto_la_marina,037,LXIII-764,838,865,skipped,,,,TAMPS_PREDIAL_2019_soto_la_marina.txt,1832
2019,TAMPICO,tampico,038,LXIII-765,866,897,skipped,,,,TAMPS_PREDIAL_2019_tampico.txt,3453
2019,TULA,tula,039,LXIII-766,898,912,skipped,,,,TAMPS_PREDIAL_2019_tula.txt,1873
2019,VALLE HERMOSO,valle_hermoso,040,LXIII-767,913,933,skipped,,,,TAMPS_PREDIAL_2019_valle_hermoso.txt,2914
2019,VICTORIA,victoria,041,LXIII-768,934,958,skipped,,,,TAMPS_PREDIAL_2019_victoria.txt,2612
2019,VILLAGRÁN,villagran,042,LXIII-769,959,982,skipped,,,,TAMPS_PREDIAL_2019_villagran.txt,1985
2019,XICOTÉNCATL,xicotencatl,043,LXIII-770,983,1001,skipped,,,,TAMPS_PREDIAL_2019_xicotencatl.txt,1764
2020,ABASOLO,abasolo,001,LXIV-19,2,26,skipped,,,,TAMPS_PREDIAL_2020_abasolo.txt,1954
2020,ALDAMA,aldama,002,LXIV-20,27,48,skipped,,,,TAMPS_PREDIAL_2020_aldama.txt,1802
2020,ALTAMIRA,altamira,003,LXIV-21,49,80,skipped,,,,TAMPS_PREDIAL_2020_altamira.txt,4597
2020,ANTIGUO MORELOS,antiguo_morelos,004,LXIV-22,81,102,skipped,,,,TAMPS_PREDIAL_2020_antiguo_morelos.txt,1869
2020,BURGOS,burgos,005,LXIV-23,103,126,skipped,,,,TAMPS_PREDIAL_2020_burgos.txt,1811
2020,BUSTAMANTE,bustamante,006,LXIV-24,127,140,skipped,,,,TAMPS_PREDIAL_2020_bustamante.txt,1091
2020,CAMARGO,camargo,007,LXIV-25,141,164,skipped,,,,TAMPS_PREDIAL_2020_camargo.txt,1006
2020,CASAS,casas,008,LXIV-26,165,186,skipped,,,,TAMPS_PREDIAL_2020_casas.txt,1805
2020,CIUDAD MADERO,ciudad_madero,009,LXIV-27,187,234,skipped,,,,TAMPS_PREDIAL_2020_ciudad_madero.txt,416
2020,CRUILLAS,cruillas,010,LXIV-28,235,252,skipped,,,,TAMPS_PREDIAL_2020_cruillas.txt,1182
2020,EL MANTE,el_mante,021,LXIV-29,253,278,skipped,,,,TAMPS_PREDIAL_2020_el_mante.txt,1157
2020,GÓMEZ FARÍAS,gomez_farias,011,LXIV-30,279,294,skipped,,,,TAMPS_PREDIAL_2020_gomez_farias.txt,995
2020,GONZÁLEZ,gonzalez,012,LXIV-31,295,308,skipped,,,,TAMPS_PREDIAL_2020_gonzalez.txt,1743
2020,GÜÉMEZ,guemez,013,LXIV-32,309,322,skipped,,,,TAMPS_PREDIAL_2020_guemez.txt,1082
2020,GUERRERO,guerrero,014,LXIV-33,323,344,skipped,,,,TAMPS_PREDIAL_2020_guerrero.txt,1926
2020,GUSTAVO DÍAZ ORDÁZ,gustavo_diaz_ordaz,015,LXIV-34,345,364,skipped,,,,TAMPS_PREDIAL_2020_gustavo_diaz_ordaz.txt,1163
2020,HIDALGO,hidalgo,016,LXIV-35,365,388,skipped,,,,TAMPS_PREDIAL_2020_hidalgo.txt,1389
2020,JAUMAVE,jaumave,017,LXIV-36,389,404,skipped,,,,TAMPS_PREDIAL_2020_jaumave.txt,1091
2020,JIMÉNEZ,jimenez,018,LXIV-37,405,426,skipped,,,,TAMPS_PREDIAL_2020_jimenez.txt,2346
2020,LLERA,llera,019,LXIV-38,427,440,skipped,,,,TAMPS_PREDIAL_2020_llera.txt,1603
2020,MAINERO,mainero,020,LXIV-39,441,454,skipped,,,,TAMPS_PREDIAL_2020_mainero.txt,2003
2020,MATAMOROS,matamoros,022,LXIV-40,455,478,skipped,,,,TAMPS_PREDIAL_2020_matamoros.txt,2171
2020,MÉNDEZ,mendez,023,LXIV-41,479,500,skipped,,,,TAMPS_PREDIAL_2020_mendez.txt,1910
2020,MIER,mier,024,LXIV-42,501,524,skipped,,,,TAMPS_PREDIAL_2020_mier.txt,1294
2020,MIGUEL ALEMÁN,miguel_aleman,025,LXIV-43,525,548,skipped,,,,TAMPS_PREDIAL_2020_miguel_aleman.txt,1114
2020,MIQUIHUANA,miquihuana,026,LXIV-44,549,564,skipped,,,,TAMPS_PREDIAL_2020_miquihuana.txt,1130
2020,NUEVO LAREDO,nuevo_laredo,027,LXIV-45,565,590,skipped,,,,TAMPS_PREDIAL_2020_nuevo_laredo.txt,1903
2020,NUEVO MORELOS,nuevo_morelos,028,LXIV-46,591,614,skipped,,,,TAMPS_PREDIAL_2020_nuevo_morelos.txt,1986
2020,OCAMPO,ocampo,029,LXIV-47,615,628,skipped,,,,TAMPS_PREDIAL_2020_ocampo.txt,1673
2020,PADILLA,padilla,030,LXIV-48,629,642,skipped,,,,TAMPS_PREDIAL_2020_padilla.txt,1086
2020,PALMILLAS,palmillas,031,LXIV-49,643,660,skipped,,,,TAMPS_PREDIAL_2020_palmillas.txt,1429
2020,REYNOSA,reynosa,032,LXIV-50,661,700,skipped,,,,TAMPS_PREDIAL_2020_reynosa.txt,2702
2020,RÍO BRAVO,rio_bravo,033,LXIV-51,701,740,skipped,,,,TAMPS_PREDIAL_2020_rio_bravo.txt,4393
2020,SAN CARLOS,san_carlos,034,LXIV-52,741,762,skipped,,,,TAMPS_PREDIAL_2020_san_carlos.txt,1923
2020,SAN FERNANDO,san_fernando,035,LXIV-53,763,784,skipped,,,,TAMPS_PREDIAL_2020_san_fernando.txt,2034
2020,SAN NICOLÁS,san_nicolas,036,LXIV-54,785,802,skipped,,,,TAMPS_PREDIAL_2020_san_nicolas.txt,1868
2020,SOTO LA MARINA,soto_la_marina,037,LXIV-55,803,830,skipped,,,,TAMPS_PREDIAL_2020_soto_la_marina.txt,1820
2020,TAMPICO,tampico,038,LXIV-56,831,860,skipped,,,,TAMPS_PREDIAL_2020_tampico.txt,3398
2020,TULA,tula,039,LXIV-57,861,878,skipped,,,,TAMPS_PREDIAL_2020_tula.txt,2175
2020,VALLE HERMOSO,valle_hermoso,040,LXIV-58,879,900,skipped,,,,TAMPS_PREDIAL_2020_valle_hermoso.txt,2909
2020,VICTORIA,victoria,041,LXIV-59,901,923,skipped,,,,TAMPS_PREDIAL_2020_victoria.txt,2405
2020,VILLAGRÁN,villagran,042,LXIV-60,924,948,skipped,,,,TAMPS_PREDIAL_2020_villagran.txt,2093
2020,XICOTÉNCATL,xicotencatl,043,LXIV-61,949,966,skipped,,,,TAMPS_PREDIAL_2020_xicotencatl.txt,1760
2021,ABASOLO,abasolo,001,LXIV-238,2,26,skipped,,,,TAMPS_PREDIAL_2021_abasolo.txt,2129
2021,ALDAMA,aldama,002,LXIV-239,27,51,skipped,,,,TAMPS_PREDIAL_2021_aldama.txt,1818
2021,ALTAMIRA,altamira,003,LXIV-240,52,89,skipped,,,,TAMPS_PREDIAL_2021_altamira.txt,4786
2021,ANTIGUO MORELOS,antiguo_morelos,004,LXIV-241,90,112,skipped,,,,TAMPS_PREDIAL_2021_antiguo_morelos.txt,1892
2021,BURGOS,burgos,005,LXIV-242,113,141,skipped,,,,TAMPS_PREDIAL_2021_burgos.txt,1828
2021,BUSTAMANTE,bustamante,006,LXIV-243,142,158,skipped,,,,TAMPS_PREDIAL_2021_bustamante.txt,1382
2021,CAMARGO,camargo,007,LXIV-244,159,184,skipped,,,,TAMPS_PREDIAL_2021_camargo.txt,1295
2021,CASAS,casas,008,LXIV-245,185,209,skipped,,,,TAMPS_PREDIAL_2021_casas.txt,1835
2021,CIUDAD MADERO,ciudad_madero,009,LXIV-246,210,260,skipped,,,,TAMPS_PREDIAL_2021_ciudad_madero.txt,439
2021,CRUILLAS,cruillas,010,LXIV-247,261,280,skipped,,,,TAMPS_PREDIAL_2021_cruillas.txt,1462
2021,EL MANTE,el_mante,021,LXIV-248,281,311,skipped,,,,TAMPS_PREDIAL_2021_el_mante.txt,1163
2021,GÓMEZ FARÍAS,gomez_farias,011,LXIV-249,312,325,skipped,,,,TAMPS_PREDIAL_2021_gomez_farias.txt,1002
2021,GONZÁLEZ,gonzalez,012,LXIV-250,326,340,skipped,,,,TAMPS_PREDIAL_2021_gonzalez.txt,1666
2021,GÜÉMEZ,guemez,013,LXIV-251,341,357,skipped,,,,TAMPS_PREDIAL_2021_guemez.txt,1093
2021,GUERRERO,guerrero,014,LXIV-252,358,383,skipped,,,,TAMPS_PREDIAL_2021_guerrero.txt,1943
2021,GUSTAVO DIAZ ORDAZ,gustavo_diaz_ordaz,015,LXIV-253,384,406,skipped,,,,TAMPS_PREDIAL_2021_gustavo_diaz_ordaz.txt,1170
2021,HIDALGO,hidalgo,016,LXIV-254,407,431,skipped,,,,TAMPS_PREDIAL_2021_hidalgo.txt,1400
2021,JAUMAVE,jaumave,017,LXIV-255,432,452,skipped,,,,TAMPS_PREDIAL_2021_jaumave.txt,1099
2021,JIMÉNEZ,jimenez,018,LXIV-256,453,477,skipped,,,,TAMPS_PREDIAL_2021_jimenez.txt,2371
2021,LLERA,llera,019,LXIV-257,478,491,skipped,,,,TAMPS_PREDIAL_2021_llera.txt,1505
2021,MAINERO,mainero,020,LXIV-258,492,505,skipped,,,,TAMPS_PREDIAL_2021_mainero.txt,1906
2021,MATAMOROS,matamoros,022,LXIV-259,506,530,skipped,,,,TAMPS_PREDIAL_2021_matamoros.txt,2187
2021,MÉNDEZ,mendez,023,LXIV-260,531,554,skipped,,,,TAMPS_PREDIAL_2021_mendez.txt,1808
2021,MIER,mier,024,LXIV-261,555,581,skipped,,,,TAMPS_PREDIAL_2021_mier.txt,1303
2021,MIGUEL ALEMAN,miguel_aleman,025,LXIV-262,582,606,skipped,,,,TAMPS_PREDIAL_2021_miguel_aleman.txt,1118
2021,MIQUIHUANA,miquihuana,026,LXIV-263,607,620,skipped,,,,TAMPS_PREDIAL_2021_miquihuana.txt,1140
2021,NUEVO LAREDO,nuevo_laredo,027,LXIV-264,621,647,skipped,,,,TAMPS_PREDIAL_2021_nuevo_laredo.txt,2039
2021,NUEVO MORELOS,nuevo_morelos,028,LXIV-265,648,674,skipped,,,,TAMPS_PREDIAL_2021_nuevo_morelos.txt,2318
2021,OCAMPO,ocampo,029,LXIV-266,675,689,skipped,,,,TAMPS_PREDIAL_2021_ocampo.txt,1681
2021,PADILLA,padilla,030,LXIV-267,690,705,skipped,,,,TAMPS_PREDIAL_2021_padilla.txt,1095
2021,PALMILLAS,palmillas,031,LXIV-268,706,724,skipped,,,,TAMPS_PREDIAL_2021_palmillas.txt,1347
2021,REYNOSA,reynosa,032,LXIV-269,725,766,skipped,,,,TAMPS_PREDIAL_2021_reynosa.txt,2884
2021,RÍO BRAVO,rio_bravo,033,LXIV-270,767,808,skipped,,,,TAMPS_PREDIAL_2021_rio_bravo.txt,4666
2021,SAN CARLOS,san_carlos,034,LXIV-271,809,833,skipped,,,,TAMPS_PREDIAL_2021_san_carlos.txt,1811
2021,SAN FERNANDO,san_fernando,035,LXIV-272,834,856,skipped,,,,TAMPS_PREDIAL_2021_san_fernando.txt,2332
2021,SAN NICOLÁS,san_nicolas,036,LXIV-273,857,876,skipped,,,,TAMPS_PREDIAL_2021_san_nicolas.txt,1767
2021,SOTO LA MARINA,soto_la_marina,037,LXIV-274,877,901,skipped,,,,TAMPS_PREDIAL_2021_soto_la_marina.txt,2120
2021,TAMPICO,tampico,038,LXIV-275,902,938,skipped,,,,TAMPS_PREDIAL_2021_tampico.txt,3614
2021,TULA,tula,039,LXIV-276,939,955,skipped,,,,TAMPS_PREDIAL_2021_tula.txt,2072
2021,VALLE HERMOSO,valle_hermoso,040,LXIV-277,956,977,skipped,,,,TAMPS_PREDIAL_2021_valle_hermoso.txt,3097
2021,VICTORIA,victoria,041,LXIV-278,978,1002,skipped,,,,TAMPS_PREDIAL_2021_victoria.txt,2417
2021,VILLAGRÁN,villagran,042,LXIV-279,1003,1028,skipped,,,,TAMPS_PREDIAL_2021_villagran.txt,2282
2021,XICOTÉNCATL,xicotencatl,043,LXIV-280,1029,1049,skipped,,,,TAMPS_PREDIAL_2021_xicotencatl.txt,2041
2022,ABASOLO,abasolo,001,65-54,2,23,skipped,,,,TAMPS_PREDIAL_2022_abasolo.txt,1843
2022,ALDAMA,aldama,002,65-55,24,45,skipped,,,,TAMPS_PREDIAL_2022_aldama.txt,1801
2022,ALTAMIRA,altamira,003,65-56,46,79,skipped,,,,TAMPS_PREDIAL_2022_altamira.txt,4713
2022,ANTIGUO MORELOS,antiguo_morelos,004,65-57,80,98,skipped,,,,TAMPS_PREDIAL_2022_antiguo_morelos.txt,2130
2022,BURGOS,burgos,005,65-58,99,122,skipped,,,,TAMPS_PREDIAL_2022_burgos.txt,1808
2022,BUSTAMANTE,bustamante,006,65-59,123,138,skipped,,,,TAMPS_PREDIAL_2022_bustamante.txt,1089
2022,CAMARGO,camargo,007,65-60,139,161,skipped,,,,TAMPS_PREDIAL_2022_camargo.txt,1005
2022,CASAS,casas,008,65-61,162,183,skipped,,,,TAMPS_PREDIAL_2022_casas.txt,1814
2022,CIUDAD MADERO,ciudad_madero,009,65-62,184,230,skipped,,,,TAMPS_PREDIAL_2022_ciudad_madero.txt,668
2022,CRUILLAS,cruillas,010,65-63,231,248,skipped,,,,TAMPS_PREDIAL_2022_cruillas.txt,1181
2022,EL MANTE,el_mante,021,65-64,249,272,skipped,,,,TAMPS_PREDIAL_2022_el_mante.txt,1153
2022,GÓMEZ FARÍAS,gomez_farias,011,65-65,273,286,skipped,,,,TAMPS_PREDIAL_2022_gomez_farias.txt,1371
2022,GÜÉMEZ,guemez,013,65-66,287,300,skipped,,,,TAMPS_PREDIAL_2022_guemez.txt,1085
2022,GUERRERO,guerrero,014,65-67,301,322,skipped,,,,TAMPS_PREDIAL_2022_guerrero.txt,2206
2022,GUSTAVO DÍAZ ORDAZ,gustavo_diaz_ordaz,015,65-68,323,341,skipped,,,,TAMPS_PREDIAL_2022_gustavo_diaz_ordaz.txt,1160
2022,HIDALGO,hidalgo,016,65-69,342,364,skipped,,,,TAMPS_PREDIAL_2022_hidalgo.txt,1382
2022,JAUMAVE,jaumave,017,65-70,365,384,skipped,,,,TAMPS_PREDIAL_2022_jaumave.txt,1089
2022,JIMÉNEZ,jimenez,018,65-71,385,407,skipped,,,,TAMPS_PREDIAL_2022_jimenez.txt,2344
2022,LLERA,llera,019,65-72,408,422,skipped,,,,TAMPS_PREDIAL_2022_llera.txt,1753
2022,MAINERO,mainero,020,65-73,423,435,skipped,,,,TAMPS_PREDIAL_2022_mainero.txt,1904
2022,MÉNDEZ,mendez,023,65-74,436,457,skipped,,,,TAMPS_PREDIAL_2022_mendez.txt,1794
2022,MIER,mier,024,65-75,458,482,skipped,,,,TAMPS_PREDIAL_2022_mier.txt,1286
2022,MIQUIHUANA,miquihuana,026,65-76,483,495,skipped,,,,TAMPS_PREDIAL_2022_miquihuana.txt,1413
2022,NUEVO MORELOS,nuevo_morelos,028,65-77,496,520,skipped,,,,TAMPS_PREDIAL_2022_nuevo_morelos.txt,2276
2022,PADILLA,padilla,030,65-78,521,536,skipped,,,,TAMPS_PREDIAL_2022_padilla.txt,1351
2022,PALMILLAS,palmillas,031,65-79,537,554,skipped,,,,TAMPS_PREDIAL_2022_palmillas.txt,1331
2022,RÍO BRAVO,rio_bravo,033,65-80,555,592,skipped,,,,TAMPS_PREDIAL_2022_rio_bravo.txt,4643
2022,SAN CARLOS,san_carlos,034,65-81,593,615,skipped,,,,TAMPS_PREDIAL_2022_san_carlos.txt,1804
2022,SAN FERNANDO,san_fernando,035,65-82,616,636,skipped,,,,TAMPS_PREDIAL_2022_san_fernando.txt,2028
2022,SAN NICOLÁS,san_nicolas,036,65-83,637,654,skipped,,,,TAMPS_PREDIAL_2022_san_nicolas.txt,1751
2022,TAMPICO,tampico,038,65-,655,687,skipped,,,,TAMPS_PREDIAL_2022_tampico.txt,3563
2022,TULA,tula,039,65-,688,703,skipped,,,,TAMPS_PREDIAL_2022_tula.txt,1858
2022,VALLE HERMOSO,valle_hermoso,040,65-,704,723,skipped,,,,TAMPS_PREDIAL_2022_valle_hermoso.txt,3168
2022,VILLAGRÁN,villagran,042,65-87,724,745,skipped,,,,TAMPS_PREDIAL_2022_villagran.txt,2244
2022,XICOTÉNCATL,xicotencatl,043,65-88,746,763,skipped,,,,TAMPS_PREDIAL_2022_xicotencatl.txt,2032
2022,GONZÁLEZ,gonzalez,012,65-95,764,777,skipped,,,,TAMPS_PREDIAL_2022_gonzalez.txt,1537
2022,MATAMOROS,matamoros,022,65-96,778,801,skipped,,,,TAMPS_PREDIAL_2022_matamoros.txt,2169
2022,MIGUEL ALEMÁN,miguel_aleman,025,65-97,802,824,skipped,,,,TAMPS_PREDIAL_2022_miguel_aleman.txt,1114
2022,NUEVO LAREDO,nuevo_laredo,027,65-98,825,853,skipped,,,,TAMPS_PREDIAL_2022_nuevo_laredo.txt,2185
2022,OCAMPO,ocampo,029,65-99,854,869,skipped,,,,TAMPS_PREDIAL_2022_ocampo.txt,1758
2022,REYNOSA,reynosa,032,65-100,870,903,skipped,,,,TAMPS_PREDIAL_2022_reynosa.txt,2600
2022,SOTO LA MARINA,soto_la_marina,037,65-101,904,926,skipped,,,,TAMPS_PREDIAL_2022_soto_la_marina.txt,1819
2022,VICTORIA,victoria,041,65-102,927,949,skipped,,,,TAMPS_PREDIAL_2022_victoria.txt,2379
2023,BURGOS,burgos,005,65-436,22,62,skipped,,,,TAMPS_PREDIAL_2023_burgos.txt,1812
2023,BUSTAMANTE,bustamante,006,65-437,63,80,skipped,,,,TAMPS_PREDIAL_2023_bustamante.txt,1096
2023,CRUILLAS,cruillas,010,65-438,81,108,skipped,,,,TAMPS_PREDIAL_2023_cruillas.txt,1284
2023,GÓMEZ FARÍAS,gomez_farias,011,65-439,109,122,skipped,,,,TAMPS_PREDIAL_2023_gomez_farias.txt,1400
2023,GUÉMEZ,guemez,013,65-440,123,138,skipped,,,,TAMPS_PREDIAL_2023_guemez.txt,1098
2023,GUERRERO,guerrero,014,65-441,139,162,skipped,,,,TAMPS_PREDIAL_2023_guerrero.txt,1934
2023,HIDALGO,hidalgo,016,65-442,163,184,skipped,,,,TAMPS_PREDIAL_2023_hidalgo.txt,1404
2023,JIMÉNEZ,jimenez,018,65-443,185,209,skipped,,,,TAMPS_PREDIAL_2023_jimenez.txt,2358
2023,LLERA,llera,019,65-444,210,226,skipped,,,,TAMPS_PREDIAL_2023_llera.txt,1773
2023,MAINERO,mainero,020,65-445,227,242,skipped,,,,TAMPS_PREDIAL_2023_mainero.txt,1906
2023,MÉNDEZ,mendez,023,65-446,243,266,skipped,,,,TAMPS_PREDIAL_2023_mendez.txt,1810
2023,MIER,mier,024,65-447,267,294,skipped,,,,TAMPS_PREDIAL_2023_mier.txt,1516
2023,MIQUIHUANA,miquihuana,026,65-448,295,316,skipped,,,,TAMPS_PREDIAL_2023_miquihuana.txt,1407
2023,NUEVO MORELOS,nuevo_morelos,028,65-449,317,342,skipped,,,,TAMPS_PREDIAL_2023_nuevo_morelos.txt,1997
2023,PADILLA,padilla,030,65-450,343,372,skipped,,,,TAMPS_PREDIAL_2023_padilla.txt,1400
2023,PALMILLAS,palmillas,031,65-451,373,400,skipped,,,,TAMPS_PREDIAL_2023_palmillas.txt,1362
2023,SAN CARLOS,san_carlos,034,65-452,401,442,skipped,,,,TAMPS_PREDIAL_2023_san_carlos.txt,2079
2023,SAN FERNANDO,san_fernando,035,65-453,443,476,skipped,,,,TAMPS_PREDIAL_2023_san_fernando.txt,1753
2023,SAN NICOLÁS,san_nicolas,036,65-454,477,496,skipped,,,,TAMPS_PREDIAL_2023_san_nicolas.txt,2047
2023,VILLAGRÁN,villagran,042,65-455,497,522,skipped,,,,TAMPS_PREDIAL_2023_villagran.txt,2279
2023,MIGUEL ALEMÁN,miguel_aleman,025,65-456,523,546,skipped,,,,TAMPS_PREDIAL_2023_miguel_aleman.txt,1119
2023,OCAMPO,ocampo,029,65-457,547,562,skipped,,,,TAMPS_PREDIAL_2023_ocampo.txt,1762
2023,ABASOLO,abasolo,001,65-458,563,588,skipped,,,,TAMPS_PREDIAL_2023_abasolo.txt,2153
2023,ALDAMA,aldama,002,65-459,589,612,skipped,,,,TAMPS_PREDIAL_2023_aldama.txt,1818
2023,CASAS,casas,008,65-460,613,636,skipped,,,,TAMPS_PREDIAL_2023_casas.txt,1830
2023,SOTO LA MARINA,soto_la_marina,037,65-461,637,660,skipped,,,,TAMPS_PREDIAL_2023_soto_la_marina.txt,1828
2023,RÍO BRAVO,rio_bravo,033,65-462,661,700,skipped,,,,TAMPS_PREDIAL_2023_rio_bravo.txt,4396
2023,ALTAMIRA,altamira,003,65-463,701,738,skipped,,,,TAMPS_PREDIAL_2023_altamira.txt,4768
2023,CAMARGO,camargo,007,65-464,739,762,skipped,,,,TAMPS_PREDIAL_2023_camargo.txt,1300
2023,CIUDAD MADERO,ciudad_madero,009,65-465,763,812,skipped,,,,TAMPS_PREDIAL_2023_ciudad_madero.txt,412
2023,EL MANTE,el_mante,021,65-466,813,838,skipped,,,,TAMPS_PREDIAL_2023_el_mante.txt,1159
2023,JAUMAVE,jaumave,017,65-467,839,858,skipped,,,,TAMPS_PREDIAL_2023_jaumave.txt,1120
2023,MATAMOROS,matamoros,022,65-468,859,886,skipped,,,,TAMPS_PREDIAL_2023_matamoros.txt,2188
2023,NUEVO LAREDO,nuevo_laredo,027,65-469,887,914,skipped,,,,TAMPS_PREDIAL_2023_nuevo_laredo.txt,1938
2023,TAMPICO,tampico,038,65-470,915,952,skipped,,,,TAMPS_PREDIAL_2023_tampico.txt,3855
2023,TULA,tula,039,65-471,953,972,skipped,,,,TAMPS_PREDIAL_2023_tula.txt,2349
2023,XICOTÉNCATL,xicotencatl,043,65-472,973,992,skipped,,,,TAMPS_PREDIAL_2023_xicotencatl.txt,1763
2023,GONZÁLEZ,gonzalez,012,65-484,993,1008,skipped,,,,TAMPS_PREDIAL_2023_gonzalez.txt,1267
2023,GUSTAVO DÍAZ ORDAZ,gustavo_diaz_ordaz,015,65-485,1009,1028,skipped,,,,TAMPS_PREDIAL_2023_gustavo_diaz_ordaz.txt,1175
2023,VALLE HERMOSO,valle_hermoso,040,65-486,1029,1048,skipped,,,,TAMPS_PREDIAL_2023_valle_hermoso.txt,3050
2023,VICTORIA,victoria,041,65-487,1049,1070,skipped,,,,TAMPS_PREDIAL_2023_victoria.txt,2435
2023,REYNOSA,reynosa,032,65-493,1071,1102,skipped,,,,TAMPS_PREDIAL_2023_reynosa.txt,2631
2024,ABASOLO,abasolo,001,65-748,2,29,skipped,,,,TAMPS_PREDIAL_2024_abasolo.txt,1867
2024,ALDAMA,aldama,002,65-749,30,54,skipped,,,,TAMPS_PREDIAL_2024_aldama.txt,2119
2024,ANTIGUO MORELOS,antiguo_morelos,004,65-750,55,77,skipped,,,,TAMPS_PREDIAL_2024_antiguo_morelos.txt,1879
2024,BURGOS,burgos,005,65-751,78,106,skipped,,,,TAMPS_PREDIAL_2024_burgos.txt,2115
2024,BUSTAMANTE,bustamante,006,65-752,107,124,skipped,,,,TAMPS_PREDIAL_2024_bustamante.txt,1102
2024,CAMARGO,camargo,007,65-753,125,150,skipped,,,,TAMPS_PREDIAL_2024_camargo.txt,1016
2024,CASAS,casas,008,65-754,151,177,skipped,,,,TAMPS_PREDIAL_2024_casas.txt,2117
2024,CRUILLAS,cruillas,010,65-755,178,205,skipped,,,,TAMPS_PREDIAL_2024_cruillas.txt,1484
2024,EL MANTE,el_mante,021,65-756,206,232,skipped,,,,TAMPS_PREDIAL_2024_el_mante.txt,1440
2024,GÓMEZ FARÍAS,gomez_farias,011,65-757,233,246,skipped,,,,TAMPS_PREDIAL_2024_gomez_farias.txt,1116
2024,GÜÉMEZ,guemez,013,65-758,247,262,skipped,,,,TAMPS_PREDIAL_2024_guemez.txt,1093
2024,GUERRERO,guerrero,014,65-759,263,287,skipped,,,,TAMPS_PREDIAL_2024_guerrero.txt,1948
2024,HIDALGO,hidalgo,016,65-760,288,312,skipped,,,,TAMPS_PREDIAL_2024_hidalgo.txt,1405
2024,JAUMAVE,jaumave,017,65-761,313,332,skipped,,,,TAMPS_PREDIAL_2024_jaumave.txt,1099
2024,JIMÉNEZ,jimenez,018,65-762,333,357,skipped,,,,TAMPS_PREDIAL_2024_jimenez.txt,2631
2024,LLERA,llera,019,65-763,358,374,skipped,,,,TAMPS_PREDIAL_2024_llera.txt,1501
2024,MAINERO,mainero,020,65-764,375,388,skipped,,,,TAMPS_PREDIAL_2024_mainero.txt,2197
2024,MÉNDEZ,mendez,023,65-765,389,412,skipped,,,,TAMPS_PREDIAL_2024_mendez.txt,1810
2024,MIER,mier,024,65-766,413,441,skipped,,,,TAMPS_PREDIAL_2024_mier.txt,1305
2024,MIQUIHUANA,miquihuana,026,65-767,442,465,skipped,,,,TAMPS_PREDIAL_2024_miquihuana.txt,1138
2024,NUEVO MORELOS,nuevo_morelos,028,65-768,466,491,skipped,,,,TAMPS_PREDIAL_2024_nuevo_morelos.txt,2010
2024,PADILLA,padilla,030,65-769,492,522,skipped,,,,TAMPS_PREDIAL_2024_padilla.txt,1104
2024,PALMILLAS,palmillas,031,65-770,523,551,skipped,,,,TAMPS_PREDIAL_2024_palmillas.txt,1355
2024,SAN CARLOS,san_carlos,034,65-771,552,576,skipped,,,,TAMPS_PREDIAL_2024_san_carlos.txt,1825
2024,SAN NICOLÁS,san_nicolas,036,65-772,577,597,skipped,,,,TAMPS_PREDIAL_2024_san_nicolas.txt,1766
2024,VALLE HERMOSO,valle_hermoso,040,65-773,598,622,skipped,,,,TAMPS_PREDIAL_2024_valle_hermoso.txt,3104
2024,VICTORIA,victoria,041,65-774,623,648,skipped,,,,TAMPS_PREDIAL_2024_victoria.txt,3151
2024,VILLAGRÁN,villagran,042,65-775,649,675,skipped,,,,TAMPS_PREDIAL_2024_villagran.txt,2280
2024,ALTAMIRA,altamira,003,65-787,676,722,skipped,,,,TAMPS_PREDIAL_2024_altamira.txt,4611
2024,CIUDAD MADERO,ciudad_madero,009,65-788,723,776,skipped,,,,TAMPS_PREDIAL_2024_ciudad_madero.txt,401
2024,GONZÁLEZ,gonzalez,012,65-789,777,795,skipped,,,,TAMPS_PREDIAL_2024_gonzalez.txt,1252
2024,GUSTAVO DÍAZ ORDAZ,gustavo_diaz_ordaz,015,65-790,796,814,skipped,,,,TAMPS_PREDIAL_2024_gustavo_diaz_ordaz.txt,1152
2024,MIGUEL ALEMÁN,miguel_aleman,025,65-791,815,840,skipped,,,,TAMPS_PREDIAL_2024_miguel_aleman.txt,1113
2024,NUEVO LAREDO,nuevo_laredo,027,65-792,841,874,skipped,,,,TAMPS_PREDIAL_2024_nuevo_laredo.txt,1480
2024,OCAMPO,ocampo,029,65-793,875,891,skipped,,,,TAMPS_PREDIAL_2024_ocampo.txt,1979
2024,SAN FERNANDO,san_fernando,035,65-794,892,927,skipped,,,,TAMPS_PREDIAL_2024_san_fernando.txt,2252
2024,SOTO LA MARINA,soto_la_marina,037,65-795,928,952,skipped,,,,TAMPS_PREDIAL_2024_soto_la_marina.txt,2027
2024,TAMPICO,tampico,038,65-796,953,992,skipped,,,,TAMPS_PREDIAL_2024_tampico.txt,4001
2024,TULA,tula,039,65-797,993,1012,skipped,,,,TAMPS_PREDIAL_2024_tula.txt,1885
2024,XICOTÉNCATL,xicotencatl,043,65-798,1013,1033,skipped,,,,TAMPS_PREDIAL_2024_xicotencatl.txt,1967
2024,MATAMOROS,matamoros,022,65-799,1034,1062,skipped,,,,TAMPS_PREDIAL_2024_matamoros.txt,262
2024,REYNOSA,reynosa,032,65-800,1063,1101,skipped,,,,TAMPS_PREDIAL_2024_reynosa.txt,2824
2024,RÍO BRAVO,rio_bravo,033,65-801,1102,1143,skipped,,,,TAMPS_PREDIAL_2024_rio_bravo.txt,4566
2025,ABASOLO,abasolo,001,66-78,2,25,skipped,,,,TAMPS_PREDIAL_2025_abasolo.txt,1869
2025,ALDAMA,aldama,002,66-79,26,48,skipped,,,,TAMPS_PREDIAL_2025_aldama.txt,1937
2025,ANTIGUO MORELOS,antiguo_morelos,004,66-80,49,69,skipped,,,,TAMPS_PREDIAL_2025_antiguo_morelos.txt,1996
2025,BUSTAMANTE,bustamante,006,66-81,70,86,skipped,,,,TAMPS_PREDIAL_2025_bustamante.txt,1094
2025,CAMARGO,camargo,007,66-82,87,110,skipped,,,,TAMPS_PREDIAL_2025_camargo.txt,1012
2025,CASAS,casas,008,66-83,111,136,skipped,,,,TAMPS_PREDIAL_2025_casas.txt,1837
2025,CRUILLAS,cruillas,010,66-84,137,165,skipped,,,,TAMPS_PREDIAL_2025_cruillas.txt,1196
2025,GUÉMEZ,guemez,013,66-85,166,181,skipped,,,,TAMPS_PREDIAL_2025_guemez.txt,1097
2025,GUERRERO,guerrero,014,66-86,182,206,skipped,,,,TAMPS_PREDIAL_2025_guerrero.txt,1930
2025,GUSTAVO DÍAZ ORDAZ,gustavo_diaz_ordaz,015,66-87,207,227,skipped,,,,TAMPS_PREDIAL_2025_gustavo_diaz_ordaz.txt,1102
2025,HIDALGO,hidalgo,016,66-88,228,252,skipped,,,,TAMPS_PREDIAL_2025_hidalgo.txt,1404
2025,LLERA,llera,019,66-89,253,268,skipped,,,,TAMPS_PREDIAL_2025_llera.txt,1500
2025,MAINERO,mainero,020,66-90,269,282,skipped,,,,TAMPS_PREDIAL_2025_mainero.txt,1906
2025,MÉNDEZ,mendez,023,66-91,283,306,skipped,,,,TAMPS_PREDIAL_2025_mendez.txt,1815
2025,MIER,mier,024,66-92,307,334,skipped,,,,TAMPS_PREDIAL_2025_mier.txt,1304
2025,MIGUEL ALEMÁN,miguel_aleman,025,66-93,335,359,skipped,,,,TAMPS_PREDIAL_2025_miguel_aleman.txt,1116
2025,MIQUIHUANA,miquihuana,026,66-94,360,383,skipped,,,,TAMPS_PREDIAL_2025_miquihuana.txt,1137
2025,NUEVO MORELOS,nuevo_morelos,028,66-95,384,408,skipped,,,,TAMPS_PREDIAL_2025_nuevo_morelos.txt,2120
2025,PADILLA,padilla,030,66-96,409,438,skipped,,,,TAMPS_PREDIAL_2025_padilla.txt,1104
2025,PALMILLAS,palmillas,031,66-97,439,466,skipped,,,,TAMPS_PREDIAL_2025_palmillas.txt,1460
2025,RÍO BRAVO,rio_bravo,033,66-98,467,505,skipped,,,,TAMPS_PREDIAL_2025_rio_bravo.txt,4477
2025,SAN CARLOS,san_carlos,034,66-99,506,529,skipped,,,,TAMPS_PREDIAL_2025_san_carlos.txt,1823
2025,SAN NICOLÁS,san_nicolas,036,66-100,530,549,skipped,,,,TAMPS_PREDIAL_2025_san_nicolas.txt,1884
2025,TULA,tula,039,66-101,550,569,skipped,,,,TAMPS_PREDIAL_2025_tula.txt,2066
2025,VICTORIA,victoria,041,66-102,570,593,skipped,,,,TAMPS_PREDIAL_2025_victoria.txt,2956
2025,VILLAGRÁN,villagran,042,66-103,594,618,skipped,,,,TAMPS_PREDIAL_2025_villagran.txt,2001
2025,XICOTÉNCATL,xicotencatl,043,66-104,619,639,skipped,,,,TAMPS_PREDIAL_2025_xicotencatl.txt,1760
2025,ALTAMIRA,altamira,003,66-208,640,684,skipped,,,,TAMPS_PREDIAL_2025_altamira.txt,4577
2025,BURGOS,burgos,005,66-209,685,711,skipped,,,,TAMPS_PREDIAL_2025_burgos.txt,1919
2025,CIUDAD MADERO,ciudad_madero,009,66-210,712,763,skipped,,,,TAMPS_PREDIAL_2025_ciudad_madero.txt,438
2025,EL MANTE,el_mante,021,66-211,764,789,skipped,,,,TAMPS_PREDIAL_2025_el_mante.txt,1171
2025,GÓMEZ FARÍAS,gomez_farias,011,66-212,790,810,skipped,,,,TAMPS_PREDIAL_2025_gomez_farias.txt,3310
2025,GONZÁLEZ,gonzalez,012,66-213,811,829,skipped,,,,TAMPS_PREDIAL_2025_gonzalez.txt,1266
2025,JAUMAVE,jaumave,017,66-214,830,848,skipped,,,,TAMPS_PREDIAL_2025_jaumave.txt,1090
2025,JIMÉNEZ,jimenez,018,66-215,849,873,skipped,,,,TAMPS_PREDIAL_2025_jimenez.txt,2360
2025,MATAMOROS,matamoros,022,66-216,874,902,skipped,,,,TAMPS_PREDIAL_2025_matamoros.txt,2170
2025,NUEVO LAREDO,nuevo_laredo,027,66-217,903,937,skipped,,,,TAMPS_PREDIAL_2025_nuevo_laredo.txt,2095
2025,OCAMPO,ocampo,029,66-218,938,954,skipped,,,,TAMPS_PREDIAL_2025_ocampo.txt,1901
2025,REYNOSA,reynosa,032,66-219,955,994,skipped,,,,TAMPS_PREDIAL_2025_reynosa.txt,2610
2025,SAN FERNANDO,san_fernando,035,66-220,995,1030,skipped,,,,TAMPS_PREDIAL_2025_san_fernando.txt,2169
2025,SOTO LA MARINA,soto_la_marina,037,66-221,1031,1055,skipped,,,,TAMPS_PREDIAL_2025_soto_la_marina.txt,1927
2025,TAMPICO,tampico,038,66-222,1056,1093,skipped,,,,TAMPS_PREDIAL_2025_tampico.txt,3940
2025,VALLE HERMOSO,valle_hermoso,040,66-223,1094,1115,skipped,,,,TAMPS_PREDIAL_2025_valle_hermoso.txt,2942
