municipio_slug,municipio_nombre,anio,tipo_esquema,esquema_valido,n_tarifa_rows,n_prog_rows,n_tasa_unica_rows,n_cuota_fija_rows,n_mixta_rows,anomalias,json_path
abasolo,Abasolo,2010,tarifa_millar,True,4,0,0,0,0,,data\tamaulipas\json_predial\2010\TAMPS_PREDIAL_2010_abasolo.json
abasolo,Abasolo,2011,tarifa_millar,True,4,0,0,0,0,,data\tamaulipas\json_predial\2011\TAMPS_PREDIAL_2011_abasolo.json
abasolo,Abasolo,2012,tarifa_millar,True,4,0,0,0,0,,data\tamaulipas\json_predial\2012\TAMPS_PREDIAL_2012_abasolo.json
abasolo,Abasolo,2013,tarifa_millar,True,4,0,0,0,0,,data\tamaulipas\json_predial\2013\TAMPS_PREDIAL_2013_abasolo.json
abasolo,Abasolo,2014,tarifa_millar,True,4,0,0,0,0,,data\tamaulipas\json_predial\2014\TAMPS_PREDIAL_2014_abasolo.json
abasolo,Abasolo,2015,tarifa_millar,True,4,0,0,0,0,,data\tamaulipas\json_predial\2015\TAMPS_PREDIAL_2015_abasolo.json
abasolo,Abasolo,2016,tarifa_millar,True,4,0,0,0,0,,data\tamaulipas\json_predial\2016\TAMPS_PREDIAL_2016_abasolo.json
abasolo,Abasolo,2017,tarifa_millar,True,4,0,0,0,0,,data\tamaulipas\json_predial\2017\TAMPS_PREDIAL_2017_abasolo.json
abasolo,Abasolo,2018,tarifa_millar,True,4,0,0,0,0,,data\tamaulipas\json_predial\2018\TAMPS_PREDIAL_2018_abasolo.json
abasolo,Abasolo,2019,tarifa_millar,True,4,0,0,0,0,,data\tamaulipas\json_predial\2019\TAMPS_PREDIAL_2019_abasolo.json
abasolo,Abasolo,2020,tarifa_millar,True,4,0,0,0,0,,data\tamaulipas\json_predial\2020\TAMPS_PREDIAL_2020_abasolo.json
abasolo,Abasolo,2021,tarifa_millar,True,4,0,0,0,0,,data\tamaulipas\json_predial\2021\TAMPS_PREDIAL_2021_abasolo.json
abasolo,Abasolo,2022,tarifa_millar,True,4,0,0,0,0,,data\tamaulipas\json_predial\2022\TAMPS_PREDIAL_2022_abasolo.json
abasolo,Abasolo,2023,tarifa_millar,True,4,0,0,0,0,,data\tamaulipas\json_predial\2023\TAMPS_PREDIAL_2023_abasolo.json
abasolo,Abasolo,2024,tarifa_millar,True,4,0,0,0,0,,data\tamaulipas\json_predial\2024\TAMPS_PREDIAL_2024_abasolo.json
abasolo,Abasolo,2025,tarifa_millar,True,4,0,0,0,0,,data\tamaulipas\json_predial\2025\TAMPS_PREDIAL_2025_abasolo.json
abasolo_la_sexagesima_segunda_legislatura_del_congreso_constitucional_del_estado_libre_y_soberano_de,Abasolo La Sexagesima Segunda Legislatura Del Congreso Constitucional Del Estado Libre Y Soberano De,2015,desconocido,False,0,0,0,0,0,,data\tamaulipas\json_predial\2015\TAMPS_PREDIAL_2015_abasolo_la_sexagesima_segunda_legislatura_del_congreso_constitucional_del_estado_libre_y_soberano_de.json
aldama,Aldama,2010,tarifa_millar,True,4,0,0,0,0,,data\tamaulipas\json_predial\2010\TAMPS_PREDIAL_2010_aldama.json
aldama,Aldama,2011,tarifa_millar,True,4,0,0,0,0,,data\tamaulipas\json_predial\2011\TAMPS_PREDIAL_2011_aldama.json
aldama,Aldama,2012,tarifa_millar,True,4,0,0,0,0,,data\tamaulipas\json_predial\2012\TAMPS_PREDIAL_2012_aldama.json
aldama,Aldama,2013,tarifa_millar,True,4,0,0,0,0,,data\tamaulipas\json_predial\2013\TAMPS_PREDIAL_2013_aldama.json
aldama,Aldama,2014,tarifa_millar,True,5,0,0,0,0,,data\tamaulipas\json_predial\2014\TAMPS_PREDIAL_2014_aldama.json
aldama,Aldama,2015,tarifa_millar,True,5,0,0,0,0,,data\tamaulipas\json_predial\2015\TAMPS_PREDIAL_2015_aldama.json
aldama,Aldama,2016,tarifa_millar,True,5,0,0,0,0,,data\tamaulipas\json_predial\2016\TAMPS_PREDIAL_2016_aldama.json
aldama,Aldama,2017,tarifa_millar,True,5,0,0,0,0,,data\tamaulipas\json_predial\2017\TAMPS_PREDIAL_2017_aldama.json
aldama,Aldama,2018,tarifa_millar,True,5,0,0,0,0,,data\tamaulipas\json_predial\2018\TAMPS_PREDIAL_2018_aldama.json
aldama,Aldama,2019,tarifa_millar,True,5,0,0,0,0,,data\tamaulipas\json_predial\2019\TAMPS_PREDIAL_2019_aldama.json
aldama,Aldama,2020,tarifa_millar,True,5,0,0,0,0,,data\tamaulipas\json_predial\2020\TAMPS_PREDIAL_2020_aldama.json
aldama,Aldama,2021,tarifa_millar,True,5,0,0,0,0,,data\tamaulipas\json_predial\2021\TAMPS_PREDIAL_2021_aldama.json
aldama,Aldama,2022,tarifa_millar,True,5,0,0,0,0,,data\tamaulipas\json_predial\2022\TAMPS_PREDIAL_2022_aldama.json
aldama,Aldama,2023,tarifa_millar,True,5,0,0,0,0,,data\tamaulipas\json_predial\2023\TAMPS_PREDIAL_2023_aldama.json
aldama,Aldama,2024,tarifa_millar,True,5,0,0,0,0,,data\tamaulipas\json_predial\2024\TAMPS_PREDIAL_2024_aldama.json
aldama,Aldama,2025,tarifa_millar,True,5,0,0,0,0,,data\tamaulipas\json_predial\2025\TAMPS_PREDIAL_2025_aldama.json
altamira,Altamira,2010,progresivo,True,1,9,0,0,0,tipo_progresivo_con_tabla_tarifa_no_vacia,data\tamaulipas\json_predial\2010\TAMPS_PREDIAL_2010_altamira.json
altamira,Altamira,2011,progresivo,True,1,9,0,0,0,tipo_progresivo_con_tabla_tarifa_no_vacia,data\tamaulipas\json_predial\2011\TAMPS_PREDIAL_2011_altamira.json
altamira,Altamira,2012,mixto,True,1,0,0,0,9,cambio_brusco_n_filas_10_a_1|cambio_esquema_progresivo_a_mixto_desde_2011|mixta_row1_columnas_vacias|mixta_row2_columnas_vacias|mixta_row3_columnas_vacias|mixta_row4_columnas_vacias|mixta_row5_columnas_vacias|mixta_row6_columnas_vacias|mixta_row7_columnas_vacias|mixta_row8_columnas_vacias|mixta_row9_columnas_vacias,data\tamaulipas\json_predial\2012\TAMPS_PREDIAL_2012_altamira.json
altamira,Altamira,2013,progresivo,True,1,9,0,0,0,cambio_brusco_n_filas_1_a_10|cambio_esquema_mixto_a_progresivo_desde_2012|tipo_progresivo_con_tabla_tarifa_no_vacia,data\tamaulipas\json_predial\2013\TAMPS_PREDIAL_2013_altamira.json
altamira,Altamira,2014,mixto,True,1,0,0,0,9,cambio_brusco_n_filas_10_a_1|cambio_esquema_progresivo_a_mixto_desde_2013|mixta_row1_columnas_vacias|mixta_row2_columnas_vacias|mixta_row3_columnas_vacias|mixta_row4_columnas_vacias|mixta_row5_columnas_vacias|mixta_row6_columnas_vacias|mixta_row7_columnas_vacias|mixta_row8_columnas_vacias|mixta_row9_columnas_vacias,data\tamaulipas\json_predial\2014\TAMPS_PREDIAL_2014_altamira.json
altamira,Altamira,2015,mixto,True,1,0,0,0,9,mixta_row1_columnas_vacias|mixta_row2_columnas_vacias|mixta_row3_columnas_vacias|mixta_row4_columnas_vacias|mixta_row5_columnas_vacias|mixta_row6_columnas_vacias|mixta_row7_columnas_vacias|mixta_row8_columnas_vacias|mixta_row9_columnas_vacias,data\tamaulipas\json_predial\2015\TAMPS_PREDIAL_2015_altamira.json
altamira,Altamira,2016,mixto,True,1,0,0,0,9,mixta_row1_columnas_vacias|mixta_row2_columnas_vacias|mixta_row3_columnas_vacias|mixta_row4_columnas_vacias|mixta_row5_columnas_vacias|mixta_row6_columnas_vacias|mixta_row7_columnas_vacias|mixta_row8_columnas_vacias|mixta_row9_columnas_vacias,data\tamaulipas\json_predial\2016\TAMPS_PREDIAL_2016_altamira.json
altamira,Altamira,2017,progresivo,True,1,9,0,0,0,cambio_brusco_n_filas_1_a_10|cambio_esquema_mixto_a_progresivo_desde_2016|tipo_progresivo_con_tabla_tarifa_no_vacia,data\tamaulipas\json_predial\2017\TAMPS_PREDIAL_2017_altamira.json
altamira,Altamira,2018,mixto,True,1,0,0,0,9,cambio_brusco_n_filas_10_a_1|cambio_esquema_progresivo_a_mixto_desde_2017|mixta_row1_columnas_vacias|mixta_row2_columnas_vacias|mixta_row3_columnas_vacias|mixta_row4_columnas_vacias|mixta_row5_columnas_vacias|mixta_row6_columnas_vacias|mixta_row7_columnas_vacias|mixta_row8_columnas_vacias|mixta_row9_columnas_vacias,data\tamaulipas\json_predial\2018\TAMPS_PREDIAL_2018_altamira.json
altamira,Altamira,2019,progresivo,True,1,9,0,0,0,cambio_brusco_n_filas_1_a_10|cambio_esquema_mixto_a_progresivo_desde_2018|tipo_progresivo_con_tabla_tarifa_no_vacia,data\tamaulipas\json_predial\2019\TAMPS_PREDIAL_2019_altamira.json
altamira,Altamira,2020,mixto,True,1,0,0,0,9,cambio_brusco_n_filas_10_a_1|cambio_esquema_progresivo_a_mixto_desde_2019|mixta_row1_columnas_vacias|mixta_row2_columnas_vacias|mixta_row3_columnas_vacias|mixta_row4_columnas_vacias|mixta_row5_columnas_vacias|mixta_row6_columnas_vacias|mixta_row7_columnas_vacias|mixta_row8_columnas_vacias|mixta_row9_columnas_vacias,data\tamaulipas\json_predial\2020\TAMPS_PREDIAL_2020_altamira.json
altamira,Altamira,2021,progresivo,True,1,9,0,0,0,cambio_brusco_n_filas_1_a_10|cambio_esquema_mixto_a_progresivo_desde_2020|tipo_progresivo_con_tabla_tarifa_no_vacia,data\tamaulipas\json_predial\2021\TAMPS_PREDIAL_2021_altamira.json
altamira,Altamira,2022,mixto,True,1,0,0,0,9,cambio_brusco_n_filas_10_a_1|cambio_esquema_progresivo_a_mixto_desde_2021|mixta_row1_columnas_vacias|mixta_row2_columnas_vacias|mixta_row3_columnas_vacias|mixta_row4_columnas_vacias|mixta_row5_columnas_vacias|mixta_row6_columnas_vacias|mixta_row7_columnas_vacias|mixta_row8_columnas_vacias|mixta_row9_columnas_vacias,data\tamaulipas\json_predial\2022\TAMPS_PREDIAL_2022_altamira.json
altamira,Altamira,2023,progresivo,True,1,9,0,0,0,cambio_brusco_n_filas_1_a_10|cambio_esquema_mixto_a_progresivo_desde_2022|tipo_progresivo_con_tabla_tarifa_no_vacia,data\tamaulipas\json_predial\2023\TAMPS_PREDIAL_2023_altamira.json
altamira,Altamira,2024,mixto,True,1,0,0,0,9,cambio_brusco_n_filas_10_a_1|cambio_esquema_progresivo_a_mixto_desde_2023|mixta_row1_columnas_vacias|mixta_row2_columnas_vacias|mixta_row3_columnas_vacias|mixta_row4_columnas_vacias|mixta_row5_columnas_vacias|mixta_row6_columnas_vacias|mixta_row7_columnas_vacias|mixta_row8_columnas_vacias|mixta_row9_columnas_vacias,data\tamaulipas\json_predial\2024\TAMPS_PREDIAL_2024_altamira.json
altamira,Altamira,2025,mixto,True,1,0,0,0,9,mixta_row1_columnas_vacias|mixta_row2_columnas_vacias|mixta_row3_columnas_vacias|mixta_row4_columnas_vacias|mixta_row5_columnas_vacias|mixta_row6_columnas_vacias|mixta_row7_columnas_vacias|mixta_row8_columnas_vacias|mixta_row9_columnas_vacias,data\tamaulipas\json_predial\2025\TAMPS_PREDIAL_2025_altamira.json
antiguo_morelos,Antiguo Morelos,2010,tarifa_millar,True,2,0,0,0,0,,data\tamaulipas\json_predial\2010\TAMPS_PREDIAL_2010_antiguo_morelos.json
antiguo_morelos,Antiguo Morelos,2011,tarifa_millar,True,2,0,0,0,0,,data\tamaulipas\json_predial\2011\TAMPS_PREDIAL_2011_antiguo_morelos.json
antiguo_morelos,Antiguo Morelos,2012,tarifa_millar,True,4,0,0,0,0,,data\tamaulipas\json_predial\2012\TAMPS_PREDIAL_2012_antiguo_morelos.json
antiguo_morelos,Antiguo Morelos,2013,tarifa_millar,True,2,0,0,0,0,,data\tamaulipas\json_predial\2013\TAMPS_PREDIAL_2013_antiguo_morelos.json
antiguo_morelos,Antiguo Morelos,2014,tarifa_millar,True,2,0,0,0,0,,data\tamaulipas\json_predial\2014\TAMPS_PREDIAL_2014_antiguo_morelos.json
antiguo_morelos,Antiguo Morelos,2015,tarifa_millar,True,2,0,0,0,0,,data\tamaulipas\json_predial\2015\TAMPS_PREDIAL_2015_antiguo_morelos.json
antiguo_morelos,Antiguo Morelos,2016,tarifa_millar,True,2,0,0,0,0,,data\tamaulipas\json_predial\2016\TAMPS_PREDIAL_2016_antiguo_morelos.json
antiguo_morelos,Antiguo Morelos,2017,tarifa_millar,True,2,0,0,0,0,,data\tamaulipas\json_predial\2017\TAMPS_PREDIAL_2017_antiguo_morelos.json
antiguo_morelos,Antiguo Morelos,2018,tarifa_millar,True,2,0,0,0,0,,data\tamaulipas\json_predial\2018\TAMPS_PREDIAL_2018_antiguo_morelos.json
antiguo_morelos,Antiguo Morelos,2019,tarifa_millar,True,2,0,0,0,0,,data\tamaulipas\json_predial\2019\TAMPS_PREDIAL_2019_antiguo_morelos.json
antiguo_morelos,Antiguo Morelos,2020,tarifa_millar,True,2,0,0,0,0,,data\tamaulipas\json_predial\2020\TAMPS_PREDIAL_2020_antiguo_morelos.json
antiguo_morelos,Antiguo Morelos,2021,tarifa_millar,True,2,0,0,0,0,,data\tamaulipas\json_predial\2021\TAMPS_PREDIAL_2021_antiguo_morelos.json
antiguo_morelos,Antiguo Morelos,2022,tarifa_millar,True,2,0,0,0,0,,data\tamaulipas\json_predial\2022\TAMPS_PREDIAL_2022_antiguo_morelos.json
antiguo_morelos,Antiguo Morelos,2024,tarifa_millar,True,2,0,0,0,0,,data\tamaulipas\json_predial\2024\TAMPS_PREDIAL_2024_antiguo_morelos.json
antiguo_morelos,Antiguo Morelos,2025,tarifa_millar,True,2,0,0,0,0,,data\tamaulipas\json_predial\2025\TAMPS_PREDIAL_2025_antiguo_morelos.json
burgos,Burgos,2010,tarifa_millar,True,2,0,0,0,0,,data\tamaulipas\json_predial\2010\TAMPS_PREDIAL_2010_burgos.json
burgos,Burgos,2011,tarifa_millar,True,2,0,0,0,0,,data\tamaulipas\json_predial\2011\TAMPS_PREDIAL_2011_burgos.json
burgos,Burgos,2012,tarifa_millar,True,2,0,0,0,0,,data\tamaulipas\json_predial\2012\TAMPS_PREDIAL_2012_burgos.json
burgos,Burgos,2013,tarifa_millar,True,2,0,0,0,0,,data\tamaulipas\json_predial\2013\TAMPS_PREDIAL_2013_burgos.json
burgos,Burgos,2014,tarifa_millar,True,5,0,0,0,0,cambio_brusco_n_filas_2_a_5,data\tamaulipas\json_predial\2014\TAMPS_PREDIAL_2014_burgos.json
burgos,Burgos,2015,tarifa_millar,True,5,0,0,0,0,,data\tamaulipas\json_predial\2015\TAMPS_PREDIAL_2015_burgos.json
burgos,Burgos,2016,tarifa_millar,True,5,0,0,0,0,,data\tamaulipas\json_predial\2016\TAMPS_PREDIAL_2016_burgos.json
burgos,Burgos,2017,tarifa_millar,True,5,0,0,0,0,,data\tamaulipas\json_predial\2017\TAMPS_PREDIAL_2017_burgos.json
burgos,Burgos,2018,tarifa_millar,True,5,0,0,0,0,,data\tamaulipas\json_predial\2018\TAMPS_PREDIAL_2018_burgos.json
burgos,Burgos,2019,tarifa_millar,True,5,0,0,0,0,,data\tamaulipas\json_predial\2019\TAMPS_PREDIAL_2019_burgos.json
burgos,Burgos,2020,tarifa_millar,True,5,0,0,0,0,,data\tamaulipas\json_predial\2020\TAMPS_PREDIAL_2020_burgos.json
burgos,Burgos,2021,tarifa_millar,True,5,0,0,0,0,,data\tamaulipas\json_predial\2021\TAMPS_PREDIAL_2021_burgos.json
burgos,Burgos,2022,tarifa_millar,True,5,0,0,0,0,,data\tamaulipas\json_predial\2022\TAMPS_PREDIAL_2022_burgos.json
burgos,Burgos,2023,tarifa_millar,True,5,0,0,0,0,,data\tamaulipas\json_predial\2023\TAMPS_PREDIAL_2023_burgos.json
burgos,Burgos,2024,tarifa_millar,True,5,0,0,0,0,,data\tamaulipas\json_predial\2024\TAMPS_PREDIAL_2024_burgos.json
burgos,Burgos,2025,tarifa_millar,True,5,0,0,0,0,,data\tamaulipas\json_predial\2025\TAMPS_PREDIAL_2025_burgos.json
bustamante,Bustamante,2010,tarifa_millar,True,4,0,0,0,0,,data\tamaulipas\json_predial\2010\TAMPS_PREDIAL_2010_bustamante.json
bustamante,Bustamante,2011,tarifa_millar,True,4,0,0,0,0,,data\tamaulipas\json_predial\2011\TAMPS_PREDIAL_2011_bustamante.json
bustamante,Bustamante,2012,tarifa_millar,True,4,0,0,0,0,,data\tamaulipas\json_predial\2012\TAMPS_PREDIAL_2012_bustamante.json
bustamante,Bustamante,2013,tarifa_millar,True,4,0,0,0,0,,data\tamaulipas\json_predial\2013\TAMPS_PREDIAL_2013_bustamante.json
bustamante,Bustamante,2014,tarifa_millar,True,4,0,0,0,0,,data\tamaulipas\json_predial\2014\TAMPS_PREDIAL_2014_bustamante.json
bustamante,Bustamante,2015,tarifa_millar,True,4,0,0,0,0,,data\tamaulipas\json_predial\2015\TAMPS_PREDIAL_2015_bustamante.json
bustamante,Bustamante,2016,tarifa_millar,True,4,0,0,0,0,,data\tamaulipas\json_predial\2016\TAMPS_PREDIAL_2016_bustamante.json
bustamante,Bustamante,2017,tarifa_millar,True,4,0,0,0,0,,data\tamaulipas\json_predial\2017\TAMPS_PREDIAL_2017_bustamante.json
bustamante,Bustamante,2018,tarifa_millar,True,4,0,0,0,0,,data\tamaulipas\json_predial\2018\TAMPS_PREDIAL_2018_bustamante.json
bustamante,Bustamante,2019,tarifa_millar,True,4,0,0,0,0,,data\tamaulipas\json_predial\2019\TAMPS_PREDIAL_2019_bustamante.json
bustamante,Bustamante,2020,tarifa_millar,True,4,0,0,0,0,,data\tamaulipas\json_predial\2020\TAMPS_PREDIAL_2020_bustamante.json
bustamante,Bustamante,2021,tarifa_millar,True,4,0,0,0,0,,data\tamaulipas\json_predial\2021\TAMPS_PREDIAL_2021_bustamante.json
bustamante,Bustamante,2022,tarifa_millar,True,4,0,0,0,0,,data\tamaulipas\json_predial\2022\TAMPS_PREDIAL_2022_bustamante.json
bustamante,Bustamante,2023,tarifa_millar,True,4,0,0,0,0,,data\tamaulipas\json_predial\2023\TAMPS_PREDIAL_2023_bustamante.json
bustamante,Bustamante,2024,tarifa_millar,True,4,0,0,0,0,,data\tamaulipas\json_predial\2024\TAMPS_PREDIAL_2024_bustamante.json
bustamante,Bustamante,2025,tarifa_millar,True,4,0,0,0,0,,data\tamaulipas\json_predial\2025\TAMPS_PREDIAL_2025_bustamante.json
camargo,Camargo,2010,tarifa_millar,True,2,0,0,0,0,,data\tamaulipas\json_predial\2010\TAMPS_PREDIAL_2010_camargo.json
camargo,Camargo,2011,tarifa_millar,True,2,0,0,0,0,,data\tamaulipas\json_predial\2011\TAMPS_PREDIAL_2011_camargo.json
camargo,Camargo,2012,tarifa_millar,True,3,0,0,0,0,,data\tamaulipas\json_predial\2012\TAMPS_PREDIAL_2012_camargo.json
camargo,Camargo,2013,tarifa_millar,True,2,0,0,0,0,,data\tamaulipas\json_predial\2013\TAMPS_PREDIAL_2013_camargo.json
camargo,Camargo,2014,tarifa_millar,True,3,0,0,0,0,,data\tamaulipas\json_predial\2014\TAMPS_PREDIAL_2014_camargo.json
camargo,Camargo,2015,tarifa_millar,True,2,0,0,0,0,,data\tamaulipas\json_predial\2015\TAMPS_PREDIAL_2015_camargo.json
camargo,Camargo,2016,tarifa_millar,True,2,0,0,0,0,,data\tamaulipas\json_predial\2016\TAMPS_PREDIAL_2016_camargo.json
camargo,Camargo,2017,tarifa_millar,True,2,0,0,0,0,,data\tamaulipas\json_predial\2017\TAMPS_PREDIAL_2017_camargo.json
camargo,Camargo,2018,tarifa_millar,True,2,0,0,0,0,,data\tamaulipas\json_predial\2018\TAMPS_PREDIAL_2018_camargo.json
camargo,Camargo,2019,tarifa_millar,True,3,0,0,0,0,,data\tamaulipas\json_predial\2019\TAMPS_PREDIAL_2019_camargo.json
camargo,Camargo,2020,tarifa_millar,True,3,0,0,0,0,,data\tamaulipas\json_predial\2020\TAMPS_PREDIAL_2020_camargo.json
camargo,Camargo,2021,tarifa_millar,True,2,0,0,0,0,,data\tamaulipas\json_predial\2021\TAMPS_PREDIAL_2021_camargo.json
camargo,Camargo,2022,tarifa_millar,True,2,0,0,0,0,,data\tamaulipas\json_predial\2022\TAMPS_PREDIAL_2022_camargo.json
camargo,Camargo,2023,tarifa_millar,True,2,0,0,0,0,,data\tamaulipas\json_predial\2023\TAMPS_PREDIAL_2023_camargo.json
camargo,Camargo,2024,tarifa_millar,True,3,0,0,0,0,,data\tamaulipas\json_predial\2024\TAMPS_PREDIAL_2024_camargo.json
camargo,Camargo,2025,tarifa_millar,True,2,0,0,0,0,,data\tamaulipas\json_predial\2025\TAMPS_PREDIAL_2025_camargo.json
casas,Casas,2010,tarifa_millar,True,2,0,0,0,0,,data\tamaulipas\json_predial\2010\TAMPS_PREDIAL_2010_casas.json
casas,Casas,2011,tarifa_millar,True,2,0,0,0,0,,data\tamaulipas\json_predial\2011\TAMPS_PREDIAL_2011_casas.json
casas,Casas,2012,tarifa_millar,True,2,0,0,0,0,,data\tamaulipas\json_predial\2012\TAMPS_PREDIAL_2012_casas.json
casas,Casas,2013,tarifa_millar,True,2,0,0,0,0,,data\tamaulipas\json_predial\2013\TAMPS_PREDIAL_2013_casas.json
casas,Casas,2014,tarifa_millar,True,5,0,0,0,0,cambio_brusco_n_filas_2_a_5,data\tamaulipas\json_predial\2014\TAMPS_PREDIAL_2014_casas.json
casas,Casas,2015,tarifa_millar,True,5,0,0,0,0,,data\tamaulipas\json_predial\2015\TAMPS_PREDIAL_2015_casas.json
casas,Casas,2016,tarifa_millar,True,5,0,0,0,0,,data\tamaulipas\json_predial\2016\TAMPS_PREDIAL_2016_casas.json
casas,Casas,2017,tarifa_millar,True,5,0,0,0,0,,data\tamaulipas\json_predial\2017\TAMPS_PREDIAL_2017_casas.json
casas,Casas,2018,tarifa_millar,True,5,0,0,0,0,,data\tamaulipas\json_predial\2018\TAMPS_PREDIAL_2018_casas.json
casas,Casas,2019,tarifa_millar,True,5,0,0,0,0,,data\tamaulipas\json_predial\2019\TAMPS_PREDIAL_2019_casas.json
casas,Casas,2020,tarifa_millar,True,5,0,0,0,0,,data\tamaulipas\json_predial\2020\TAMPS_PREDIAL_2020_casas.json
casas,Casas,2021,tarifa_millar,True,5,0,0,0,0,,data\tamaulipas\json_predial\2021\TAMPS_PREDIAL_2021_casas.json
casas,Casas,2022,tarifa_millar,True,5,0,0,0,0,,data\tamaulipas\json_predial\2022\TAMPS_PREDIAL_2022_casas.json
casas,Casas,2023,tarifa_millar,True,5,0,0,0,0,,data\tamaulipas\json_predial\2023\TAMPS_PREDIAL_2023_casas.json
casas,Casas,2024,tarifa_millar,True,5,0,0,0,0,,data\tamaulipas\json_predial\2024\TAMPS_PREDIAL_2024_casas.json
casas,Casas,2025,tarifa_millar,True,5,0,0,0,0,,data\tamaulipas\json_predial\2025\TAMPS_PREDIAL_2025_casas.json
ciudad_madero,Ciudad Madero,2010,progresivo,True,0,7,0,0,0,,data\tamaulipas\json_predial\2010\TAMPS_PREDIAL_2010_ciudad_madero.json
ciudad_madero,Ciudad Madero,2011,progresivo,True,0,7,0,0,0,,data\tamaulipas\json_predial\2011\TAMPS_PREDIAL_2011_ciudad_madero.json
ciudad_madero,Ciudad Madero,2012,progresivo,True,0,7,0,0,0,,data\tamaulipas\json_predial\2012\TAMPS_PREDIAL_2012_ciudad_madero.json
ciudad_madero,Ciudad Madero,2013,progresivo,True,0,7,0,0,0,,data\tamaulipas\json_predial\2013\TAMPS_PREDIAL_2013_ciudad_madero.json
ciudad_madero,Ciudad Madero,2014,progresivo,True,0,7,0,0,0,,data\tamaulipas\json_predial\2014\TAMPS_PREDIAL_2014_ciudad_madero.json
ciudad_madero,Ciudad Madero,2015,progresivo,True,0,7,0,0,0,,data\tamaulipas\json_predial\2015\TAMPS_PREDIAL_2015_ciudad_madero.json
ciudad_madero,Ciudad Madero,2016,progresivo,True,0,7,0,0,0,,data\tamaulipas\json_predial\2016\TAMPS_PREDIAL_2016_ciudad_madero.json
ciudad_madero,Ciudad Madero,2017,progresivo,True,0,7,0,0,0,,data\tamaulipas\json_predial\2017\TAMPS_PREDIAL_2017_ciudad_madero.json
ciudad_madero,Ciudad Madero,2018,progresivo,True,0,7,0,0,0,,data\tamaulipas\json_predial\2018\TAMPS_PREDIAL_2018_ciudad_madero.json
ciudad_madero,Ciudad Madero,2019,progresivo,True,1,9,0,0,0,tipo_progresivo_con_tabla_tarifa_no_vacia,data\tamaulipas\json_predial\2019\TAMPS_PREDIAL_2019_ciudad_madero.json
ciudad_madero,Ciudad Madero,2020,progresivo,True,1,7,0,0,0,tipo_progresivo_con_tabla_tarifa_no_vacia,data\tamaulipas\json_predial\2020\TAMPS_PREDIAL_2020_ciudad_madero.json
ciudad_madero,Ciudad Madero,2021,progresivo,True,0,7,0,0,0,,data\tamaulipas\json_predial\2021\TAMPS_PREDIAL_2021_ciudad_madero.json
ciudad_madero,Ciudad Madero,2022,progresivo,True,0,7,0,0,0,,data\tamaulipas\json_predial\2022\TAMPS_PREDIAL_2022_ciudad_madero.json
ciudad_madero,Ciudad Madero,2023,progresivo,True,0,7,0,0,0,,data\tamaulipas\json_predial\2023\TAMPS_PREDIAL_2023_ciudad_madero.json
ciudad_madero,Ciudad Madero,2024,progresivo,True,0,7,0,0,0,,data\tamaulipas\json_predial\2024\TAMPS_PREDIAL_2024_ciudad_madero.json
ciudad_madero,Ciudad Madero,2025,progresivo,True,0,7,0,0,0,,data\tamaulipas\json_predial\2025\TAMPS_PREDIAL_2025_ciudad_madero.json
cruillas,Cruillas,2010,tasa_unica,True,0,0,1,0,0,,data\tamaulipas\json_predial\2010\TAMPS_PREDIAL_2010_cruillas.json
cruillas,Cruillas,2011,tarifa_millar,True,1,0,0,0,0,cambio_esquema_tasa_unica_a_tarifa_millar_desde_2010,data\tamaulipas\json_predial\2011\TAMPS_PREDIAL_2011_cruillas.json
cruillas,Cruillas,2012,tasa_unica,True,0,0,1,0,0,cambio_esquema_tarifa_millar_a_tasa_unica_desde_2011,data\tamaulipas\json_predial\2012\TAMPS_PREDIAL_2012_cruillas.json
cruillas,Cruillas,2013,tarifa_millar,True,1,0,0,0,0,cambio_esquema_tasa_unica_a_tarifa_millar_desde_2012,data\tamaulipas\json_predial\2013\TAMPS_PREDIAL_2013_cruillas.json
cruillas,Cruillas,2014,tarifa_millar,True,2,0,0,0,0,,data\tamaulipas\json_predial\2014\TAMPS_PREDIAL_2014_cruillas.json
cruillas,Cruillas,2015,tasa_unica,True,0,0,2,0,0,cambio_esquema_tarifa_millar_a_tasa_unica_desde_2014,data\tamaulipas\json_predial\2015\TAMPS_PREDIAL_2015_cruillas.json
cruillas,Cruillas,2016,tasa_unica,True,0,0,1,0,0,,data\tamaulipas\json_predial\2016\TAMPS_PREDIAL_2016_cruillas.json
cruillas,Cruillas,2017,tarifa_millar,True,2,0,0,0,0,cambio_esquema_tasa_unica_a_tarifa_millar_desde_2016,data\tamaulipas\json_predial\2017\TAMPS_PREDIAL_2017_cruillas.json
cruillas,Cruillas,2018,tarifa_millar,True,2,0,0,0,0,,data\tamaulipas\json_predial\2018\TAMPS_PREDIAL_2018_cruillas.json
cruillas,Cruillas,2019,tarifa_millar,True,2,0,0,0,0,,data\tamaulipas\json_predial\2019\TAMPS_PREDIAL_2019_cruillas.json
cruillas,Cruillas,2020,tarifa_millar,True,2,0,0,0,0,,data\tamaulipas\json_predial\2020\TAMPS_PREDIAL_2020_cruillas.json
cruillas,Cruillas,2021,tasa_unica,True,0,0,2,0,0,cambio_esquema_tarifa_millar_a_tasa_unica_desde_2020,data\tamaulipas\json_predial\2021\TAMPS_PREDIAL_2021_cruillas.json
cruillas,Cruillas,2022,tasa_unica,True,0,0,1,0,0,,data\tamaulipas\json_predial\2022\TAMPS_PREDIAL_2022_cruillas.json
cruillas,Cruillas,2023,tarifa_millar,True,2,0,0,0,0,cambio_esquema_tasa_unica_a_tarifa_millar_desde_2022,data\tamaulipas\json_predial\2023\TAMPS_PREDIAL_2023_cruillas.json
cruillas,Cruillas,2024,tarifa_millar,True,2,0,0,0,0,,data\tamaulipas\json_predial\2024\TAMPS_PREDIAL_2024_cruillas.json
cruillas,Cruillas,2025,tarifa_millar,True,2,0,0,0,0,,data\tamaulipas\json_predial\2025\TAMPS_PREDIAL_2025_cruillas.json
el_mante,El Mante,2010,tarifa_millar,True,4,0,0,0,0,,data\tamaulipas\json_predial\2010\TAMPS_PREDIAL_2010_el_mante.json
el_mante,El Mante,2011,tarifa_millar,True,4,0,0,0,0,,data\tamaulipas\json_predial\2011\TAMPS_PREDIAL_2011_el_mante.json
el_mante,El Mante,2012,tarifa_millar,True,4,0,0,0,0,,data\tamaulipas\json_predial\2012\TAMPS_PREDIAL_2012_el_mante.json
el_mante,El Mante,2013,tarifa_millar,True,4,0,0,0,0,,data\tamaulipas\json_predial\2013\TAMPS_PREDIAL_2013_el_mante.json
el_mante,El Mante,2014,tarifa_millar,True,4,0,0,0,0,,data\tamaulipas\json_predial\2014\TAMPS_PREDIAL_2014_el_mante.json
el_mante,El Mante,2015,tarifa_millar,True,4,0,0,0,0,,data\tamaulipas\json_predial\2015\TAMPS_PREDIAL_2015_el_mante.json
el_mante,El Mante,2016,tarifa_millar,True,4,0,0,0,0,,data\tamaulipas\json_predial\2016\TAMPS_PREDIAL_2016_el_mante.json
el_mante,El Mante,2017,tarifa_millar,True,4,0,0,0,0,,data\tamaulipas\json_predial\2017\TAMPS_PREDIAL_2017_el_mante.json
el_mante,El Mante,2018,tarifa_millar,True,4,0,0,0,0,,data\tamaulipas\json_predial\2018\TAMPS_PREDIAL_2018_el_mante.json
el_mante,El Mante,2019,tarifa_millar,True,4,0,0,0,0,,data\tamaulipas\json_predial\2019\TAMPS_PREDIAL_2019_el_mante.json
el_mante,El Mante,2020,tarifa_millar,True,4,0,0,0,0,,data\tamaulipas\json_predial\2020\TAMPS_PREDIAL_2020_el_mante.json
el_mante,El Mante,2021,tarifa_millar,True,4,0,0,0,0,,data\tamaulipas\json_predial\2021\TAMPS_PREDIAL_2021_el_mante.json
el_mante,El Mante,2022,tarifa_millar,True,4,0,0,0,0,,data\tamaulipas\json_predial\2022\TAMPS_PREDIAL_2022_el_mante.json
el_mante,El Mante,2023,tarifa_millar,True,4,0,0,0,0,,data\tamaulipas\json_predial\2023\TAMPS_PREDIAL_2023_el_mante.json
el_mante,El Mante,2024,tarifa_millar,True,4,0,0,0,0,,data\tamaulipas\json_predial\2024\TAMPS_PREDIAL_2024_el_mante.json
el_mante,El Mante,2025,tarifa_millar,True,4,0,0,0,0,,data\tamaulipas\json_predial\2025\TAMPS_PREDIAL_2025_el_mante.json
gomez_farias,Gomez Farias,2010,tarifa_millar,True,2,0,0,0,0,,data\tamaulipas\json_predial\2010\TAMPS_PREDIAL_2010_gomez_farias.json
gomez_farias,Gomez Farias,2011,tarifa_millar,True,2,0,0,0,0,,data\tamaulipas\json_predial\2011\TAMPS_PREDIAL_2011_gomez_farias.json
gomez_farias,Gomez Farias,2012,tarifa_millar,True,2,0,0,0,0,,data\tamaulipas\json_predial\2012\TAMPS_PREDIAL_2012_gomez_farias.json
gomez_farias,Gomez Farias,2013,tarifa_millar,True,2,0,0,0,0,,data\tamaulipas\json_predial\2013\TAMPS_PREDIAL_2013_gomez_farias.json
gomez_farias,Gomez Farias,2014,tarifa_millar,True,2,0,0,0,0,,data\tamaulipas\json_predial\2014\TAMPS_PREDIAL_2014_gomez_farias.json
gomez_farias,Gomez Farias,2015,tarifa_millar,True,2,0,0,0,0,,data\tamaulipas\json_predial\2015\TAMPS_PREDIAL_2015_gomez_farias.json
gomez_farias,Gomez Farias,2016,tarifa_millar,True,2,0,0,0,0,,data\tamaulipas\json_predial\2016\TAMPS_PREDIAL_2016_gomez_farias.json
gomez_farias,Gomez Farias,2017,tarifa_millar,True,2,0,0,0,0,,data\tamaulipas\json_predial\2017\TAMPS_PREDIAL_2017_gomez_farias.json
gomez_farias,Gomez Farias,2018,tarifa_millar,True,2,0,0,0,0,,data\tamaulipas\json_predial\2018\TAMPS_PREDIAL_2018_gomez_farias.json
gomez_farias,Gomez Farias,2019,tarifa_millar,True,2,0,0,0,0,,data\tamaulipas\json_predial\2019\TAMPS_PREDIAL_2019_gomez_farias.json
gomez_farias,Gomez Farias,2020,tarifa_millar,True,1,0,0,0,0,,data\tamaulipas\json_predial\2020\TAMPS_PREDIAL_2020_gomez_farias.json
gomez_farias,Gomez Farias,2021,tarifa_millar,True,1,0,0,0,0,,data\tamaulipas\json_predial\2021\TAMPS_PREDIAL_2021_gomez_farias.json
gomez_farias,Gomez Farias,2022,tarifa_millar,True,2,0,0,0,0,,data\tamaulipas\json_predial\2022\TAMPS_PREDIAL_2022_gomez_farias.json
gomez_farias,Gomez Farias,2023,tarifa_millar,True,2,0,0,0,0,,data\tamaulipas\json_predial\2023\TAMPS_PREDIAL_2023_gomez_farias.json
gomez_farias,Gomez Farias,2024,tarifa_millar,True,2,0,0,0,0,,data\tamaulipas\json_predial\2024\TAMPS_PREDIAL_2024_gomez_farias.json
gomez_farias,Gomez Farias,2025,tarifa_millar,True,2,0,0,0,0,,data\tamaulipas\json_predial\2025\TAMPS_PREDIAL_2025_gomez_farias.json
gonzalez,Gonzalez,2010,tarifa_millar,True,2,0,0,0,0,,data\tamaulipas\json_predial\2010\TAMPS_PREDIAL_2010_gonzalez.json
gonzalez,Gonzalez,2011,tarifa_millar,True,2,0,0,0,0,,data\tamaulipas\json_predial\2011\TAMPS_PREDIAL_2011_gonzalez.json
gonzalez,Gonzalez,2012,tarifa_millar,True,2,0,0,0,0,,data\tamaulipas\json_predial\2012\TAMPS_PREDIAL_2012_gonzalez.json
gonzalez,Gonzalez,2013,tarifa_millar,True,2,0,0,0,0,,data\tamaulipas\json_predial\2013\TAMPS_PREDIAL_2013_gonzalez.json
gonzalez,Gonzalez,2014,tasa_unica,True,0,0,1,0,0,cambio_esquema_tarifa_millar_a_tasa_unica_desde_2013,data\tamaulipas\json_predial\2014\TAMPS_PREDIAL_2014_gonzalez.json
gonzalez,Gonzalez,2015,tarifa_millar,True,1,0,0,0,0,cambio_esquema_tasa_unica_a_tarifa_millar_desde_2014,data\tamaulipas\json_predial\2015\TAMPS_PREDIAL_2015_gonzalez.json
gonzalez,Gonzalez,2016,tarifa_millar,True,2,0,0,0,0,,data\tamaulipas\json_predial\2016\TAMPS_PREDIAL_2016_gonzalez.json
gonzalez,Gonzalez,2017,tarifa_millar,True,2,0,0,0,0,,data\tamaulipas\json_predial\2017\TAMPS_PREDIAL_2017_gonzalez.json
gonzalez,Gonzalez,2018,tarifa_millar,True,2,0,0,0,0,,data\tamaulipas\json_predial\2018\TAMPS_PREDIAL_2018_gonzalez.json
gonzalez,Gonzalez,2019,tarifa_millar,True,4,0,0,0,0,,data\tamaulipas\json_predial\2019\TAMPS_PREDIAL_2019_gonzalez.json
gonzalez,Gonzalez,2020,tarifa_millar,True,1,0,0,0,0,cambio_brusco_n_filas_4_a_1,data\tamaulipas\json_predial\2020\TAMPS_PREDIAL_2020_gonzalez.json
gonzalez,Gonzalez,2021,tarifa_millar,True,1,0,0,0,0,,data\tamaulipas\json_predial\2021\TAMPS_PREDIAL_2021_gonzalez.json
gonzalez,Gonzalez,2022,tasa_unica,True,0,0,1,0,0,cambio_esquema_tarifa_millar_a_tasa_unica_desde_2021,data\tamaulipas\json_predial\2022\TAMPS_PREDIAL_2022_gonzalez.json
gonzalez,Gonzalez,2023,tarifa_millar,True,2,0,0,0,0,cambio_esquema_tasa_unica_a_tarifa_millar_desde_2022,data\tamaulipas\json_predial\2023\TAMPS_PREDIAL_2023_gonzalez.json
gonzalez,Gonzalez,2024,tasa_unica,True,0,0,1,0,0,cambio_esquema_tarifa_millar_a_tasa_unica_desde_2023,data\tamaulipas\json_predial\2024\TAMPS_PREDIAL_2024_gonzalez.json
gonzalez,Gonzalez,2025,tarifa_millar,True,1,0,0,0,0,cambio_esquema_tasa_unica_a_tarifa_millar_desde_2024,data\tamaulipas\json_predial\2025\TAMPS_PREDIAL_2025_gonzalez.json
guemez,Guemez,2010,tarifa_millar,True,4,0,0,0,0,,data\tamaulipas\json_predial\2010\TAMPS_PREDIAL_2010_guemez.json
guemez,Guemez,2011,tarifa_millar,True,4,0,0,0,0,,data\tamaulipas\json_predial\2011\TAMPS_PREDIAL_2011_guemez.json
guemez,Guemez,2012,tarifa_millar,True,4,0,0,0,0,,data\tamaulipas\json_predial\2012\TAMPS_PREDIAL_2012_guemez.json
guemez,Guemez,2013,tarifa_millar,True,4,0,0,0,0,,data\tamaulipas\json_predial\2013\TAMPS_PREDIAL_2013_guemez.json
guemez,Guemez,2014,tarifa_millar,True,4,0,0,0,0,,data\tamaulipas\json_predial\2014\TAMPS_PREDIAL_2014_guemez.json
guemez,Guemez,2015,tarifa_millar,True,4,0,0,0,0,,data\tamaulipas\json_predial\2015\TAMPS_PREDIAL_2015_guemez.json
guemez,Guemez,2016,tarifa_millar,True,4,0,0,0,0,,data\tamaulipas\json_predial\2016\TAMPS_PREDIAL_2016_guemez.json
guemez,Guemez,2017,tarifa_millar,True,4,0,0,0,0,,data\tamaulipas\json_predial\2017\TAMPS_PREDIAL_2017_guemez.json
guemez,Guemez,2018,tarifa_millar,True,4,0,0,0,0,,data\tamaulipas\json_predial\2018\TAMPS_PREDIAL_2018_guemez.json
guemez,Guemez,2020,tarifa_millar,True,4,0,0,0,0,,data\tamaulipas\json_predial\2020\TAMPS_PREDIAL_2020_guemez.json
guemez,Guemez,2021,tarifa_millar,True,4,0,0,0,0,,data\tamaulipas\json_predial\2021\TAMPS_PREDIAL_2021_guemez.json
guemez,Guemez,2022,tarifa_millar,True,4,0,0,0,0,,data\tamaulipas\json_predial\2022\TAMPS_PREDIAL_2022_guemez.json
guemez,Guemez,2023,tarifa_millar,True,4,0,0,0,0,,data\tamaulipas\json_predial\2023\TAMPS_PREDIAL_2023_guemez.json
guemez,Guemez,2024,tarifa_millar,True,4,0,0,0,0,,data\tamaulipas\json_predial\2024\TAMPS_PREDIAL_2024_guemez.json
guemez,Guemez,2025,tarifa_millar,True,4,0,0,0,0,,data\tamaulipas\json_predial\2025\TAMPS_PREDIAL_2025_guemez.json
guerrero,Guerrero,2010,tarifa_millar,True,1,0,0,0,0,,data\tamaulipas\json_predial\2010\TAMPS_PREDIAL_2010_guerrero.json
guerrero,Guerrero,2011,tarifa_millar,True,1,0,0,0,0,,data\tamaulipas\json_predial\2011\TAMPS_PREDIAL_2011_guerrero.json
guerrero,Guerrero,2012,tarifa_millar,True,1,0,0,0,0,,data\tamaulipas\json_predial\2012\TAMPS_PREDIAL_2012_guerrero.json
guerrero,Guerrero,2013,tarifa_millar,True,1,0,0,0,0,,data\tamaulipas\json_predial\2013\TAMPS_PREDIAL_2013_guerrero.json
guerrero,Guerrero,2014,tarifa_millar,True,1,0,0,0,0,,data\tamaulipas\json_predial\2014\TAMPS_PREDIAL_2014_guerrero.json
guerrero,Guerrero,2015,tarifa_millar,True,1,0,0,0,0,,data\tamaulipas\json_predial\2015\TAMPS_PREDIAL_2015_guerrero.json
guerrero,Guerrero,2016,tarifa_millar,True,1,0,0,0,0,,data\tamaulipas\json_predial\2016\TAMPS_PREDIAL_2016_guerrero.json
guerrero,Guerrero,2017,tarifa_millar,True,1,0,0,0,0,,data\tamaulipas\json_predial\2017\TAMPS_PREDIAL_2017_guerrero.json
guerrero,Guerrero,2018,tarifa_millar,True,1,0,0,0,0,,data\tamaulipas\json_predial\2018\TAMPS_PREDIAL_2018_guerrero.json
guerrero,Guerrero,2019,tarifa_millar,True,1,0,0,0,0,,data\tamaulipas\json_predial\2019\TAMPS_PREDIAL_2019_guerrero.json
guerrero,Guerrero,2020,tarifa_millar,True,1,0,0,0,0,,data\tamaulipas\json_predial\2020\TAMPS_PREDIAL_2020_guerrero.json
guerrero,Guerrero,2021,tarifa_millar,True,1,0,0,0,0,,data\tamaulipas\json_predial\2021\TAMPS_PREDIAL_2021_guerrero.json
guerrero,Guerrero,2022,tarifa_millar,True,1,0,0,0,0,,data\tamaulipas\json_predial\2022\TAMPS_PREDIAL_2022_guerrero.json
guerrero,Guerrero,2023,tasa_unica,True,0,0,1,0,0,cambio_esquema_tarifa_millar_a_tasa_unica_desde_2022,data\tamaulipas\json_predial\2023\TAMPS_PREDIAL_2023_guerrero.json
guerrero,Guerrero,2024,tarifa_millar,True,1,0,0,0,0,cambio_esquema_tasa_unica_a_tarifa_millar_desde_2023,data\tamaulipas\json_predial\2024\TAMPS_PREDIAL_2024_guerrero.json
guerrero,Guerrero,2025,tarifa_millar,True,1,0,0,0,0,,data\tamaulipas\json_predial\2025\TAMPS_PREDIAL_2025_guerrero.json
gustavo_diaz_ordaz,Gustavo Diaz Ordaz,2010,tarifa_millar,True,4,0,0,0,0,,data\tamaulipas\json_predial\2010\TAMPS_PREDIAL_2010_gustavo_diaz_ordaz.json
gustavo_diaz_ordaz,Gustavo Diaz Ordaz,2011,tarifa_millar,True,4,0,0,0,0,,data\tamaulipas\json_predial\2011\TAMPS_PREDIAL_2011_gustavo_diaz_ordaz.json
gustavo_diaz_ordaz,Gustavo Diaz Ordaz,2012,tarifa_millar,True,4,0,0,0,0,,data\tamaulipas\json_predial\2012\TAMPS_PREDIAL_2012_gustavo_diaz_ordaz.json
gustavo_diaz_ordaz,Gustavo Diaz Ordaz,2013,tarifa_millar,True,4,0,0,0,0,,data\tamaulipas\json_predial\2013\TAMPS_PREDIAL_2013_gustavo_diaz_ordaz.json
gustavo_diaz_ordaz,Gustavo Diaz Ordaz,2014,tarifa_millar,True,4,0,0,0,0,,data\tamaulipas\json_predial\2014\TAMPS_PREDIAL_2014_gustavo_diaz_ordaz.json
gustavo_diaz_ordaz,Gustavo Diaz Ordaz,2015,tarifa_millar,True,4,0,0,0,0,,data\tamaulipas\json_predial\2015\TAMPS_PREDIAL_2015_gustavo_diaz_ordaz.json
gustavo_diaz_ordaz,Gustavo Diaz Ordaz,2016,tarifa_millar,True,4,0,0,0,0,,data\tamaulipas\json_predial\2016\TAMPS_PREDIAL_2016_gustavo_diaz_ordaz.json
gustavo_diaz_ordaz,Gustavo Diaz Ordaz,2017,tarifa_millar,True,4,0,0,0,0,,data\tamaulipas\json_predial\2017\TAMPS_PREDIAL_2017_gustavo_diaz_ordaz.json
gustavo_diaz_ordaz,Gustavo Diaz Ordaz,2018,tarifa_millar,True,4,0,0,0,0,,data\tamaulipas\json_predial\2018\TAMPS_PREDIAL_2018_gustavo_diaz_ordaz.json
gustavo_diaz_ordaz,Gustavo Diaz Ordaz,2019,tarifa_millar,True,4,0,0,0,0,,data\tamaulipas\json_predial\2019\TAMPS_PREDIAL_2019_gustavo_diaz_ordaz.json
gustavo_diaz_ordaz,Gustavo Diaz Ordaz,2020,tarifa_millar,True,4,0,0,0,0,,data\tamaulipas\json_predial\2020\TAMPS_PREDIAL_2020_gustavo_diaz_ordaz.json
gustavo_diaz_ordaz,Gustavo Diaz Ordaz,2021,tarifa_millar,True,4,0,0,0,0,,data\tamaulipas\json_predial\2021\TAMPS_PREDIAL_2021_gustavo_diaz_ordaz.json
gustavo_diaz_ordaz,Gustavo Diaz Ordaz,2022,tarifa_millar,True,4,0,0,0,0,,data\tamaulipas\json_predial\2022\TAMPS_PREDIAL_2022_gustavo_diaz_ordaz.json
gustavo_diaz_ordaz,Gustavo Diaz Ordaz,2023,tarifa_millar,True,4,0,0,0,0,,data\tamaulipas\json_predial\2023\TAMPS_PREDIAL_2023_gustavo_diaz_ordaz.json
gustavo_diaz_ordaz,Gustavo Diaz Ordaz,2024,tarifa_millar,True,4,0,0,0,0,,data\tamaulipas\json_predial\2024\TAMPS_PREDIAL_2024_gustavo_diaz_ordaz.json
gustavo_diaz_ordaz,Gustavo Diaz Ordaz,2025,tarifa_millar,True,4,0,0,0,0,,data\tamaulipas\json_predial\2025\TAMPS_PREDIAL_2025_gustavo_diaz_ordaz.json
hidalgo,Hidalgo,2010,tarifa_millar,True,4,0,0,0,0,,data\tamaulipas\json_predial\2010\TAMPS_PREDIAL_2010_hidalgo.json
hidalgo,Hidalgo,2011,tarifa_millar,True,4,0,0,0,0,,data\tamaulipas\json_predial\2011\TAMPS_PREDIAL_2011_hidalgo.json
hidalgo,Hidalgo,2012,tarifa_millar,True,4,0,0,0,0,,data\tamaulipas\json_predial\2012\TAMPS_PREDIAL_2012_hidalgo.json
hidalgo,Hidalgo,2013,tarifa_millar,True,4,0,0,0,0,,data\tamaulipas\json_predial\2013\TAMPS_PREDIAL_2013_hidalgo.json
hidalgo,Hidalgo,2014,tarifa_millar,True,5,0,0,0,0,,data\tamaulipas\json_predial\2014\TAMPS_PREDIAL_2014_hidalgo.json
hidalgo,Hidalgo,2015,tarifa_millar,True,5,0,0,0,0,,data\tamaulipas\json_predial\2015\TAMPS_PREDIAL_2015_hidalgo.json
hidalgo,Hidalgo,2016,tarifa_millar,True,5,0,0,0,0,,data\tamaulipas\json_predial\2016\TAMPS_PREDIAL_2016_hidalgo.json
hidalgo,Hidalgo,2017,tarifa_millar,True,5,0,0,0,0,,data\tamaulipas\json_predial\2017\TAMPS_PREDIAL_2017_hidalgo.json
hidalgo,Hidalgo,2018,tarifa_millar,True,5,0,0,0,0,,data\tamaulipas\json_predial\2018\TAMPS_PREDIAL_2018_hidalgo.json
hidalgo,Hidalgo,2019,tarifa_millar,True,5,0,0,0,0,,data\tamaulipas\json_predial\2019\TAMPS_PREDIAL_2019_hidalgo.json
hidalgo,Hidalgo,2020,tarifa_millar,True,5,0,0,0,0,,data\tamaulipas\json_predial\2020\TAMPS_PREDIAL_2020_hidalgo.json
hidalgo,Hidalgo,2021,tarifa_millar,True,5,0,0,0,0,,data\tamaulipas\json_predial\2021\TAMPS_PREDIAL_2021_hidalgo.json
hidalgo,Hidalgo,2022,tarifa_millar,True,5,0,0,0,0,,data\tamaulipas\json_predial\2022\TAMPS_PREDIAL_2022_hidalgo.json
hidalgo,Hidalgo,2023,tarifa_millar,True,5,0,0,0,0,,data\tamaulipas\json_predial\2023\TAMPS_PREDIAL_2023_hidalgo.json
hidalgo,Hidalgo,2024,tarifa_millar,True,5,0,0,0,0,,data\tamaulipas\json_predial\2024\TAMPS_PREDIAL_2024_hidalgo.json
hidalgo,Hidalgo,2025,tarifa_millar,True,5,0,0,0,0,,data\tamaulipas\json_predial\2025\TAMPS_PREDIAL_2025_hidalgo.json
jaumave,Jaumave,2010,tarifa_millar,True,4,0,0,0,0,,data\tamaulipas\json_predial\2010\TAMPS_PREDIAL_2010_jaumave.json
jaumave,Jaumave,2011,tarifa_millar,True,4,0,0,0,0,,data\tamaulipas\json_predial\2011\TAMPS_PREDIAL_2011_jaumave.json
jaumave,Jaumave,2012,tarifa_millar,True,4,0,0,0,0,,data\tamaulipas\json_predial\2012\TAMPS_PREDIAL_2012_jaumave.json
jaumave,Jaumave,2013,tarifa_millar,True,4,0,0,0,0,,data\tamaulipas\json_predial\2013\TAMPS_PREDIAL_2013_jaumave.json
jaumave,Jaumave,2014,tarifa_millar,True,4,0,0,0,0,,data\tamaulipas\json_predial\2014\TAMPS_PREDIAL_2014_jaumave.json
jaumave,Jaumave,2015,tarifa_millar,True,4,0,0,0,0,,data\tamaulipas\json_predial\2015\TAMPS_PREDIAL_2015_jaumave.json
jaumave,Jaumave,2016,tarifa_millar,True,4,0,0,0,0,,data\tamaulipas\json_predial\2016\TAMPS_PREDIAL_2016_jaumave.json
jaumave,Jaumave,2017,tarifa_millar,True,4,0,0,0,0,,data\tamaulipas\json_predial\2017\TAMPS_PREDIAL_2017_jaumave.json
jaumave,Jaumave,2018,tarifa_millar,True,4,0,0,0,0,,data\tamaulipas\json_predial\2018\TAMPS_PREDIAL_2018_jaumave.json
jaumave,Jaumave,2019,tarifa_millar,True,4,0,0,0,0,,data\tamaulipas\json_predial\2019\TAMPS_PREDIAL_2019_jaumave.json
jaumave,Jaumave,2020,tarifa_millar,True,4,0,0,0,0,,data\tamaulipas\json_predial\2020\TAMPS_PREDIAL_2020_jaumave.json
jaumave,Jaumave,2021,tarifa_millar,True,4,0,0,0,0,,data\tamaulipas\json_predial\2021\TAMPS_PREDIAL_2021_jaumave.json
jaumave,Jaumave,2022,tarifa_millar,True,4,0,0,0,0,,data\tamaulipas\json_predial\2022\TAMPS_PREDIAL_2022_jaumave.json
jaumave,Jaumave,2023,tarifa_millar,True,4,0,0,0,0,,data\tamaulipas\json_predial\2023\TAMPS_PREDIAL_2023_jaumave.json
jaumave,Jaumave,2024,tarifa_millar,True,4,0,0,0,0,,data\tamaulipas\json_predial\2024\TAMPS_PREDIAL_2024_jaumave.json
jaumave,Jaumave,2025,tarifa_millar,True,4,0,0,0,0,,data\tamaulipas\json_predial\2025\TAMPS_PREDIAL_2025_jaumave.json
jimenez,Jimenez,2010,tarifa_millar,True,2,0,0,0,0,,data\tamaulipas\json_predial\2010\TAMPS_PREDIAL_2010_jimenez.json
jimenez,Jimenez,2011,tarifa_millar,True,2,0,0,0,0,,data\tamaulipas\json_predial\2011\TAMPS_PREDIAL_2011_jimenez.json
jimenez,Jimenez,2012,tarifa_millar,True,2,0,0,0,0,,data\tamaulipas\json_predial\2012\TAMPS_PREDIAL_2012_jimenez.json
jimenez,Jimenez,2013,tarifa_millar,True,2,0,0,0,0,,data\tamaulipas\json_predial\2013\TAMPS_PREDIAL_2013_jimenez.json
jimenez,Jimenez,2014,tarifa_millar,True,5,0,0,0,0,cambio_brusco_n_filas_2_a_5,data\tamaulipas\json_predial\2014\TAMPS_PREDIAL_2014_jimenez.json
jimenez,Jimenez,2015,tarifa_millar,True,5,0,0,0,0,,data\tamaulipas\json_predial\2015\TAMPS_PREDIAL_2015_jimenez.json
jimenez,Jimenez,2016,tarifa_millar,True,5,0,0,0,0,,data\tamaulipas\json_predial\2016\TAMPS_PREDIAL_2016_jimenez.json
jimenez,Jimenez,2017,tarifa_millar,True,5,0,0,0,0,,data\tamaulipas\json_predial\2017\TAMPS_PREDIAL_2017_jimenez.json
jimenez,Jimenez,2018,tarifa_millar,True,5,0,0,0,0,,data\tamaulipas\json_predial\2018\TAMPS_PREDIAL_2018_jimenez.json
jimenez,Jimenez,2019,tarifa_millar,True,5,0,0,0,0,,data\tamaulipas\json_predial\2019\TAMPS_PREDIAL_2019_jimenez.json
jimenez,Jimenez,2020,tarifa_millar,True,5,0,0,0,0,,data\tamaulipas\json_predial\2020\TAMPS_PREDIAL_2020_jimenez.json
jimenez,Jimenez,2021,tarifa_millar,True,5,0,0,0,0,,data\tamaulipas\json_predial\2021\TAMPS_PREDIAL_2021_jimenez.json
jimenez,Jimenez,2022,tarifa_millar,True,5,0,0,0,0,,data\tamaulipas\json_predial\2022\TAMPS_PREDIAL_2022_jimenez.json
jimenez,Jimenez,2023,tarifa_millar,True,5,0,0,0,0,,data\tamaulipas\json_predial\2023\TAMPS_PREDIAL_2023_jimenez.json
jimenez,Jimenez,2024,tarifa_millar,True,5,0,0,0,0,,data\tamaulipas\json_predial\2024\TAMPS_PREDIAL_2024_jimenez.json
jimenez,Jimenez,2025,tarifa_millar,True,5,0,0,0,0,,data\tamaulipas\json_predial\2025\TAMPS_PREDIAL_2025_jimenez.json
llera,Llera,2010,tarifa_millar,True,3,0,0,0,0,,data\tamaulipas\json_predial\2010\TAMPS_PREDIAL_2010_llera.json
llera,Llera,2011,tarifa_millar,True,3,0,0,0,0,,data\tamaulipas\json_predial\2011\TAMPS_PREDIAL_2011_llera.json
llera,Llera,2012,tarifa_millar,True,3,0,0,0,0,,data\tamaulipas\json_predial\2012\TAMPS_PREDIAL_2012_llera.json
llera,Llera,2013,tarifa_millar,True,3,0,0,0,0,,data\tamaulipas\json_predial\2013\TAMPS_PREDIAL_2013_llera.json
llera,Llera,2014,tarifa_millar,True,3,0,0,0,0,,data\tamaulipas\json_predial\2014\TAMPS_PREDIAL_2014_llera.json
llera,Llera,2015,tarifa_millar,True,3,0,0,0,0,,data\tamaulipas\json_predial\2015\TAMPS_PREDIAL_2015_llera.json
llera,Llera,2016,tarifa_millar,True,3,0,0,0,0,,data\tamaulipas\json_predial\2016\TAMPS_PREDIAL_2016_llera.json
llera,Llera,2017,tarifa_millar,True,3,0,0,0,0,,data\tamaulipas\json_predial\2017\TAMPS_PREDIAL_2017_llera.json
llera,Llera,2018,tarifa_millar,True,3,0,0,0,0,,data\tamaulipas\json_predial\2018\TAMPS_PREDIAL_2018_llera.json
llera,Llera,2019,tarifa_millar,True,3,0,0,0,0,,data\tamaulipas\json_predial\2019\TAMPS_PREDIAL_2019_llera.json
llera,Llera,2020,tarifa_millar,True,2,0,0,0,0,,data\tamaulipas\json_predial\2020\TAMPS_PREDIAL_2020_llera.json
llera,Llera,2021,tarifa_millar,True,3,0,0,0,0,,data\tamaulipas\json_predial\2021\TAMPS_PREDIAL_2021_llera.json
llera,Llera,2022,tarifa_millar,True,3,0,0,0,0,,data\tamaulipas\json_predial\2022\TAMPS_PREDIAL_2022_llera.json
llera,Llera,2023,tarifa_millar,True,3,0,0,0,0,,data\tamaulipas\json_predial\2023\TAMPS_PREDIAL_2023_llera.json
llera,Llera,2024,tarifa_millar,True,3,0,0,0,0,,data\tamaulipas\json_predial\2024\TAMPS_PREDIAL_2024_llera.json
llera,Llera,2025,tarifa_millar,True,3,0,0,0,0,,data\tamaulipas\json_predial\2025\TAMPS_PREDIAL_2025_llera.json
mainero,Mainero,2010,tarifa_millar,True,2,0,0,0,0,,data\tamaulipas\json_predial\2010\TAMPS_PREDIAL_2010_mainero.json
mainero,Mainero,2011,tarifa_millar,True,2,0,0,0,0,,data\tamaulipas\json_predial\2011\TAMPS_PREDIAL_2011_mainero.json
mainero,Mainero,2012,tarifa_millar,True,2,0,0,0,0,,data\tamaulipas\json_predial\2012\TAMPS_PREDIAL_2012_mainero.json
mainero,Mainero,2013,tarifa_millar,True,2,0,0,0,0,,data\tamaulipas\json_predial\2013\TAMPS_PREDIAL_2013_mainero.json
mainero,Mainero,2014,tarifa_millar,True,2,0,0,0,0,,data\tamaulipas\json_predial\2014\TAMPS_PREDIAL_2014_mainero.json
mainero,Mainero,2015,tarifa_millar,True,2,0,0,0,0,,data\tamaulipas\json_predial\2015\TAMPS_PREDIAL_2015_mainero.json
mainero,Mainero,2016,tarifa_millar,True,2,0,0,0,0,,data\tamaulipas\json_predial\2016\TAMPS_PREDIAL_2016_mainero.json
mainero,Mainero,2017,tarifa_millar,True,2,0,0,0,0,,data\tamaulipas\json_predial\2017\TAMPS_PREDIAL_2017_mainero.json
mainero,Mainero,2018,tarifa_millar,True,2,0,0,0,0,,data\tamaulipas\json_predial\2018\TAMPS_PREDIAL_2018_mainero.json
mainero,Mainero,2019,tarifa_millar,True,2,0,0,0,0,,data\tamaulipas\json_predial\2019\TAMPS_PREDIAL_2019_mainero.json
mainero,Mainero,2020,tarifa_millar,True,2,0,0,0,0,,data\tamaulipas\json_predial\2020\TAMPS_PREDIAL_2020_mainero.json
mainero,Mainero,2021,tarifa_millar,True,2,0,0,0,0,,data\tamaulipas\json_predial\2021\TAMPS_PREDIAL_2021_mainero.json
mainero,Mainero,2022,tarifa_millar,True,2,0,0,0,0,,data\tamaulipas\json_predial\2022\TAMPS_PREDIAL_2022_mainero.json
mainero,Mainero,2023,tarifa_millar,True,2,0,0,0,0,,data\tamaulipas\json_predial\2023\TAMPS_PREDIAL_2023_mainero.json
mainero,Mainero,2024,tarifa_millar,True,2,0,0,0,0,,data\tamaulipas\json_predial\2024\TAMPS_PREDIAL_2024_mainero.json
mainero,Mainero,2025,tarifa_millar,True,2,0,0,0,0,,data\tamaulipas\json_predial\2025\TAMPS_PREDIAL_2025_mainero.json
matamoros,Matamoros,2010,tarifa_millar,True,3,0,0,0,0,,data\tamaulipas\json_predial\2010\TAMPS_PREDIAL_2010_matamoros.json
matamoros,Matamoros,2011,tarifa_millar,True,3,0,0,0,0,,data\tamaulipas\json_predial\2011\TAMPS_PREDIAL_2011_matamoros.json
matamoros,Matamoros,2012,tarifa_millar,True,5,0,0,0,0,,data\tamaulipas\json_predial\2012\TAMPS_PREDIAL_2012_matamoros.json
matamoros,Matamoros,2013,tarifa_millar,True,3,0,0,0,0,,data\tamaulipas\json_predial\2013\TAMPS_PREDIAL_2013_matamoros.json
matamoros,Matamoros,2014,tarifa_millar,True,3,0,0,0,0,,data\tamaulipas\json_predial\2014\TAMPS_PREDIAL_2014_matamoros.json
matamoros,Matamoros,2015,tarifa_millar,True,3,0,0,0,0,,data\tamaulipas\json_predial\2015\TAMPS_PREDIAL_2015_matamoros.json
matamoros,Matamoros,2016,tarifa_millar,True,3,0,0,0,0,,data\tamaulipas\json_predial\2016\TAMPS_PREDIAL_2016_matamoros.json
matamoros,Matamoros,2017,tarifa_millar,True,3,0,0,0,0,,data\tamaulipas\json_predial\2017\TAMPS_PREDIAL_2017_matamoros.json
matamoros,Matamoros,2018,tarifa_millar,True,3,0,0,0,0,,data\tamaulipas\json_predial\2018\TAMPS_PREDIAL_2018_matamoros.json
matamoros,Matamoros,2019,tarifa_millar,True,3,0,0,0,0,,data\tamaulipas\json_predial\2019\TAMPS_PREDIAL_2019_matamoros.json
matamoros,Matamoros,2020,tarifa_millar,True,3,0,0,0,0,,data\tamaulipas\json_predial\2020\TAMPS_PREDIAL_2020_matamoros.json
matamoros,Matamoros,2021,tarifa_millar,True,3,0,0,0,0,,data\tamaulipas\json_predial\2021\TAMPS_PREDIAL_2021_matamoros.json
matamoros,Matamoros,2022,tarifa_millar,True,3,0,0,0,0,,data\tamaulipas\json_predial\2022\TAMPS_PREDIAL_2022_matamoros.json
matamoros,Matamoros,2023,tarifa_millar,True,3,0,0,0,0,,data\tamaulipas\json_predial\2023\TAMPS_PREDIAL_2023_matamoros.json
matamoros,Matamoros,2024,tarifa_millar,True,3,0,0,0,0,,data\tamaulipas\json_predial\2024\TAMPS_PREDIAL_2024_matamoros.json
matamoros,Matamoros,2025,tarifa_millar,True,3,0,0,0,0,,data\tamaulipas\json_predial\2025\TAMPS_PREDIAL_2025_matamoros.json
mendez,Mendez,2010,tarifa_millar,True,3,0,0,0,0,,data\tamaulipas\json_predial\2010\TAMPS_PREDIAL_2010_mendez.json
mendez,Mendez,2011,tarifa_millar,True,3,0,0,0,0,,data\tamaulipas\json_predial\2011\TAMPS_PREDIAL_2011_mendez.json
mendez,Mendez,2012,tarifa_millar,True,3,0,0,0,0,,data\tamaulipas\json_predial\2012\TAMPS_PREDIAL_2012_mendez.json
mendez,Mendez,2013,tasa_unica,True,0,0,1,0,0,cambio_esquema_tarifa_millar_a_tasa_unica_desde_2012,data\tamaulipas\json_predial\2013\TAMPS_PREDIAL_2013_mendez.json
mendez,Mendez,2014,tarifa_millar,True,5,0,0,0,0,cambio_esquema_tasa_unica_a_tarifa_millar_desde_2013,data\tamaulipas\json_predial\2014\TAMPS_PREDIAL_2014_mendez.json
mendez,Mendez,2015,tarifa_millar,True,5,0,0,0,0,,data\tamaulipas\json_predial\2015\TAMPS_PREDIAL_2015_mendez.json
mendez,Mendez,2016,tarifa_millar,True,5,0,0,0,0,,data\tamaulipas\json_predial\2016\TAMPS_PREDIAL_2016_mendez.json
mendez,Mendez,2017,tarifa_millar,True,5,0,0,0,0,,data\tamaulipas\json_predial\2017\TAMPS_PREDIAL_2017_mendez.json
mendez,Mendez,2018,tarifa_millar,True,5,0,0,0,0,,data\tamaulipas\json_predial\2018\TAMPS_PREDIAL_2018_mendez.json
mendez,Mendez,2019,tarifa_millar,True,5,0,0,0,0,,data\tamaulipas\json_predial\2019\TAMPS_PREDIAL_2019_mendez.json
mendez,Mendez,2020,tarifa_millar,True,5,0,0,0,0,,data\tamaulipas\json_predial\2020\TAMPS_PREDIAL_2020_mendez.json
mendez,Mendez,2021,tarifa_millar,True,5,0,0,0,0,,data\tamaulipas\json_predial\2021\TAMPS_PREDIAL_2021_mendez.json
mendez,Mendez,2022,tarifa_millar,True,5,0,0,0,0,,data\tamaulipas\json_predial\2022\TAMPS_PREDIAL_2022_mendez.json
mendez,Mendez,2023,tarifa_millar,True,5,0,0,0,0,,data\tamaulipas\json_predial\2023\TAMPS_PREDIAL_2023_mendez.json
mendez,Mendez,2024,tarifa_millar,True,5,0,0,0,0,,data\tamaulipas\json_predial\2024\TAMPS_PREDIAL_2024_mendez.json
mendez,Mendez,2025,tarifa_millar,True,5,0,0,0,0,,data\tamaulipas\json_predial\2025\TAMPS_PREDIAL_2025_mendez.json
mier,Mier,2010,tarifa_millar,True,5,0,0,0,0,,data\tamaulipas\json_predial\2010\TAMPS_PREDIAL_2010_mier.json
mier,Mier,2011,tarifa_millar,True,5,0,0,0,0,,data\tamaulipas\json_predial\2011\TAMPS_PREDIAL_2011_mier.json
mier,Mier,2012,tarifa_millar,True,5,0,0,0,0,,data\tamaulipas\json_predial\2012\TAMPS_PREDIAL_2012_mier.json
mier,Mier,2013,tarifa_millar,True,5,0,0,0,0,,data\tamaulipas\json_predial\2013\TAMPS_PREDIAL_2013_mier.json
mier,Mier,2014,tarifa_millar,True,5,0,0,0,0,,data\tamaulipas\json_predial\2014\TAMPS_PREDIAL_2014_mier.json
mier,Mier,2015,tarifa_millar,True,5,0,0,0,0,,data\tamaulipas\json_predial\2015\TAMPS_PREDIAL_2015_mier.json
mier,Mier,2016,tarifa_millar,True,5,0,0,0,0,,data\tamaulipas\json_predial\2016\TAMPS_PREDIAL_2016_mier.json
mier,Mier,2017,tarifa_millar,True,5,0,0,0,0,,data\tamaulipas\json_predial\2017\TAMPS_PREDIAL_2017_mier.json
mier,Mier,2018,tarifa_millar,True,5,0,0,0,0,,data\tamaulipas\json_predial\2018\TAMPS_PREDIAL_2018_mier.json
mier,Mier,2019,tarifa_millar,True,5,0,0,0,0,,data\tamaulipas\json_predial\2019\TAMPS_PREDIAL_2019_mier.json
mier,Mier,2020,tarifa_millar,True,5,0,0,0,0,,data\tamaulipas\json_predial\2020\TAMPS_PREDIAL_2020_mier.json
mier,Mier,2021,tarifa_millar,True,5,0,0,0,0,,data\tamaulipas\json_predial\2021\TAMPS_PREDIAL_2021_mier.json
mier,Mier,2022,tarifa_millar,True,5,0,0,0,0,,data\tamaulipas\json_predial\2022\TAMPS_PREDIAL_2022_mier.json
mier,Mier,2023,tarifa_millar,True,5,0,0,0,0,,data\tamaulipas\json_predial\2023\TAMPS_PREDIAL_2023_mier.json
mier,Mier,2024,tarifa_millar,True,5,0,0,0,0,,data\tamaulipas\json_predial\2024\TAMPS_PREDIAL_2024_mier.json
mier,Mier,2025,tarifa_millar,True,5,0,0,0,0,,data\tamaulipas\json_predial\2025\TAMPS_PREDIAL_2025_mier.json
miguel_aleman,Miguel Aleman,2010,tarifa_millar,True,2,0,0,0,0,,data\tamaulipas\json_predial\2010\TAMPS_PREDIAL_2010_miguel_aleman.json
miguel_aleman,Miguel Aleman,2011,tarifa_millar,True,2,0,0,0,0,,data\tamaulipas\json_predial\2011\TAMPS_PREDIAL_2011_miguel_aleman.json
miguel_aleman,Miguel Aleman,2012,tarifa_millar,True,2,0,0,0,0,,data\tamaulipas\json_predial\2012\TAMPS_PREDIAL_2012_miguel_aleman.json
miguel_aleman,Miguel Aleman,2013,tarifa_millar,True,2,0,0,0,0,,data\tamaulipas\json_predial\2013\TAMPS_PREDIAL_2013_miguel_aleman.json
miguel_aleman,Miguel Aleman,2014,tarifa_millar,True,2,0,0,0,0,,data\tamaulipas\json_predial\2014\TAMPS_PREDIAL_2014_miguel_aleman.json
miguel_aleman,Miguel Aleman,2015,tarifa_millar,True,2,0,0,0,0,,data\tamaulipas\json_predial\2015\TAMPS_PREDIAL_2015_miguel_aleman.json
miguel_aleman,Miguel Aleman,2016,tarifa_millar,True,2,0,0,0,0,,data\tamaulipas\json_predial\2016\TAMPS_PREDIAL_2016_miguel_aleman.json
miguel_aleman,Miguel Aleman,2017,tarifa_millar,True,2,0,0,0,0,,data\tamaulipas\json_predial\2017\TAMPS_PREDIAL_2017_miguel_aleman.json
miguel_aleman,Miguel Aleman,2018,tarifa_millar,True,3,0,0,0,0,,data\tamaulipas\json_predial\2018\TAMPS_PREDIAL_2018_miguel_aleman.json
miguel_aleman,Miguel Aleman,2019,tarifa_millar,True,3,0,0,0,0,,data\tamaulipas\json_predial\2019\TAMPS_PREDIAL_2019_miguel_aleman.json
miguel_aleman,Miguel Aleman,2020,tarifa_millar,True,3,0,0,0,0,,data\tamaulipas\json_predial\2020\TAMPS_PREDIAL_2020_miguel_aleman.json
miguel_aleman,Miguel Aleman,2021,tarifa_millar,True,3,0,0,0,0,,data\tamaulipas\json_predial\2021\TAMPS_PREDIAL_2021_miguel_aleman.json
miguel_aleman,Miguel Aleman,2022,tarifa_millar,True,3,0,0,0,0,,data\tamaulipas\json_predial\2022\TAMPS_PREDIAL_2022_miguel_aleman.json
miguel_aleman,Miguel Aleman,2023,tarifa_millar,True,3,0,0,0,0,,data\tamaulipas\json_predial\2023\TAMPS_PREDIAL_2023_miguel_aleman.json
miguel_aleman,Miguel Aleman,2024,tarifa_millar,True,3,0,0,0,0,,data\tamaulipas\json_predial\2024\TAMPS_PREDIAL_2024_miguel_aleman.json
miguel_aleman,Miguel Aleman,2025,tarifa_millar,True,3,0,0,0,0,,data\tamaulipas\json_predial\2025\TAMPS_PREDIAL_2025_miguel_aleman.json
miquihuana,Miquihuana,2010,tarifa_millar,True,2,0,0,0,0,,data\tamaulipas\json_predial\2010\TAMPS_PREDIAL_2010_miquihuana.json
miquihuana,Miquihuana,2011,tarifa_millar,True,2,0,0,0,0,,data\tamaulipas\json_predial\2011\TAMPS_PREDIAL_2011_miquihuana.json
miquihuana,Miquihuana,2012,tarifa_millar,True,2,0,0,0,0,,data\tamaulipas\json_predial\2012\TAMPS_PREDIAL_2012_miquihuana.json
miquihuana,Miquihuana,2013,tarifa_millar,True,2,0,0,0,0,,data\tamaulipas\json_predial\2013\TAMPS_PREDIAL_2013_miquihuana.json
miquihuana,Miquihuana,2014,tarifa_millar,True,2,0,0,0,0,,data\tamaulipas\json_predial\2014\TAMPS_PREDIAL_2014_miquihuana.json
miquihuana,Miquihuana,2015,tarifa_millar,True,2,0,0,0,0,,data\tamaulipas\json_predial\2015\TAMPS_PREDIAL_2015_miquihuana.json
miquihuana,Miquihuana,2016,tarifa_millar,True,2,0,0,0,0,,data\tamaulipas\json_predial\2016\TAMPS_PREDIAL_2016_miquihuana.json
miquihuana,Miquihuana,2017,tarifa_millar,True,2,0,0,0,0,,data\tamaulipas\json_predial\2017\TAMPS_PREDIAL_2017_miquihuana.json
miquihuana,Miquihuana,2018,tarifa_millar,True,2,0,0,0,0,,data\tamaulipas\json_predial\2018\TAMPS_PREDIAL_2018_miquihuana.json
miquihuana,Miquihuana,2019,tarifa_millar,True,2,0,0,0,0,,data\tamaulipas\json_predial\2019\TAMPS_PREDIAL_2019_miquihuana.json
miquihuana,Miquihuana,2020,tarifa_millar,True,2,0,0,0,0,,data\tamaulipas\json_predial\2020\TAMPS_PREDIAL_2020_miquihuana.json
miquihuana,Miquihuana,2021,tarifa_millar,True,2,0,0,0,0,,data\tamaulipas\json_predial\2021\TAMPS_PREDIAL_2021_miquihuana.json
miquihuana,Miquihuana,2022,tarifa_millar,True,2,0,0,0,0,,data\tamaulipas\json_predial\2022\TAMPS_PREDIAL_2022_miquihuana.json
miquihuana,Miquihuana,2023,tarifa_millar,True,2,0,0,0,0,,data\tamaulipas\json_predial\2023\TAMPS_PREDIAL_2023_miquihuana.json
miquihuana,Miquihuana,2024,tarifa_millar,True,2,0,0,0,0,,data\tamaulipas\json_predial\2024\TAMPS_PREDIAL_2024_miquihuana.json
miquihuana,Miquihuana,2025,tarifa_millar,True,2,0,0,0,0,,data\tamaulipas\json_predial\2025\TAMPS_PREDIAL_2025_miquihuana.json
nuevo_laredo,Nuevo Laredo,2010,tarifa_millar,True,5,0,0,0,0,,data\tamaulipas\json_predial\2010\TAMPS_PREDIAL_2010_nuevo_laredo.json
nuevo_laredo,Nuevo Laredo,2011,tarifa_millar,True,5,0,0,0,0,,data\tamaulipas\json_predial\2011\TAMPS_PREDIAL_2011_nuevo_laredo.json
nuevo_laredo,Nuevo Laredo,2012,tarifa_millar,True,5,0,0,0,0,,data\tamaulipas\json_predial\2012\TAMPS_PREDIAL_2012_nuevo_laredo.json
nuevo_laredo,Nuevo Laredo,2013,tarifa_millar,True,5,0,0,0,0,,data\tamaulipas\json_predial\2013\TAMPS_PREDIAL_2013_nuevo_laredo.json
nuevo_laredo,Nuevo Laredo,2014,tarifa_millar,True,5,0,0,0,0,,data\tamaulipas\json_predial\2014\TAMPS_PREDIAL_2014_nuevo_laredo.json
nuevo_laredo,Nuevo Laredo,2015,tarifa_millar,True,5,0,0,0,0,,data\tamaulipas\json_predial\2015\TAMPS_PREDIAL_2015_nuevo_laredo.json
nuevo_laredo,Nuevo Laredo,2016,tarifa_millar,True,5,0,0,0,0,,data\tamaulipas\json_predial\2016\TAMPS_PREDIAL_2016_nuevo_laredo.json
nuevo_laredo,Nuevo Laredo,2017,tarifa_millar,True,5,0,0,0,0,,data\tamaulipas\json_predial\2017\TAMPS_PREDIAL_2017_nuevo_laredo.json
nuevo_laredo,Nuevo Laredo,2018,tarifa_millar,True,5,0,0,0,0,,data\tamaulipas\json_predial\2018\TAMPS_PREDIAL_2018_nuevo_laredo.json
nuevo_laredo,Nuevo Laredo,2019,tarifa_millar,True,5,0,0,0,0,,data\tamaulipas\json_predial\2019\TAMPS_PREDIAL_2019_nuevo_laredo.json
nuevo_laredo,Nuevo Laredo,2020,tarifa_millar,True,5,0,0,0,0,,data\tamaulipas\json_predial\2020\TAMPS_PREDIAL_2020_nuevo_laredo.json
nuevo_laredo,Nuevo Laredo,2021,tarifa_millar,True,5,0,0,0,0,,data\tamaulipas\json_predial\2021\TAMPS_PREDIAL_2021_nuevo_laredo.json
nuevo_laredo,Nuevo Laredo,2022,tarifa_millar,True,5,0,0,0,0,,data\tamaulipas\json_predial\2022\TAMPS_PREDIAL_2022_nuevo_laredo.json
nuevo_laredo,Nuevo Laredo,2023,tarifa_millar,True,5,0,0,0,0,,data\tamaulipas\json_predial\2023\TAMPS_PREDIAL_2023_nuevo_laredo.json
nuevo_laredo,Nuevo Laredo,2024,tarifa_millar,True,5,0,0,0,0,,data\tamaulipas\json_predial\2024\TAMPS_PREDIAL_2024_nuevo_laredo.json
nuevo_laredo,Nuevo Laredo,2025,tarifa_millar,True,5,0,0,0,0,,data\tamaulipas\json_predial\2025\TAMPS_PREDIAL_2025_nuevo_laredo.json
nuevo_morelos,Nuevo Morelos,2010,tarifa_millar,True,2,0,0,0,0,,data\tamaulipas\json_predial\2010\TAMPS_PREDIAL_2010_nuevo_morelos.json
nuevo_morelos,Nuevo Morelos,2011,tarifa_millar,True,2,0,0,0,0,,data\tamaulipas\json_predial\2011\TAMPS_PREDIAL_2011_nuevo_morelos.json
nuevo_morelos,Nuevo Morelos,2012,tarifa_millar,True,2,0,0,0,0,,data\tamaulipas\json_predial\2012\TAMPS_PREDIAL_2012_nuevo_morelos.json
nuevo_morelos,Nuevo Morelos,2013,tarifa_millar,True,2,0,0,0,0,,data\tamaulipas\json_predial\2013\TAMPS_PREDIAL_2013_nuevo_morelos.json
nuevo_morelos,Nuevo Morelos,2014,tarifa_millar,True,5,0,0,0,0,cambio_brusco_n_filas_2_a_5,data\tamaulipas\json_predial\2014\TAMPS_PREDIAL_2014_nuevo_morelos.json
nuevo_morelos,Nuevo Morelos,2015,tarifa_millar,True,5,0,0,0,0,,data\tamaulipas\json_predial\2015\TAMPS_PREDIAL_2015_nuevo_morelos.json
nuevo_morelos,Nuevo Morelos,2016,tarifa_millar,True,5,0,0,0,0,,data\tamaulipas\json_predial\2016\TAMPS_PREDIAL_2016_nuevo_morelos.json
nuevo_morelos,Nuevo Morelos,2017,tarifa_millar,True,5,0,0,0,0,,data\tamaulipas\json_predial\2017\TAMPS_PREDIAL_2017_nuevo_morelos.json
nuevo_morelos,Nuevo Morelos,2018,tarifa_millar,True,5,0,0,0,0,,data\tamaulipas\json_predial\2018\TAMPS_PREDIAL_2018_nuevo_morelos.json
nuevo_morelos,Nuevo Morelos,2019,tarifa_millar,True,5,0,0,0,0,,data\tamaulipas\json_predial\2019\TAMPS_PREDIAL_2019_nuevo_morelos.json
nuevo_morelos,Nuevo Morelos,2020,tarifa_millar,True,5,0,0,0,0,,data\tamaulipas\json_predial\2020\TAMPS_PREDIAL_2020_nuevo_morelos.json
nuevo_morelos,Nuevo Morelos,2021,tarifa_millar,True,5,0,0,0,0,,data\tamaulipas\json_predial\2021\TAMPS_PREDIAL_2021_nuevo_morelos.json
nuevo_morelos,Nuevo Morelos,2022,tarifa_millar,True,5,0,0,0,0,,data\tamaulipas\json_predial\2022\TAMPS_PREDIAL_2022_nuevo_morelos.json
nuevo_morelos,Nuevo Morelos,2023,tarifa_millar,True,5,0,0,0,0,,data\tamaulipas\json_predial\2023\TAMPS_PREDIAL_2023_nuevo_morelos.json
nuevo_morelos,Nuevo Morelos,2024,tarifa_millar,True,5,0,0,0,0,,data\tamaulipas\json_predial\2024\TAMPS_PREDIAL_2024_nuevo_morelos.json
nuevo_morelos,Nuevo Morelos,2025,tarifa_millar,True,5,0,0,0,0,,data\tamaulipas\json_predial\2025\TAMPS_PREDIAL_2025_nuevo_morelos.json
ocampo,Ocampo,2010,tarifa_millar,True,2,0,0,0,0,,data\tamaulipas\json_predial\2010\TAMPS_PREDIAL_2010_ocampo.json
ocampo,Ocampo,2011,tarifa_millar,True,2,0,0,0,0,,data\tamaulipas\json_predial\2011\TAMPS_PREDIAL_2011_ocampo.json
ocampo,Ocampo,2012,tarifa_millar,True,2,0,0,0,0,,data\tamaulipas\json_predial\2012\TAMPS_PREDIAL_2012_ocampo.json
ocampo,Ocampo,2013,tarifa_millar,True,4,0,0,0,0,,data\tamaulipas\json_predial\2013\TAMPS_PREDIAL_2013_ocampo.json
ocampo,Ocampo,2014,tarifa_millar,True,2,0,0,0,0,,data\tamaulipas\json_predial\2014\TAMPS_PREDIAL_2014_ocampo.json
ocampo,Ocampo,2015,tarifa_millar,True,2,0,0,0,0,,data\tamaulipas\json_predial\2015\TAMPS_PREDIAL_2015_ocampo.json
ocampo,Ocampo,2016,tarifa_millar,True,2,0,0,0,0,,data\tamaulipas\json_predial\2016\TAMPS_PREDIAL_2016_ocampo.json
ocampo,Ocampo,2017,tarifa_millar,True,2,0,0,0,0,,data\tamaulipas\json_predial\2017\TAMPS_PREDIAL_2017_ocampo.json
ocampo,Ocampo,2018,tarifa_millar,True,2,0,0,0,0,,data\tamaulipas\json_predial\2018\TAMPS_PREDIAL_2018_ocampo.json
ocampo,Ocampo,2019,tarifa_millar,True,2,0,0,0,0,,data\tamaulipas\json_predial\2019\TAMPS_PREDIAL_2019_ocampo.json
ocampo,Ocampo,2020,tarifa_millar,True,1,0,0,0,0,,data\tamaulipas\json_predial\2020\TAMPS_PREDIAL_2020_ocampo.json
ocampo,Ocampo,2021,tarifa_millar,False,1,0,0,0,0,,data\tamaulipas\json_predial\2021\TAMPS_PREDIAL_2021_ocampo.json
ocampo,Ocampo,2022,tarifa_millar,True,1,0,0,0,0,,data\tamaulipas\json_predial\2022\TAMPS_PREDIAL_2022_ocampo.json
ocampo,Ocampo,2023,tarifa_millar,False,1,0,0,0,0,,data\tamaulipas\json_predial\2023\TAMPS_PREDIAL_2023_ocampo.json
ocampo,Ocampo,2024,tarifa_millar,False,1,0,0,0,0,,data\tamaulipas\json_predial\2024\TAMPS_PREDIAL_2024_ocampo.json
ocampo,Ocampo,2025,tasa_unica,True,0,0,1,0,0,,data\tamaulipas\json_predial\2025\TAMPS_PREDIAL_2025_ocampo.json
padilla,Padilla,2010,tarifa_millar,True,4,0,0,0,0,,data\tamaulipas\json_predial\2010\TAMPS_PREDIAL_2010_padilla.json
padilla,Padilla,2011,tarifa_millar,True,4,0,0,0,0,,data\tamaulipas\json_predial\2011\TAMPS_PREDIAL_2011_padilla.json
padilla,Padilla,2012,tarifa_millar,True,4,0,0,0,0,,data\tamaulipas\json_predial\2012\TAMPS_PREDIAL_2012_padilla.json
padilla,Padilla,2013,tarifa_millar,True,4,0,0,0,0,,data\tamaulipas\json_predial\2013\TAMPS_PREDIAL_2013_padilla.json
padilla,Padilla,2014,tarifa_millar,True,4,0,0,0,0,,data\tamaulipas\json_predial\2014\TAMPS_PREDIAL_2014_padilla.json
padilla,Padilla,2015,tarifa_millar,True,4,0,0,0,0,,data\tamaulipas\json_predial\2015\TAMPS_PREDIAL_2015_padilla.json
padilla,Padilla,2016,tarifa_millar,True,4,0,0,0,0,,data\tamaulipas\json_predial\2016\TAMPS_PREDIAL_2016_padilla.json
padilla,Padilla,2017,tarifa_millar,True,4,0,0,0,0,,data\tamaulipas\json_predial\2017\TAMPS_PREDIAL_2017_padilla.json
padilla,Padilla,2018,tarifa_millar,True,4,0,0,0,0,,data\tamaulipas\json_predial\2018\TAMPS_PREDIAL_2018_padilla.json
padilla,Padilla,2019,tarifa_millar,True,4,0,0,0,0,,data\tamaulipas\json_predial\2019\TAMPS_PREDIAL_2019_padilla.json
padilla,Padilla,2020,tarifa_millar,True,4,0,0,0,0,,data\tamaulipas\json_predial\2020\TAMPS_PREDIAL_2020_padilla.json
padilla,Padilla,2021,tarifa_millar,True,4,0,0,0,0,,data\tamaulipas\json_predial\2021\TAMPS_PREDIAL_2021_padilla.json
padilla,Padilla,2022,tarifa_millar,True,4,0,0,0,0,,data\tamaulipas\json_predial\2022\TAMPS_PREDIAL_2022_padilla.json
padilla,Padilla,2023,tarifa_millar,True,4,0,0,0,0,,data\tamaulipas\json_predial\2023\TAMPS_PREDIAL_2023_padilla.json
padilla,Padilla,2024,tarifa_millar,True,4,0,0,0,0,,data\tamaulipas\json_predial\2024\TAMPS_PREDIAL_2024_padilla.json
padilla,Padilla,2025,tarifa_millar,True,4,0,0,0,0,,data\tamaulipas\json_predial\2025\TAMPS_PREDIAL_2025_padilla.json
palmillas,Palmillas,2010,tarifa_millar,True,4,0,0,0,0,,data\tamaulipas\json_predial\2010\TAMPS_PREDIAL_2010_palmillas.json
palmillas,Palmillas,2011,tarifa_millar,True,4,0,0,0,0,,data\tamaulipas\json_predial\2011\TAMPS_PREDIAL_2011_palmillas.json
palmillas,Palmillas,2012,tarifa_millar,True,4,0,0,0,0,,data\tamaulipas\json_predial\2012\TAMPS_PREDIAL_2012_palmillas.json
palmillas,Palmillas,2013,tarifa_millar,True,4,0,0,0,0,,data\tamaulipas\json_predial\2013\TAMPS_PREDIAL_2013_palmillas.json
palmillas,Palmillas,2014,tarifa_millar,True,4,0,0,0,0,,data\tamaulipas\json_predial\2014\TAMPS_PREDIAL_2014_palmillas.json
palmillas,Palmillas,2015,tarifa_millar,True,4,0,0,0,0,,data\tamaulipas\json_predial\2015\TAMPS_PREDIAL_2015_palmillas.json
palmillas,Palmillas,2016,tarifa_millar,True,4,0,0,0,0,,data\tamaulipas\json_predial\2016\TAMPS_PREDIAL_2016_palmillas.json
palmillas,Palmillas,2017,tarifa_millar,True,4,0,0,0,0,,data\tamaulipas\json_predial\2017\TAMPS_PREDIAL_2017_palmillas.json
palmillas,Palmillas,2018,tarifa_millar,True,4,0,0,0,0,,data\tamaulipas\json_predial\2018\TAMPS_PREDIAL_2018_palmillas.json
palmillas,Palmillas,2019,tarifa_millar,True,4,0,0,0,0,,data\tamaulipas\json_predial\2019\TAMPS_PREDIAL_2019_palmillas.json
palmillas,Palmillas,2020,tarifa_millar,True,4,0,0,0,0,,data\tamaulipas\json_predial\2020\TAMPS_PREDIAL_2020_palmillas.json
palmillas,Palmillas,2021,tarifa_millar,True,4,0,0,0,0,,data\tamaulipas\json_predial\2021\TAMPS_PREDIAL_2021_palmillas.json
palmillas,Palmillas,2022,tarifa_millar,True,4,0,0,0,0,,data\tamaulipas\json_predial\2022\TAMPS_PREDIAL_2022_palmillas.json
palmillas,Palmillas,2023,tarifa_millar,True,4,0,0,0,0,,data\tamaulipas\json_predial\2023\TAMPS_PREDIAL_2023_palmillas.json
palmillas,Palmillas,2024,tarifa_millar,True,4,0,0,0,0,,data\tamaulipas\json_predial\2024\TAMPS_PREDIAL_2024_palmillas.json
palmillas,Palmillas,2025,tarifa_millar,True,4,0,0,0,0,,data\tamaulipas\json_predial\2025\TAMPS_PREDIAL_2025_palmillas.json
reynosa,Reynosa,2010,tarifa_millar,True,9,0,0,0,0,,data\tamaulipas\json_predial\2010\TAMPS_PREDIAL_2010_reynosa.json
reynosa,Reynosa,2011,tarifa_millar,True,9,0,0,0,0,,data\tamaulipas\json_predial\2011\TAMPS_PREDIAL_2011_reynosa.json
reynosa,Reynosa,2012,tarifa_millar,True,9,0,0,0,0,,data\tamaulipas\json_predial\2012\TAMPS_PREDIAL_2012_reynosa.json
reynosa,Reynosa,2013,tarifa_millar,True,10,0,0,0,0,,data\tamaulipas\json_predial\2013\TAMPS_PREDIAL_2013_reynosa.json
reynosa,Reynosa,2014,tarifa_millar,True,10,0,0,0,0,,data\tamaulipas\json_predial\2014\TAMPS_PREDIAL_2014_reynosa.json
reynosa,Reynosa,2015,tarifa_millar,True,10,0,0,0,0,,data\tamaulipas\json_predial\2015\TAMPS_PREDIAL_2015_reynosa.json
reynosa,Reynosa,2016,tarifa_millar,True,10,0,0,0,0,,data\tamaulipas\json_predial\2016\TAMPS_PREDIAL_2016_reynosa.json
reynosa,Reynosa,2017,tarifa_millar,True,10,0,0,0,0,,data\tamaulipas\json_predial\2017\TAMPS_PREDIAL_2017_reynosa.json
reynosa,Reynosa,2018,tarifa_millar,True,10,0,0,0,0,,data\tamaulipas\json_predial\2018\TAMPS_PREDIAL_2018_reynosa.json
reynosa,Reynosa,2019,tarifa_millar,True,10,0,0,0,0,,data\tamaulipas\json_predial\2019\TAMPS_PREDIAL_2019_reynosa.json
reynosa,Reynosa,2020,tarifa_millar,True,10,0,0,0,0,,data\tamaulipas\json_predial\2020\TAMPS_PREDIAL_2020_reynosa.json
reynosa,Reynosa,2021,tarifa_millar,True,10,0,0,0,0,,data\tamaulipas\json_predial\2021\TAMPS_PREDIAL_2021_reynosa.json
reynosa,Reynosa,2022,tarifa_millar,True,10,0,0,0,0,,data\tamaulipas\json_predial\2022\TAMPS_PREDIAL_2022_reynosa.json
reynosa,Reynosa,2023,tarifa_millar,True,10,0,0,0,0,,data\tamaulipas\json_predial\2023\TAMPS_PREDIAL_2023_reynosa.json
reynosa,Reynosa,2024,tarifa_millar,True,10,0,0,0,0,,data\tamaulipas\json_predial\2024\TAMPS_PREDIAL_2024_reynosa.json
reynosa,Reynosa,2025,tarifa_millar,True,10,0,0,0,0,,data\tamaulipas\json_predial\2025\TAMPS_PREDIAL_2025_reynosa.json
rio_bravo,Rio Bravo,2010,tarifa_millar,True,4,0,0,0,0,,data\tamaulipas\json_predial\2010\TAMPS_PREDIAL_2010_rio_bravo.json
rio_bravo,Rio Bravo,2011,tarifa_millar,True,4,0,0,0,0,,data\tamaulipas\json_predial\2011\TAMPS_PREDIAL_2011_rio_bravo.json
rio_bravo,Rio Bravo,2012,tarifa_millar,True,5,0,0,0,0,,data\tamaulipas\json_predial\2012\TAMPS_PREDIAL_2012_rio_bravo.json
rio_bravo,Rio Bravo,2013,tarifa_millar,True,5,0,0,0,0,,data\tamaulipas\json_predial\2013\TAMPS_PREDIAL_2013_rio_bravo.json
rio_bravo,Rio Bravo,2014,tarifa_millar,True,5,0,0,0,0,,data\tamaulipas\json_predial\2014\TAMPS_PREDIAL_2014_rio_bravo.json
rio_bravo,Rio Bravo,2015,tarifa_millar,True,5,0,0,0,0,,data\tamaulipas\json_predial\2015\TAMPS_PREDIAL_2015_rio_bravo.json
rio_bravo,Rio Bravo,2016,tarifa_millar,True,5,0,0,0,0,,data\tamaulipas\json_predial\2016\TAMPS_PREDIAL_2016_rio_bravo.json
rio_bravo,Rio Bravo,2017,tarifa_millar,True,5,0,0,0,0,,data\tamaulipas\json_predial\2017\TAMPS_PREDIAL_2017_rio_bravo.json
rio_bravo,Rio Bravo,2018,tarifa_millar,True,4,0,0,0,0,,data\tamaulipas\json_predial\2018\TAMPS_PREDIAL_2018_rio_bravo.json
rio_bravo,Rio Bravo,2019,tarifa_millar,True,6,0,0,0,0,,data\tamaulipas\json_predial\2019\TAMPS_PREDIAL_2019_rio_bravo.json
rio_bravo,Rio Bravo,2020,tarifa_millar,True,6,0,0,0,0,,data\tamaulipas\json_predial\2020\TAMPS_PREDIAL_2020_rio_bravo.json
rio_bravo,Rio Bravo,2021,tarifa_millar,True,6,0,0,0,0,,data\tamaulipas\json_predial\2021\TAMPS_PREDIAL_2021_rio_bravo.json
rio_bravo,Rio Bravo,2022,tarifa_millar,True,6,0,0,0,0,,data\tamaulipas\json_predial\2022\TAMPS_PREDIAL_2022_rio_bravo.json
rio_bravo,Rio Bravo,2023,tarifa_millar,True,6,0,0,0,0,,data\tamaulipas\json_predial\2023\TAMPS_PREDIAL_2023_rio_bravo.json
rio_bravo,Rio Bravo,2024,tarifa_millar,True,6,0,0,0,0,,data\tamaulipas\json_predial\2024\TAMPS_PREDIAL_2024_rio_bravo.json
rio_bravo,Rio Bravo,2025,tarifa_millar,True,6,0,0,0,0,,data\tamaulipas\json_predial\2025\TAMPS_PREDIAL_2025_rio_bravo.json
san_carlos,San Carlos,2010,tarifa_millar,True,2,0,0,0,0,,data\tamaulipas\json_predial\2010\TAMPS_PREDIAL_2010_san_carlos.json
san_carlos,San Carlos,2011,tarifa_millar,True,2,0,0,0,0,,data\tamaulipas\json_predial\2011\TAMPS_PREDIAL_2011_san_carlos.json
san_carlos,San Carlos,2012,tarifa_millar,True,2,0,0,0,0,,data\tamaulipas\json_predial\2012\TAMPS_PREDIAL_2012_san_carlos.json
san_carlos,San Carlos,2013,tarifa_millar,True,2,0,0,0,0,,data\tamaulipas\json_predial\2013\TAMPS_PREDIAL_2013_san_carlos.json
san_carlos,San Carlos,2014,tarifa_millar,True,5,0,0,0,0,cambio_brusco_n_filas_2_a_5,data\tamaulipas\json_predial\2014\TAMPS_PREDIAL_2014_san_carlos.json
san_carlos,San Carlos,2015,tarifa_millar,True,5,0,0,0,0,,data\tamaulipas\json_predial\2015\TAMPS_PREDIAL_2015_san_carlos.json
san_carlos,San Carlos,2016,tarifa_millar,True,5,0,0,0,0,,data\tamaulipas\json_predial\2016\TAMPS_PREDIAL_2016_san_carlos.json
san_carlos,San Carlos,2017,tarifa_millar,True,5,0,0,0,0,,data\tamaulipas\json_predial\2017\TAMPS_PREDIAL_2017_san_carlos.json
san_carlos,San Carlos,2018,tarifa_millar,True,5,0,0,0,0,,data\tamaulipas\json_predial\2018\TAMPS_PREDIAL_2018_san_carlos.json
san_carlos,San Carlos,2019,tarifa_millar,True,5,0,0,0,0,,data\tamaulipas\json_predial\2019\TAMPS_PREDIAL_2019_san_carlos.json
san_carlos,San Carlos,2020,tarifa_millar,True,5,0,0,0,0,,data\tamaulipas\json_predial\2020\TAMPS_PREDIAL_2020_san_carlos.json
san_carlos,San Carlos,2021,tarifa_millar,True,5,0,0,0,0,,data\tamaulipas\json_predial\2021\TAMPS_PREDIAL_2021_san_carlos.json
san_carlos,San Carlos,2022,tarifa_millar,True,5,0,0,0,0,,data\tamaulipas\json_predial\2022\TAMPS_PREDIAL_2022_san_carlos.json
san_carlos,San Carlos,2023,tarifa_millar,True,5,0,0,0,0,,data\tamaulipas\json_predial\2023\TAMPS_PREDIAL_2023_san_carlos.json
san_carlos,San Carlos,2024,tarifa_millar,True,5,0,0,0,0,,data\tamaulipas\json_predial\2024\TAMPS_PREDIAL_2024_san_carlos.json
san_carlos,San Carlos,2025,tarifa_millar,True,5,0,0,0,0,,data\tamaulipas\json_predial\2025\TAMPS_PREDIAL_2025_san_carlos.json
san_fernando,San Fernando,2010,tarifa_millar,True,3,0,0,0,0,,data\tamaulipas\json_predial\2010\TAMPS_PREDIAL_2010_san_fernando.json
san_fernando,San Fernando,2011,tarifa_millar,True,3,0,0,0,0,,data\tamaulipas\json_predial\2011\TAMPS_PREDIAL_2011_san_fernando.json
san_fernando,San Fernando,2012,tarifa_millar,True,2,0,0,0,0,,data\tamaulipas\json_predial\2012\TAMPS_PREDIAL_2012_san_fernando.json
san_fernando,San Fernando,2013,tarifa_millar,True,4,0,0,0,0,,data\tamaulipas\json_predial\2013\TAMPS_PREDIAL_2013_san_fernando.json
san_fernando,San Fernando,2014,tarifa_millar,True,5,0,0,0,0,,data\tamaulipas\json_predial\2014\TAMPS_PREDIAL_2014_san_fernando.json
san_fernando,San Fernando,2015,tarifa_millar,True,5,0,0,0,0,,data\tamaulipas\json_predial\2015\TAMPS_PREDIAL_2015_san_fernando.json
san_fernando,San Fernando,2016,tarifa_millar,True,5,0,0,0,0,,data\tamaulipas\json_predial\2016\TAMPS_PREDIAL_2016_san_fernando.json
san_fernando,San Fernando,2017,tarifa_millar,True,5,0,0,0,0,,data\tamaulipas\json_predial\2017\TAMPS_PREDIAL_2017_san_fernando.json
san_fernando,San Fernando,2018,tarifa_millar,True,5,0,0,0,0,,data\tamaulipas\json_predial\2018\TAMPS_PREDIAL_2018_san_fernando.json
san_fernando,San Fernando,2019,tarifa_millar,True,5,0,0,0,0,,data\tamaulipas\json_predial\2019\TAMPS_PREDIAL_2019_san_fernando.json
san_fernando,San Fernando,2020,tarifa_millar,True,5,0,0,0,0,,data\tamaulipas\json_predial\2020\TAMPS_PREDIAL_2020_san_fernando.json
san_fernando,San Fernando,2021,tarifa_millar,True,5,0,0,0,0,,data\tamaulipas\json_predial\2021\TAMPS_PREDIAL_2021_san_fernando.json
san_fernando,San Fernando,2022,tarifa_millar,True,5,0,0,0,0,,data\tamaulipas\json_predial\2022\TAMPS_PREDIAL_2022_san_fernando.json
san_fernando,San Fernando,2023,tarifa_millar,True,5,0,0,0,0,,data\tamaulipas\json_predial\2023\TAMPS_PREDIAL_2023_san_fernando.json
san_fernando,San Fernando,2024,tarifa_millar,True,5,0,0,0,0,,data\tamaulipas\json_predial\2024\TAMPS_PREDIAL_2024_san_fernando.json
san_fernando,San Fernando,2025,tarifa_millar,True,5,0,0,0,0,,data\tamaulipas\json_predial\2025\TAMPS_PREDIAL_2025_san_fernando.json
san_nicolas,San Nicolas,2010,tarifa_millar,True,2,0,0,0,0,,data\tamaulipas\json_predial\2010\TAMPS_PREDIAL_2010_san_nicolas.json
san_nicolas,San Nicolas,2011,tarifa_millar,True,2,0,0,0,0,,data\tamaulipas\json_predial\2011\TAMPS_PREDIAL_2011_san_nicolas.json
san_nicolas,San Nicolas,2012,tarifa_millar,True,2,0,0,0,0,,data\tamaulipas\json_predial\2012\TAMPS_PREDIAL_2012_san_nicolas.json
san_nicolas,San Nicolas,2013,tarifa_millar,True,2,0,0,0,0,,data\tamaulipas\json_predial\2013\TAMPS_PREDIAL_2013_san_nicolas.json
san_nicolas,San Nicolas,2014,tarifa_millar,True,4,0,0,0,0,,data\tamaulipas\json_predial\2014\TAMPS_PREDIAL_2014_san_nicolas.json
san_nicolas,San Nicolas,2015,tarifa_millar,True,4,0,0,0,0,,data\tamaulipas\json_predial\2015\TAMPS_PREDIAL_2015_san_nicolas.json
san_nicolas,San Nicolas,2016,tarifa_millar,True,4,0,0,0,0,,data\tamaulipas\json_predial\2016\TAMPS_PREDIAL_2016_san_nicolas.json
san_nicolas,San Nicolas,2017,tarifa_millar,True,4,0,0,0,0,,data\tamaulipas\json_predial\2017\TAMPS_PREDIAL_2017_san_nicolas.json
san_nicolas,San Nicolas,2018,tarifa_millar,True,4,0,0,0,0,,data\tamaulipas\json_predial\2018\TAMPS_PREDIAL_2018_san_nicolas.json
san_nicolas,San Nicolas,2019,tarifa_millar,True,4,0,0,0,0,,data\tamaulipas\json_predial\2019\TAMPS_PREDIAL_2019_san_nicolas.json
san_nicolas,San Nicolas,2020,tarifa_millar,True,4,0,0,0,0,,data\tamaulipas\json_predial\2020\TAMPS_PREDIAL_2020_san_nicolas.json
san_nicolas,San Nicolas,2021,tarifa_millar,True,4,0,0,0,0,,data\tamaulipas\json_predial\2021\TAMPS_PREDIAL_2021_san_nicolas.json
san_nicolas,San Nicolas,2022,tarifa_millar,True,4,0,0,0,0,,data\tamaulipas\json_predial\2022\TAMPS_PREDIAL_2022_san_nicolas.json
san_nicolas,San Nicolas,2023,tarifa_millar,True,4,0,0,0,0,,data\tamaulipas\json_predial\2023\TAMPS_PREDIAL_2023_san_nicolas.json
san_nicolas,San Nicolas,2024,tarifa_millar,True,4,0,0,0,0,,data\tamaulipas\json_predial\2024\TAMPS_PREDIAL_2024_san_nicolas.json
san_nicolas,San Nicolas,2025,tarifa_millar,True,4,0,0,0,0,,data\tamaulipas\json_predial\2025\TAMPS_PREDIAL_2025_san_nicolas.json
soto_la_marina,Soto La Marina,2010,tarifa_millar,True,4,0,0,0,0,,data\tamaulipas\json_predial\2010\TAMPS_PREDIAL_2010_soto_la_marina.json
soto_la_marina,Soto La Marina,2011,tarifa_millar,True,4,0,0,0,0,,data\tamaulipas\json_predial\2011\TAMPS_PREDIAL_2011_soto_la_marina.json
soto_la_marina,Soto La Marina,2012,tarifa_millar,True,4,0,0,0,0,,data\tamaulipas\json_predial\2012\TAMPS_PREDIAL_2012_soto_la_marina.json
soto_la_marina,Soto La Marina,2013,tarifa_millar,True,4,0,0,0,0,,data\tamaulipas\json_predial\2013\TAMPS_PREDIAL_2013_soto_la_marina.json
soto_la_marina,Soto La Marina,2014,tarifa_millar,True,5,0,0,0,0,,data\tamaulipas\json_predial\2014\TAMPS_PREDIAL_2014_soto_la_marina.json
soto_la_marina,Soto La Marina,2015,tarifa_millar,True,5,0,0,0,0,,data\tamaulipas\json_predial\2015\TAMPS_PREDIAL_2015_soto_la_marina.json
soto_la_marina,Soto La Marina,2016,tarifa_millar,True,5,0,0,0,0,,data\tamaulipas\json_predial\2016\TAMPS_PREDIAL_2016_soto_la_marina.json
soto_la_marina,Soto La Marina,2017,tarifa_millar,True,5,0,0,0,0,,data\tamaulipas\json_predial\2017\TAMPS_PREDIAL_2017_soto_la_marina.json
soto_la_marina,Soto La Marina,2018,tarifa_millar,True,5,0,0,0,0,,data\tamaulipas\json_predial\2018\TAMPS_PREDIAL_2018_soto_la_marina.json
soto_la_marina,Soto La Marina,2019,tarifa_millar,True,5,0,0,0,0,,data\tamaulipas\json_predial\2019\TAMPS_PREDIAL_2019_soto_la_marina.json
soto_la_marina,Soto La Marina,2020,tarifa_millar,True,5,0,0,0,0,,data\tamaulipas\json_predial\2020\TAMPS_PREDIAL_2020_soto_la_marina.json
soto_la_marina,Soto La Marina,2021,tarifa_millar,True,5,0,0,0,0,,data\tamaulipas\json_predial\2021\TAMPS_PREDIAL_2021_soto_la_marina.json
soto_la_marina,Soto La Marina,2022,tarifa_millar,True,5,0,0,0,0,,data\tamaulipas\json_predial\2022\TAMPS_PREDIAL_2022_soto_la_marina.json
soto_la_marina,Soto La Marina,2023,tarifa_millar,True,5,0,0,0,0,,data\tamaulipas\json_predial\2023\TAMPS_PREDIAL_2023_soto_la_marina.json
soto_la_marina,Soto La Marina,2024,tarifa_millar,True,5,0,0,0,0,,data\tamaulipas\json_predial\2024\TAMPS_PREDIAL_2024_soto_la_marina.json
soto_la_marina,Soto La Marina,2025,tarifa_millar,True,5,0,0,0,0,,data\tamaulipas\json_predial\2025\TAMPS_PREDIAL_2025_soto_la_marina.json
tampico,Tampico,2010,progresivo,True,0,10,0,0,0,,data\tamaulipas\json_predial\2010\TAMPS_PREDIAL_2010_tampico.json
tampico,Tampico,2011,mixto,True,0,0,0,0,10,cambio_esquema_progresivo_a_mixto_desde_2010|mixta_row10_columnas_vacias|mixta_row1_columnas_vacias|mixta_row2_columnas_vacias|mixta_row3_columnas_vacias|mixta_row4_columnas_vacias|mixta_row5_columnas_vacias|mixta_row6_columnas_vacias|mixta_row7_columnas_vacias|mixta_row8_columnas_vacias|mixta_row9_columnas_vacias,data\tamaulipas\json_predial\2011\TAMPS_PREDIAL_2011_tampico.json
tampico,Tampico,2012,progresivo,True,1,10,0,0,0,cambio_esquema_mixto_a_progresivo_desde_2011|tipo_progresivo_con_tabla_tarifa_no_vacia,data\tamaulipas\json_predial\2012\TAMPS_PREDIAL_2012_tampico.json
tampico,Tampico,2013,progresivo,True,1,10,0,0,0,tipo_progresivo_con_tabla_tarifa_no_vacia,data\tamaulipas\json_predial\2013\TAMPS_PREDIAL_2013_tampico.json
tampico,Tampico,2014,progresivo,True,1,10,0,0,0,tipo_progresivo_con_tabla_tarifa_no_vacia,data\tamaulipas\json_predial\2014\TAMPS_PREDIAL_2014_tampico.json
tampico,Tampico,2015,mixto,True,1,0,0,0,10,cambio_brusco_n_filas_11_a_1|cambio_esquema_progresivo_a_mixto_desde_2014|mixta_row10_columnas_vacias|mixta_row1_columnas_vacias|mixta_row2_columnas_vacias|mixta_row3_columnas_vacias|mixta_row4_columnas_vacias|mixta_row5_columnas_vacias|mixta_row6_columnas_vacias|mixta_row7_columnas_vacias|mixta_row8_columnas_vacias|mixta_row9_columnas_vacias,data\tamaulipas\json_predial\2015\TAMPS_PREDIAL_2015_tampico.json
tampico,Tampico,2016,progresivo,True,1,10,0,0,0,cambio_brusco_n_filas_1_a_11|cambio_esquema_mixto_a_progresivo_desde_2015|tipo_progresivo_con_tabla_tarifa_no_vacia,data\tamaulipas\json_predial\2016\TAMPS_PREDIAL_2016_tampico.json
tampico,Tampico,2017,progresivo,True,1,10,0,0,0,tipo_progresivo_con_tabla_tarifa_no_vacia,data\tamaulipas\json_predial\2017\TAMPS_PREDIAL_2017_tampico.json
tampico,Tampico,2018,mixto,True,1,0,0,0,10,cambio_brusco_n_filas_11_a_1|cambio_esquema_progresivo_a_mixto_desde_2017|mixta_row10_columnas_vacias|mixta_row1_columnas_vacias|mixta_row2_columnas_vacias|mixta_row3_columnas_vacias|mixta_row4_columnas_vacias|mixta_row5_columnas_vacias|mixta_row6_columnas_vacias|mixta_row7_columnas_vacias|mixta_row8_columnas_vacias|mixta_row9_columnas_vacias,data\tamaulipas\json_predial\2018\TAMPS_PREDIAL_2018_tampico.json
tampico,Tampico,2019,progresivo,True,1,10,0,0,0,cambio_brusco_n_filas_1_a_11|cambio_esquema_mixto_a_progresivo_desde_2018|tipo_progresivo_con_tabla_tarifa_no_vacia,data\tamaulipas\json_predial\2019\TAMPS_PREDIAL_2019_tampico.json
tampico,Tampico,2020,mixto,True,1,0,0,0,10,cambio_brusco_n_filas_11_a_1|cambio_esquema_progresivo_a_mixto_desde_2019|mixta_row10_columnas_vacias|mixta_row1_columnas_vacias|mixta_row2_columnas_vacias|mixta_row3_columnas_vacias|mixta_row4_columnas_vacias|mixta_row5_columnas_vacias|mixta_row6_columnas_vacias|mixta_row7_columnas_vacias|mixta_row8_columnas_vacias|mixta_row9_columnas_vacias,data\tamaulipas\json_predial\2020\TAMPS_PREDIAL_2020_tampico.json
tampico,Tampico,2021,mixto,True,1,0,0,0,10,mixta_row1_columnas_vacias|mixta_row2_columnas_vacias|mixta_row3_columnas_vacias|mixta_row4_columnas_vacias|mixta_row5_columnas_vacias|mixta_row6_columnas_vacias|mixta_row7_columnas_vacias|mixta_row8_columnas_vacias|mixta_row9_columnas_vacias|mixta_row10_columnas_vacias,data\tamaulipas\json_predial\2021\TAMPS_PREDIAL_2021_tampico.json
tampico,Tampico,2022,mixto,True,1,0,0,0,10,mixta_row1_columnas_vacias|mixta_row2_columnas_vacias|mixta_row3_columnas_vacias|mixta_row4_columnas_vacias|mixta_row5_columnas_vacias|mixta_row6_columnas_vacias|mixta_row7_columnas_vacias|mixta_row8_columnas_vacias|mixta_row9_columnas_vacias|mixta_row10_columnas_vacias,data\tamaulipas\json_predial\2022\TAMPS_PREDIAL_2022_tampico.json
tampico,Tampico,2023,mixto,True,1,0,0,0,10,mixta_row1_columnas_vacias|mixta_row2_columnas_vacias|mixta_row3_columnas_vacias|mixta_row4_columnas_vacias|mixta_row5_columnas_vacias|mixta_row6_columnas_vacias|mixta_row7_columnas_vacias|mixta_row8_columnas_vacias|mixta_row9_columnas_vacias|mixta_row10_columnas_vacias,data\tamaulipas\json_predial\2023\TAMPS_PREDIAL_2023_tampico.json
tampico,Tampico,2024,progresivo,True,1,10,0,0,0,cambio_brusco_n_filas_1_a_11|cambio_esquema_mixto_a_progresivo_desde_2023|tipo_progresivo_con_tabla_tarifa_no_vacia,data\tamaulipas\json_predial\2024\TAMPS_PREDIAL_2024_tampico.json
tampico,Tampico,2025,mixto,True,1,0,0,0,10,cambio_brusco_n_filas_11_a_1|cambio_esquema_progresivo_a_mixto_desde_2024|mixta_row10_columnas_vacias|mixta_row1_columnas_vacias|mixta_row2_columnas_vacias|mixta_row3_columnas_vacias|mixta_row4_columnas_vacias|mixta_row5_columnas_vacias|mixta_row6_columnas_vacias|mixta_row7_columnas_vacias|mixta_row8_columnas_vacias|mixta_row9_columnas_vacias,data\tamaulipas\json_predial\2025\TAMPS_PREDIAL_2025_tampico.json
tula,Tula,2010,tarifa_millar,True,4,0,0,0,0,,data\tamaulipas\json_predial\2010\TAMPS_PREDIAL_2010_tula.json
tula,Tula,2011,tarifa_millar,True,4,0,0,0,0,,data\tamaulipas\json_predial\2011\TAMPS_PREDIAL_2011_tula.json
tula,Tula,2012,tarifa_millar,True,4,0,0,0,0,,data\tamaulipas\json_predial\2012\TAMPS_PREDIAL_2012_tula.json
tula,Tula,2013,tarifa_millar,True,4,0,0,0,0,,data\tamaulipas\json_predial\2013\TAMPS_PREDIAL_2013_tula.json
tula,Tula,2014,tarifa_millar,True,4,0,0,0,0,,data\tamaulipas\json_predial\2014\TAMPS_PREDIAL_2014_tula.json
tula,Tula,2015,tarifa_millar,True,4,0,0,0,0,,data\tamaulipas\json_predial\2015\TAMPS_PREDIAL_2015_tula.json
tula,Tula,2016,tarifa_millar,True,4,0,0,0,0,,data\tamaulipas\json_predial\2016\TAMPS_PREDIAL_2016_tula.json
tula,Tula,2017,tarifa_millar,True,4,0,0,0,0,,data\tamaulipas\json_predial\2017\TAMPS_PREDIAL_2017_tula.json
tula,Tula,2018,tarifa_millar,True,4,0,0,0,0,,data\tamaulipas\json_predial\2018\TAMPS_PREDIAL_2018_tula.json
tula,Tula,2019,tarifa_millar,True,4,0,0,0,0,,data\tamaulipas\json_predial\2019\TAMPS_PREDIAL_2019_tula.json
tula,Tula,2020,tarifa_millar,True,4,0,0,0,0,,data\tamaulipas\json_predial\2020\TAMPS_PREDIAL_2020_tula.json
tula,Tula,2021,tarifa_millar,True,4,0,0,0,0,,data\tamaulipas\json_predial\2021\TAMPS_PREDIAL_2021_tula.json
tula,Tula,2022,tarifa_millar,True,4,0,0,0,0,,data\tamaulipas\json_predial\2022\TAMPS_PREDIAL_2022_tula.json
tula,Tula,2023,tarifa_millar,True,4,0,0,0,0,,data\tamaulipas\json_predial\2023\TAMPS_PREDIAL_2023_tula.json
tula,Tula,2024,tarifa_millar,True,4,0,0,0,0,,data\tamaulipas\json_predial\2024\TAMPS_PREDIAL_2024_tula.json
tula,Tula,2025,tarifa_millar,True,4,0,0,0,0,,data\tamaulipas\json_predial\2025\TAMPS_PREDIAL_2025_tula.json
valle_hermoso,Valle Hermoso,2010,progresivo,True,1,10,0,0,0,tipo_progresivo_con_tabla_tarifa_no_vacia,data\tamaulipas\json_predial\2010\TAMPS_PREDIAL_2010_valle_hermoso.json
valle_hermoso,Valle Hermoso,2011,progresivo,True,1,10,0,0,0,tipo_progresivo_con_tabla_tarifa_no_vacia|prog_row3_superior_null_no_ultimo|prog_row4_hueco_con_anterior,data\tamaulipas\json_predial\2011\TAMPS_PREDIAL_2011_valle_hermoso.json
valle_hermoso,Valle Hermoso,2012,progresivo,True,1,10,0,0,0,tipo_progresivo_con_tabla_tarifa_no_vacia,data\tamaulipas\json_predial\2012\TAMPS_PREDIAL_2012_valle_hermoso.json
valle_hermoso,Valle Hermoso,2013,mixto,True,1,0,0,0,10,cambio_brusco_n_filas_11_a_1|cambio_esquema_progresivo_a_mixto_desde_2012|mixta_row10_columnas_vacias|mixta_row1_columnas_vacias|mixta_row2_columnas_vacias|mixta_row3_columnas_vacias|mixta_row4_columnas_vacias|mixta_row5_columnas_vacias|mixta_row6_columnas_vacias|mixta_row7_columnas_vacias|mixta_row8_columnas_vacias|mixta_row9_columnas_vacias,data\tamaulipas\json_predial\2013\TAMPS_PREDIAL_2013_valle_hermoso.json
valle_hermoso,Valle Hermoso,2014,progresivo,True,1,10,0,0,0,cambio_brusco_n_filas_1_a_11|cambio_esquema_mixto_a_progresivo_desde_2013|tipo_progresivo_con_tabla_tarifa_no_vacia,data\tamaulipas\json_predial\2014\TAMPS_PREDIAL_2014_valle_hermoso.json
valle_hermoso,Valle Hermoso,2015,progresivo,True,1,10,0,0,0,tipo_progresivo_con_tabla_tarifa_no_vacia,data\tamaulipas\json_predial\2015\TAMPS_PREDIAL_2015_valle_hermoso.json
valle_hermoso,Valle Hermoso,2016,mixto,True,1,0,0,0,10,cambio_brusco_n_filas_11_a_1|cambio_esquema_progresivo_a_mixto_desde_2015|mixta_row10_columnas_vacias|mixta_row1_columnas_vacias|mixta_row2_columnas_vacias|mixta_row3_columnas_vacias|mixta_row4_columnas_vacias|mixta_row5_columnas_vacias|mixta_row6_columnas_vacias|mixta_row7_columnas_vacias|mixta_row8_columnas_vacias|mixta_row9_columnas_vacias,data\tamaulipas\json_predial\2016\TAMPS_PREDIAL_2016_valle_hermoso.json
valle_hermoso,Valle Hermoso,2017,progresivo,True,1,10,0,0,0,cambio_brusco_n_filas_1_a_11|cambio_esquema_mixto_a_progresivo_desde_2016|prog_row3_superior_null_no_ultimo|prog_row4_hueco_con_anterior|tipo_progresivo_con_tabla_tarifa_no_vacia,data\tamaulipas\json_predial\2017\TAMPS_PREDIAL_2017_valle_hermoso.json
valle_hermoso,Valle Hermoso,2019,mixto,True,1,0,0,0,10,cambio_brusco_n_filas_11_a_1|cambio_esquema_progresivo_a_mixto_desde_2017|mixta_row10_columnas_vacias|mixta_row1_columnas_vacias|mixta_row2_columnas_vacias|mixta_row3_columnas_vacias|mixta_row4_columnas_vacias|mixta_row5_columnas_vacias|mixta_row6_columnas_vacias|mixta_row7_columnas_vacias|mixta_row8_columnas_vacias|mixta_row9_columnas_vacias,data\tamaulipas\json_predial\2019\TAMPS_PREDIAL_2019_valle_hermoso.json
valle_hermoso,Valle Hermoso,2020,progresivo,True,1,10,0,0,0,cambio_brusco_n_filas_1_a_11|cambio_esquema_mixto_a_progresivo_desde_2019|prog_row3_superior_null_no_ultimo|prog_row4_hueco_con_anterior|tipo_progresivo_con_tabla_tarifa_no_vacia,data\tamaulipas\json_predial\2020\TAMPS_PREDIAL_2020_valle_hermoso.json
valle_hermoso,Valle Hermoso,2021,progresivo,True,1,10,0,0,0,tipo_progresivo_con_tabla_tarifa_no_vacia,data\tamaulipas\json_predial\2021\TAMPS_PREDIAL_2021_valle_hermoso.json
valle_hermoso,Valle Hermoso,2022,mixto,True,1,0,0,0,10,cambio_brusco_n_filas_11_a_1|cambio_esquema_progresivo_a_mixto_desde_2021|mixta_row10_columnas_vacias|mixta_row1_columnas_vacias|mixta_row2_columnas_vacias|mixta_row3_columnas_vacias|mixta_row4_columnas_vacias|mixta_row5_columnas_vacias|mixta_row6_columnas_vacias|mixta_row7_columnas_vacias|mixta_row8_columnas_vacias|mixta_row9_columnas_vacias,data\tamaulipas\json_predial\2022\TAMPS_PREDIAL_2022_valle_hermoso.json
valle_hermoso,Valle Hermoso,2023,mixto,True,1,0,0,0,10,mixta_row1_columnas_vacias|mixta_row2_columnas_vacias|mixta_row3_columnas_vacias|mixta_row4_columnas_vacias|mixta_row5_columnas_vacias|mixta_row6_columnas_vacias|mixta_row7_columnas_vacias|mixta_row8_columnas_vacias|mixta_row9_columnas_vacias|mixta_row10_columnas_vacias,data\tamaulipas\json_predial\2023\TAMPS_PREDIAL_2023_valle_hermoso.json
valle_hermoso,Valle Hermoso,2024,mixto,True,1,0,0,0,10,mixta_row1_columnas_vacias|mixta_row2_columnas_vacias|mixta_row3_columnas_vacias|mixta_row4_columnas_vacias|mixta_row5_columnas_vacias|mixta_row6_columnas_vacias|mixta_row7_columnas_vacias|mixta_row8_columnas_vacias|mixta_row9_columnas_vacias|mixta_row10_columnas_vacias,data\tamaulipas\json_predial\2024\TAMPS_PREDIAL_2024_valle_hermoso.json
valle_hermoso,Valle Hermoso,2025,progresivo,True,1,10,0,0,0,cambio_brusco_n_filas_1_a_11|cambio_esquema_mixto_a_progresivo_desde_2024|prog_row3_superior_null_no_ultimo|prog_row4_hueco_con_anterior|tipo_progresivo_con_tabla_tarifa_no_vacia,data\tamaulipas\json_predial\2025\TAMPS_PREDIAL_2025_valle_hermoso.json
victoria,Victoria,2010,progresivo,True,1,9,0,0,0,tipo_progresivo_con_tabla_tarifa_no_vacia,data\tamaulipas\json_predial\2010\TAMPS_PREDIAL_2010_victoria.json
victoria,Victoria,2011,progresivo,True,1,9,0,0,0,tipo_progresivo_con_tabla_tarifa_no_vacia,data\tamaulipas\json_predial\2011\TAMPS_PREDIAL_2011_victoria.json
victoria,Victoria,2012,mixto,True,1,0,0,0,9,cambio_brusco_n_filas_10_a_1|cambio_esquema_progresivo_a_mixto_desde_2011|mixta_row1_columnas_vacias|mixta_row2_columnas_vacias|mixta_row3_columnas_vacias|mixta_row4_columnas_vacias|mixta_row5_columnas_vacias|mixta_row6_columnas_vacias|mixta_row7_columnas_vacias|mixta_row8_columnas_vacias|mixta_row9_columnas_vacias,data\tamaulipas\json_predial\2012\TAMPS_PREDIAL_2012_victoria.json
victoria,Victoria,2013,mixto,True,1,0,0,0,9,mixta_row1_columnas_vacias|mixta_row2_columnas_vacias|mixta_row3_columnas_vacias|mixta_row4_columnas_vacias|mixta_row5_columnas_vacias|mixta_row6_columnas_vacias|mixta_row7_columnas_vacias|mixta_row8_columnas_vacias|mixta_row9_columnas_vacias,data\tamaulipas\json_predial\2013\TAMPS_PREDIAL_2013_victoria.json
victoria,Victoria,2014,progresivo,True,1,9,0,0,0,cambio_brusco_n_filas_1_a_10|cambio_esquema_mixto_a_progresivo_desde_2013|tipo_progresivo_con_tabla_tarifa_no_vacia,data\tamaulipas\json_predial\2014\TAMPS_PREDIAL_2014_victoria.json
victoria,Victoria,2015,progresivo,True,1,9,0,0,0,tipo_progresivo_con_tabla_tarifa_no_vacia,data\tamaulipas\json_predial\2015\TAMPS_PREDIAL_2015_victoria.json
victoria,Victoria,2016,progresivo,True,1,9,0,0,0,tipo_progresivo_con_tabla_tarifa_no_vacia,data\tamaulipas\json_predial\2016\TAMPS_PREDIAL_2016_victoria.json
victoria,Victoria,2017,progresivo,True,1,9,0,0,0,tipo_progresivo_con_tabla_tarifa_no_vacia,data\tamaulipas\json_predial\2017\TAMPS_PREDIAL_2017_victoria.json
victoria,Victoria,2018,progresivo,True,1,9,0,0,0,tipo_progresivo_con_tabla_tarifa_no_vacia,data\tamaulipas\json_predial\2018\TAMPS_PREDIAL_2018_victoria.json
victoria,Victoria,2019,progresivo,True,1,9,0,0,0,tipo_progresivo_con_tabla_tarifa_no_vacia,data\tamaulipas\json_predial\2019\TAMPS_PREDIAL_2019_victoria.json
victoria,Victoria,2020,mixto,True,1,0,0,0,9,cambio_brusco_n_filas_10_a_1|cambio_esquema_progresivo_a_mixto_desde_2019|mixta_row1_columnas_vacias|mixta_row2_columnas_vacias|mixta_row3_columnas_vacias|mixta_row4_columnas_vacias|mixta_row5_columnas_vacias|mixta_row6_columnas_vacias|mixta_row7_columnas_vacias|mixta_row8_columnas_vacias|mixta_row9_columnas_vacias,data\tamaulipas\json_predial\2020\TAMPS_PREDIAL_2020_victoria.json
victoria,Victoria,2021,progresivo,True,1,9,0,0,0,cambio_brusco_n_filas_1_a_10|cambio_esquema_mixto_a_progresivo_desde_2020|tipo_progresivo_con_tabla_tarifa_no_vacia,data\tamaulipas\json_predial\2021\TAMPS_PREDIAL_2021_victoria.json
victoria,Victoria,2022,mixto,True,1,0,0,0,9,cambio_brusco_n_filas_10_a_1|cambio_esquema_progresivo_a_mixto_desde_2021|mixta_row1_columnas_vacias|mixta_row2_columnas_vacias|mixta_row3_columnas_vacias|mixta_row4_columnas_vacias|mixta_row5_columnas_vacias|mixta_row6_columnas_vacias|mixta_row7_columnas_vacias|mixta_row8_columnas_vacias|mixta_row9_columnas_vacias,data\tamaulipas\json_predial\2022\TAMPS_PREDIAL_2022_victoria.json
victoria,Victoria,2023,mixto,True,1,0,0,0,9,mixta_row1_columnas_vacias|mixta_row2_columnas_vacias|mixta_row3_columnas_vacias|mixta_row4_columnas_vacias|mixta_row5_columnas_vacias|mixta_row6_columnas_vacias|mixta_row7_columnas_vacias|mixta_row8_columnas_vacias|mixta_row9_columnas_vacias,data\tamaulipas\json_predial\2023\TAMPS_PREDIAL_2023_victoria.json
victoria,Victoria,2024,mixto,True,1,0,0,0,9,mixta_row1_columnas_vacias|mixta_row2_columnas_vacias|mixta_row3_columnas_vacias|mixta_row4_columnas_vacias|mixta_row5_columnas_vacias|mixta_row6_columnas_vacias|mixta_row7_columnas_vacias|mixta_row8_columnas_vacias|mixta_row9_columnas_vacias,data\tamaulipas\json_predial\2024\TAMPS_PREDIAL_2024_victoria.json
victoria,Victoria,2025,progresivo,True,1,9,0,0,0,cambio_brusco_n_filas_1_a_10|cambio_esquema_mixto_a_progresivo_desde_2024|tipo_progresivo_con_tabla_tarifa_no_vacia,data\tamaulipas\json_predial\2025\TAMPS_PREDIAL_2025_victoria.json
villagran,Villagran,2010,tarifa_millar,True,2,0,0,0,0,,data\tamaulipas\json_predial\2010\TAMPS_PREDIAL_2010_villagran.json
villagran,Villagran,2011,tarifa_millar,True,2,0,0,0,0,,data\tamaulipas\json_predial\2011\TAMPS_PREDIAL_2011_villagran.json
villagran,Villagran,2012,tarifa_millar,True,2,0,0,0,0,,data\tamaulipas\json_predial\2012\TAMPS_PREDIAL_2012_villagran.json
villagran,Villagran,2013,tarifa_millar,True,2,0,0,0,0,,data\tamaulipas\json_predial\2013\TAMPS_PREDIAL_2013_villagran.json
villagran,Villagran,2014,tarifa_millar,True,5,0,0,0,0,cambio_brusco_n_filas_2_a_5,data\tamaulipas\json_predial\2014\TAMPS_PREDIAL_2014_villagran.json
villagran,Villagran,2015,tarifa_millar,True,5,0,0,0,0,,data\tamaulipas\json_predial\2015\TAMPS_PREDIAL_2015_villagran.json
villagran,Villagran,2016,tarifa_millar,True,5,0,0,0,0,,data\tamaulipas\json_predial\2016\TAMPS_PREDIAL_2016_villagran.json
villagran,Villagran,2017,tarifa_millar,True,5,0,0,0,0,,data\tamaulipas\json_predial\2017\TAMPS_PREDIAL_2017_villagran.json
villagran,Villagran,2018,tarifa_millar,True,5,0,0,0,0,,data\tamaulipas\json_predial\2018\TAMPS_PREDIAL_2018_villagran.json
villagran,Villagran,2019,tarifa_millar,True,5,0,0,0,0,,data\tamaulipas\json_predial\2019\TAMPS_PREDIAL_2019_villagran.json
villagran,Villagran,2020,tarifa_millar,True,5,0,0,0,0,,data\tamaulipas\json_predial\2020\TAMPS_PREDIAL_2020_villagran.json
villagran,Villagran,2021,tarifa_millar,True,5,0,0,0,0,,data\tamaulipas\json_predial\2021\TAMPS_PREDIAL_2021_villagran.json
villagran,Villagran,2022,tarifa_millar,True,5,0,0,0,0,,data\tamaulipas\json_predial\2022\TAMPS_PREDIAL_2022_villagran.json
villagran,Villagran,2023,tarifa_millar,True,5,0,0,0,0,,data\tamaulipas\json_predial\2023\TAMPS_PREDIAL_2023_villagran.json
villagran,Villagran,2024,tarifa_millar,True,5,0,0,0,0,,data\tamaulipas\json_predial\2024\TAMPS_PREDIAL_2024_villagran.json
villagran,Villagran,2025,tarifa_millar,True,5,0,0,0,0,,data\tamaulipas\json_predial\2025\TAMPS_PREDIAL_2025_villagran.json
xicotencatl,Xicotencatl,2010,tarifa_millar,True,4,0,0,0,0,,data\tamaulipas\json_predial\2010\TAMPS_PREDIAL_2010_xicotencatl.json
xicotencatl,Xicotencatl,2011,tarifa_millar,True,4,0,0,0,0,,data\tamaulipas\json_predial\2011\TAMPS_PREDIAL_2011_xicotencatl.json
xicotencatl,Xicotencatl,2012,tarifa_millar,True,4,0,0,0,0,,data\tamaulipas\json_predial\2012\TAMPS_PREDIAL_2012_xicotencatl.json
xicotencatl,Xicotencatl,2013,tarifa_millar,True,4,0,0,0,0,,data\tamaulipas\json_predial\2013\TAMPS_PREDIAL_2013_xicotencatl.json
xicotencatl,Xicotencatl,2014,tarifa_millar,True,4,0,0,0,0,,data\tamaulipas\json_predial\2014\TAMPS_PREDIAL_2014_xicotencatl.json
xicotencatl,Xicotencatl,2015,tarifa_millar,True,4,0,0,0,0,,data\tamaulipas\json_predial\2015\TAMPS_PREDIAL_2015_xicotencatl.json
xicotencatl,Xicotencatl,2016,tarifa_millar,True,4,0,0,0,0,,data\tamaulipas\json_predial\2016\TAMPS_PREDIAL_2016_xicotencatl.json
xicotencatl,Xicotencatl,2017,tarifa_millar,True,4,0,0,0,0,,data\tamaulipas\json_predial\2017\TAMPS_PREDIAL_2017_xicotencatl.json
xicotencatl,Xicotencatl,2018,tarifa_millar,True,4,0,0,0,0,,data\tamaulipas\json_predial\2018\TAMPS_PREDIAL_2018_xicotencatl.json
xicotencatl,Xicotencatl,2019,tarifa_millar,True,4,0,0,0,0,,data\tamaulipas\json_predial\2019\TAMPS_PREDIAL_2019_xicotencatl.json
xicotencatl,Xicotencatl,2020,tarifa_millar,True,4,0,0,0,0,,data\tamaulipas\json_predial\2020\TAMPS_PREDIAL_2020_xicotencatl.json
xicotencatl,Xicotencatl,2021,tarifa_millar,True,4,0,0,0,0,,data\tamaulipas\json_predial\2021\TAMPS_PREDIAL_2021_xicotencatl.json
xicotencatl,Xicotencatl,2022,tarifa_millar,True,4,0,0,0,0,,data\tamaulipas\json_predial\2022\TAMPS_PREDIAL_2022_xicotencatl.json
xicotencatl,Xicotencatl,2023,tarifa_millar,True,4,0,0,0,0,,data\tamaulipas\json_predial\2023\TAMPS_PREDIAL_2023_xicotencatl.json
xicotencatl,Xicotencatl,2024,tarifa_millar,True,4,0,0,0,0,,data\tamaulipas\json_predial\2024\TAMPS_PREDIAL_2024_xicotencatl.json
xicotencatl,Xicotencatl,2025,tarifa_millar,True,4,0,0,0,0,,data\tamaulipas\json_predial\2025\TAMPS_PREDIAL_2025_xicotencatl.json
