ejercicio,input_pdf,ocr_pdf,status
2010,data\guanajuato\pdf_raw\2010\2010_2278_Periodico_Numero_206_Primera_Parte.pdf,data\guanajuato\pdf_ocr\2010\2010_2278_Periodico_Numero_206_Primera_Parte_ocr.pdf,already_exists
2010,data\guanajuato\pdf_raw\2010\2010_2279_Periodico_Numero_206_Segunda_Parte.pdf,data\guanajuato\pdf_ocr\2010\2010_2279_Periodico_Numero_206_Segunda_Parte_ocr.pdf,already_exists
2010,data\guanajuato\pdf_raw\2010\2010_2280_Periodico_Numero_206_Tercera_Parte.pdf,data\guanajuato\pdf_ocr\2010\2010_2280_Periodico_Numero_206_Tercera_Parte_ocr.pdf,already_exists
2010,data\guanajuato\pdf_raw\2010\2010_2281_Periodico_Numero_206_Cuarta_Parte.pdf,data\guanajuato\pdf_ocr\2010\2010_2281_Periodico_Numero_206_Cuarta_Parte_ocr.pdf,already_exists
2010,data\guanajuato\pdf_raw\2010\2010_2282_Periodico_Numero_206_Quinta_Parte.pdf,data\guanajuato\pdf_ocr\2010\2010_2282_Periodico_Numero_206_Quinta_Parte_ocr.pdf,already_exists
2010,data\guanajuato\pdf_raw\2010\2010_2283_Periodico_Numero_206_Sexta_Parte.pdf,data\guanajuato\pdf_ocr\2010\2010_2283_Periodico_Numero_206_Sexta_Parte_ocr.pdf,already_exists
2010,data\guanajuato\pdf_raw\2010\2010_2285_Periodico_Numero_206_Septima_Parte.pdf,data\guanajuato\pdf_ocr\2010\2010_2285_Periodico_Numero_206_Septima_Parte_ocr.pdf,already_exists
2010,data\guanajuato\pdf_raw\2010\2010_2286_Periodico_Numero_206_Octava_Parte.pdf,data\guanajuato\pdf_ocr\2010\2010_2286_Periodico_Numero_206_Octava_Parte_ocr.pdf,already_exists
2010,data\guanajuato\pdf_raw\2010\2010_2287_Periodico_Numero_206_Novena_Parte.pdf,data\guanajuato\pdf_ocr\2010\2010_2287_Periodico_Numero_206_Novena_Parte_ocr.pdf,already_exists
2010,data\guanajuato\pdf_raw\2010\2010_2288_Periodico_Numero_206_Decima_Parte.pdf,data\guanajuato\pdf_ocr\2010\2010_2288_Periodico_Numero_206_Decima_Parte_ocr.pdf,already_exists
2010,data\guanajuato\pdf_raw\2010\2010_2293_Periodico_Numero_206_Decima_Quinta_Parte.pdf,data\guanajuato\pdf_ocr\2010\2010_2293_Periodico_Numero_206_Decima_Quinta_Parte_ocr.pdf,already_exists
2010,data\guanajuato\pdf_raw\2010\2010_2294_Periodico_Numero_206_Decima_Sexta_Parte.pdf,data\guanajuato\pdf_ocr\2010\2010_2294_Periodico_Numero_206_Decima_Sexta_Parte_ocr.pdf,already_exists
2010,data\guanajuato\pdf_raw\2010\2010_2926_Periodico_Numero_199_Segunda_Parte.pdf,data\guanajuato\pdf_ocr\2010\2010_2926_Periodico_Numero_199_Segunda_Parte_ocr.pdf,already_exists
2010,data\guanajuato\pdf_raw\2010\2010_2927_Periodico_Numero_199_Tercera_Parte.pdf,data\guanajuato\pdf_ocr\2010\2010_2927_Periodico_Numero_199_Tercera_Parte_ocr.pdf,already_exists
2010,data\guanajuato\pdf_raw\2010\2010_2928_Periodico_Numero_199_Cuarta_Parte.pdf,data\guanajuato\pdf_ocr\2010\2010_2928_Periodico_Numero_199_Cuarta_Parte_ocr.pdf,already_exists
2010,data\guanajuato\pdf_raw\2010\2010_2929_Periodico_Numero_199_Quinta_Parte.pdf,data\guanajuato\pdf_ocr\2010\2010_2929_Periodico_Numero_199_Quinta_Parte_ocr.pdf,already_exists
2010,data\guanajuato\pdf_raw\2010\2010_2932_Periodico_Numero_199_Sexta_Parte.pdf,data\guanajuato\pdf_ocr\2010\2010_2932_Periodico_Numero_199_Sexta_Parte_ocr.pdf,already_exists
2010,data\guanajuato\pdf_raw\2010\2010_2933_Periodico_Numero_199_Septima_Parte.pdf,data\guanajuato\pdf_ocr\2010\2010_2933_Periodico_Numero_199_Septima_Parte_ocr.pdf,already_exists
2010,data\guanajuato\pdf_raw\2010\2010_2934_Periodico_Numero_199_Octava_Parte.pdf,data\guanajuato\pdf_ocr\2010\2010_2934_Periodico_Numero_199_Octava_Parte_ocr.pdf,already_exists
2010,data\guanajuato\pdf_raw\2010\2010_2948_Periodico_Numero_207_Segunda_Parte.pdf,data\guanajuato\pdf_ocr\2010\2010_2948_Periodico_Numero_207_Segunda_Parte_ocr.pdf,already_exists
2010,data\guanajuato\pdf_raw\2010\2010_2949_Periodico_Numero_207_Tercera_Parte.pdf,data\guanajuato\pdf_ocr\2010\2010_2949_Periodico_Numero_207_Tercera_Parte_ocr.pdf,already_exists
2010,data\guanajuato\pdf_raw\2010\2010_2950_Periodico_Numero_207_Cuarta_Parte.pdf,data\guanajuato\pdf_ocr\2010\2010_2950_Periodico_Numero_207_Cuarta_Parte_ocr.pdf,already_exists
2010,data\guanajuato\pdf_raw\2010\2010_2951_Periodico_Numero_207_Quinta_Parte.pdf,data\guanajuato\pdf_ocr\2010\2010_2951_Periodico_Numero_207_Quinta_Parte_ocr.pdf,already_exists
2010,data\guanajuato\pdf_raw\2010\2010_2952_Periodico_Numero_207_Sexta_Parte.pdf,data\guanajuato\pdf_ocr\2010\2010_2952_Periodico_Numero_207_Sexta_Parte_ocr.pdf,already_exists
2010,data\guanajuato\pdf_raw\2010\2010_2953_Periodico_Numero_207_Septima_Parte.pdf,data\guanajuato\pdf_ocr\2010\2010_2953_Periodico_Numero_207_Septima_Parte_ocr.pdf,already_exists
2010,data\guanajuato\pdf_raw\2010\2010_2954_Periodico_Numero_207_Octava_Parte.pdf,data\guanajuato\pdf_ocr\2010\2010_2954_Periodico_Numero_207_Octava_Parte_ocr.pdf,already_exists
2010,data\guanajuato\pdf_raw\2010\2010_2955_Periodico_Numero_207_Novena_Parte.pdf,data\guanajuato\pdf_ocr\2010\2010_2955_Periodico_Numero_207_Novena_Parte_ocr.pdf,already_exists
2010,data\guanajuato\pdf_raw\2010\2010_2956_Periodico_Numero_207_Decima_Parte.pdf,data\guanajuato\pdf_ocr\2010\2010_2956_Periodico_Numero_207_Decima_Parte_ocr.pdf,already_exists
2011,data\guanajuato\pdf_raw\2011\2011_3444_Periodico_Numero_204_Segunda_Parte.pdf,data\guanajuato\pdf_ocr\2011\2011_3444_Periodico_Numero_204_Segunda_Parte_ocr.pdf,already_exists
2011,data\guanajuato\pdf_raw\2011\2011_3446_Periodico_Numero_204_Tercera_Parte.pdf,data\guanajuato\pdf_ocr\2011\2011_3446_Periodico_Numero_204_Tercera_Parte_ocr.pdf,already_exists
2011,data\guanajuato\pdf_raw\2011\2011_3447_Periodico_Numero_204_Cuarta_Parte.pdf,data\guanajuato\pdf_ocr\2011\2011_3447_Periodico_Numero_204_Cuarta_Parte_ocr.pdf,already_exists
2011,data\guanajuato\pdf_raw\2011\2011_3448_Periodico_Numero_204_Quinta_Parte.pdf,data\guanajuato\pdf_ocr\2011\2011_3448_Periodico_Numero_204_Quinta_Parte_ocr.pdf,already_exists
2011,data\guanajuato\pdf_raw\2011\2011_3449_Periodico_Numero_204_Sexta_Parte.pdf,data\guanajuato\pdf_ocr\2011\2011_3449_Periodico_Numero_204_Sexta_Parte_ocr.pdf,already_exists
2011,data\guanajuato\pdf_raw\2011\2011_3450_Periodico_Numero_204_Septima_Parte.pdf,data\guanajuato\pdf_ocr\2011\2011_3450_Periodico_Numero_204_Septima_Parte_ocr.pdf,already_exists
2011,data\guanajuato\pdf_raw\2011\2011_3451_Periodico_Numero_204_Octava_Parte.pdf,data\guanajuato\pdf_ocr\2011\2011_3451_Periodico_Numero_204_Octava_Parte_ocr.pdf,already_exists
2011,data\guanajuato\pdf_raw\2011\2011_3452_Periodico_Numero_204_Novena_Parte.pdf,data\guanajuato\pdf_ocr\2011\2011_3452_Periodico_Numero_204_Novena_Parte_ocr.pdf,already_exists
2011,data\guanajuato\pdf_raw\2011\2011_3453_Periodico_Numero_204_Decima_Parte.pdf,data\guanajuato\pdf_ocr\2011\2011_3453_Periodico_Numero_204_Decima_Parte_ocr.pdf,already_exists
2011,data\guanajuato\pdf_raw\2011\2011_3454_Periodico_Numero_204_Decima_Primera_Parte.pdf,data\guanajuato\pdf_ocr\2011\2011_3454_Periodico_Numero_204_Decima_Primera_Parte_ocr.pdf,already_exists
2011,data\guanajuato\pdf_raw\2011\2011_3455_Periodico_Numero_204_Decima_Segunda_Parte.pdf,data\guanajuato\pdf_ocr\2011\2011_3455_Periodico_Numero_204_Decima_Segunda_Parte_ocr.pdf,already_exists
2011,data\guanajuato\pdf_raw\2011\2011_3456_Periodico_Numero_204_Decima_Tercera_Parte.pdf,data\guanajuato\pdf_ocr\2011\2011_3456_Periodico_Numero_204_Decima_Tercera_Parte_ocr.pdf,already_exists
2011,data\guanajuato\pdf_raw\2011\2011_3457_Periodico_Numero_204_Decima_Cuarta_Parte.pdf,data\guanajuato\pdf_ocr\2011\2011_3457_Periodico_Numero_204_Decima_Cuarta_Parte_ocr.pdf,already_exists
2012,data\guanajuato\pdf_raw\2012\2012_3748_Periodico_Numero_78_Segunda_Parte.pdf,data\guanajuato\pdf_ocr\2012\2012_3748_Periodico_Numero_78_Segunda_Parte_ocr.pdf,already_exists
2013,data\guanajuato\pdf_raw\2013\2013_4311_Periodico_Numero_77_Segunda_Parte.pdf,data\guanajuato\pdf_ocr\2013\2013_4311_Periodico_Numero_77_Segunda_Parte_ocr.pdf,already_exists
2013,data\guanajuato\pdf_raw\2013\2013_4923_Periodico_Numero_207_Segunda_Parte.pdf,data\guanajuato\pdf_ocr\2013\2013_4923_Periodico_Numero_207_Segunda_Parte_ocr.pdf,already_exists
2013,data\guanajuato\pdf_raw\2013\2013_4924_Periodico_Numero_207_Tercera_Parte.pdf,data\guanajuato\pdf_ocr\2013\2013_4924_Periodico_Numero_207_Tercera_Parte_ocr.pdf,already_exists
2013,data\guanajuato\pdf_raw\2013\2013_4925_Periodico_Numero_207_Cuarta_Parte.pdf,data\guanajuato\pdf_ocr\2013\2013_4925_Periodico_Numero_207_Cuarta_Parte_ocr.pdf,already_exists
2013,data\guanajuato\pdf_raw\2013\2013_4926_Periodico_Numero_207_Quinta_Parte.pdf,data\guanajuato\pdf_ocr\2013\2013_4926_Periodico_Numero_207_Quinta_Parte_ocr.pdf,already_exists
2013,data\guanajuato\pdf_raw\2013\2013_4927_Periodico_Numero_207_Sexta_Parte.pdf,data\guanajuato\pdf_ocr\2013\2013_4927_Periodico_Numero_207_Sexta_Parte_ocr.pdf,already_exists
2013,data\guanajuato\pdf_raw\2013\2013_4928_Periodico_Numero_207_Septima_Parte.pdf,data\guanajuato\pdf_ocr\2013\2013_4928_Periodico_Numero_207_Septima_Parte_ocr.pdf,already_exists
2013,data\guanajuato\pdf_raw\2013\2013_4929_Periodico_Numero_207_Octava_Parte.pdf,data\guanajuato\pdf_ocr\2013\2013_4929_Periodico_Numero_207_Octava_Parte_ocr.pdf,already_exists
2013,data\guanajuato\pdf_raw\2013\2013_4930_Periodico_Numero_207_Novena_Parte.pdf,data\guanajuato\pdf_ocr\2013\2013_4930_Periodico_Numero_207_Novena_Parte_ocr.pdf,already_exists
2013,data\guanajuato\pdf_raw\2013\2013_4931_Periodico_Numero_207_Decima_Parte.pdf,data\guanajuato\pdf_ocr\2013\2013_4931_Periodico_Numero_207_Decima_Parte_ocr.pdf,already_exists
2013,data\guanajuato\pdf_raw\2013\2013_4932_Periodico_Numero_207_Decima_Primera_Parte.pdf,data\guanajuato\pdf_ocr\2013\2013_4932_Periodico_Numero_207_Decima_Primera_Parte_ocr.pdf,already_exists
2013,data\guanajuato\pdf_raw\2013\2013_4933_Periodico_Numero_207_Decima_Segunda_Parte.pdf,data\guanajuato\pdf_ocr\2013\2013_4933_Periodico_Numero_207_Decima_Segunda_Parte_ocr.pdf,already_exists
2013,data\guanajuato\pdf_raw\2013\2013_4934_Periodico_Numero_207_Decima_Tercera_Parte.pdf,data\guanajuato\pdf_ocr\2013\2013_4934_Periodico_Numero_207_Decima_Tercera_Parte_ocr.pdf,already_exists
2013,data\guanajuato\pdf_raw\2013\2013_4935_Periodico_Numero_207_Decima_Cuarta_Parte.pdf,data\guanajuato\pdf_ocr\2013\2013_4935_Periodico_Numero_207_Decima_Cuarta_Parte_ocr.pdf,already_exists
2013,data\guanajuato\pdf_raw\2013\2013_4936_Periodico_Numero_207_Decima_Quinta_Parte.pdf,data\guanajuato\pdf_ocr\2013\2013_4936_Periodico_Numero_207_Decima_Quinta_Parte_ocr.pdf,already_exists
2013,data\guanajuato\pdf_raw\2013\2013_4937_Periodico_Numero_207_Decima_Sexta_Parte.pdf,data\guanajuato\pdf_ocr\2013\2013_4937_Periodico_Numero_207_Decima_Sexta_Parte_ocr.pdf,already_exists
2013,data\guanajuato\pdf_raw\2013\2013_4938_Periodico_Numero_207_Decima_Septima_Parte.pdf,data\guanajuato\pdf_ocr\2013\2013_4938_Periodico_Numero_207_Decima_Septima_Parte_ocr.pdf,already_exists
2014,data\guanajuato\pdf_raw\2014\2014_5517_Periodico_Numero_206_Segunda_Parte.pdf,data\guanajuato\pdf_ocr\2014\2014_5517_Periodico_Numero_206_Segunda_Parte_ocr.pdf,already_exists
2014,data\guanajuato\pdf_raw\2014\2014_5518_Periodico_Numero_206_Tercera_Parte.pdf,data\guanajuato\pdf_ocr\2014\2014_5518_Periodico_Numero_206_Tercera_Parte_ocr.pdf,already_exists
2014,data\guanajuato\pdf_raw\2014\2014_5519_Periodico_Numero_206_Cuarta_Parte.pdf,data\guanajuato\pdf_ocr\2014\2014_5519_Periodico_Numero_206_Cuarta_Parte_ocr.pdf,already_exists
2014,data\guanajuato\pdf_raw\2014\2014_5520_Periodico_Numero_206_Quinta_Parte.pdf,data\guanajuato\pdf_ocr\2014\2014_5520_Periodico_Numero_206_Quinta_Parte_ocr.pdf,already_exists
2014,data\guanajuato\pdf_raw\2014\2014_5521_Periodico_Numero_206_Sexta_Parte.pdf,data\guanajuato\pdf_ocr\2014\2014_5521_Periodico_Numero_206_Sexta_Parte_ocr.pdf,already_exists
2014,data\guanajuato\pdf_raw\2014\2014_5522_Periodico_Numero_206_Septima_Parte.pdf,data\guanajuato\pdf_ocr\2014\2014_5522_Periodico_Numero_206_Septima_Parte_ocr.pdf,already_exists
2014,data\guanajuato\pdf_raw\2014\2014_5523_Periodico_Numero_206_Octava_Parte.pdf,data\guanajuato\pdf_ocr\2014\2014_5523_Periodico_Numero_206_Octava_Parte_ocr.pdf,already_exists
2014,data\guanajuato\pdf_raw\2014\2014_5524_Periodico_Numero_206_Novena_Parte.pdf,data\guanajuato\pdf_ocr\2014\2014_5524_Periodico_Numero_206_Novena_Parte_ocr.pdf,already_exists
2014,data\guanajuato\pdf_raw\2014\2014_5525_Periodico_Numero_206_Decima_Parte.pdf,data\guanajuato\pdf_ocr\2014\2014_5525_Periodico_Numero_206_Decima_Parte_ocr.pdf,already_exists
2014,data\guanajuato\pdf_raw\2014\2014_5526_Periodico_Numero_206_Decima_Primera_Parte.pdf,data\guanajuato\pdf_ocr\2014\2014_5526_Periodico_Numero_206_Decima_Primera_Parte_ocr.pdf,already_exists
2014,data\guanajuato\pdf_raw\2014\2014_5528_Periodico_Numero_206_Decima_Tercera_Parte.pdf,data\guanajuato\pdf_ocr\2014\2014_5528_Periodico_Numero_206_Decima_Tercera_Parte_ocr.pdf,already_exists
2014,data\guanajuato\pdf_raw\2014\2014_5529_Periodico_Numero_206_Decima_Cuarta_Parte.pdf,data\guanajuato\pdf_ocr\2014\2014_5529_Periodico_Numero_206_Decima_Cuarta_Parte_ocr.pdf,already_exists
2014,data\guanajuato\pdf_raw\2014\2014_5551_Periodico_Numero_206_Decima_Segunda_Parte.pdf,data\guanajuato\pdf_ocr\2014\2014_5551_Periodico_Numero_206_Decima_Segunda_Parte_ocr.pdf,already_exists
2015,data\guanajuato\pdf_raw\2015\2015_5562_Periodico_Numero_10_Segunda_Parte.pdf,data\guanajuato\pdf_ocr\2015\2015_5562_Periodico_Numero_10_Segunda_Parte_ocr.pdf,already_exists
2016,data\guanajuato\pdf_raw\2016\2016_10813_Periodico_Numero_205_Quinta_Parte.pdf,data\guanajuato\pdf_ocr\2016\2016_10813_Periodico_Numero_205_Quinta_Parte_ocr.pdf,already_exists
2016,data\guanajuato\pdf_raw\2016\2016_10814_Periodico_Numero_205_Cuarta_Parte.pdf,data\guanajuato\pdf_ocr\2016\2016_10814_Periodico_Numero_205_Cuarta_Parte_ocr.pdf,already_exists
2016,data\guanajuato\pdf_raw\2016\2016_10815_Periodico_Numero_205_Tercera_Parte.pdf,data\guanajuato\pdf_ocr\2016\2016_10815_Periodico_Numero_205_Tercera_Parte_ocr.pdf,already_exists
2016,data\guanajuato\pdf_raw\2016\2016_10816_Periodico_Numero_205_Sexta_Parte.pdf,data\guanajuato\pdf_ocr\2016\2016_10816_Periodico_Numero_205_Sexta_Parte_ocr.pdf,already_exists
2016,data\guanajuato\pdf_raw\2016\2016_10817_Peridico_Numero_205_Septima_Parte.pdf,data\guanajuato\pdf_ocr\2016\2016_10817_Peridico_Numero_205_Septima_Parte_ocr.pdf,already_exists
2016,data\guanajuato\pdf_raw\2016\2016_10818_Periodico_Numero_205_Novena_Parte.pdf,data\guanajuato\pdf_ocr\2016\2016_10818_Periodico_Numero_205_Novena_Parte_ocr.pdf,already_exists
2016,data\guanajuato\pdf_raw\2016\2016_10821_Periodico_Numero_205_Octava_Parte.pdf,data\guanajuato\pdf_ocr\2016\2016_10821_Periodico_Numero_205_Octava_Parte_ocr.pdf,already_exists
2016,data\guanajuato\pdf_raw\2016\2016_10822_Periodico_Numero_207_Segunda_Parte.pdf,data\guanajuato\pdf_ocr\2016\2016_10822_Periodico_Numero_207_Segunda_Parte_ocr.pdf,already_exists
2016,data\guanajuato\pdf_raw\2016\2016_10823_Periodico_Numero_207_Cuarta_Parte.pdf,data\guanajuato\pdf_ocr\2016\2016_10823_Periodico_Numero_207_Cuarta_Parte_ocr.pdf,already_exists
2016,data\guanajuato\pdf_raw\2016\2016_10824_Periodico_Numero_207_Sexta_Parte.pdf,data\guanajuato\pdf_ocr\2016\2016_10824_Periodico_Numero_207_Sexta_Parte_ocr.pdf,already_exists
2016,data\guanajuato\pdf_raw\2016\2016_10825_Periodico_Numero_207_Quinta_Parte.pdf,data\guanajuato\pdf_ocr\2016\2016_10825_Periodico_Numero_207_Quinta_Parte_ocr.pdf,already_exists
2016,data\guanajuato\pdf_raw\2016\2016_10828_Periodico_Numero_207_Tercera_Parte.pdf,data\guanajuato\pdf_ocr\2016\2016_10828_Periodico_Numero_207_Tercera_Parte_ocr.pdf,already_exists
2017,data\guanajuato\pdf_raw\2017\2017_11492_Periodico_Número_228_Segunda_Parte.pdf,data\guanajuato\pdf_ocr\2017\2017_11492_Periodico_Número_228_Segunda_Parte_ocr.pdf,already_exists
2017,data\guanajuato\pdf_raw\2017\2017_11500_Periodico_Numero_224_Tercera_Parte.pdf,data\guanajuato\pdf_ocr\2017\2017_11500_Periodico_Numero_224_Tercera_Parte_ocr.pdf,already_exists
2017,data\guanajuato\pdf_raw\2017\2017_11501_Periodico_Número_225_Tercera_Parte.pdf,data\guanajuato\pdf_ocr\2017\2017_11501_Periodico_Número_225_Tercera_Parte_ocr.pdf,already_exists
2017,data\guanajuato\pdf_raw\2017\2017_11502_Periódico_Número_225_Sexta_Parte.pdf,data\guanajuato\pdf_ocr\2017\2017_11502_Periódico_Número_225_Sexta_Parte_ocr.pdf,already_exists
2017,data\guanajuato\pdf_raw\2017\2017_11503_Periódico_Número_225_Quinta_Parte.pdf,data\guanajuato\pdf_ocr\2017\2017_11503_Periódico_Número_225_Quinta_Parte_ocr.pdf,already_exists
2017,data\guanajuato\pdf_raw\2017\2017_11504_Periodico_Número_225_Cuarta_Parte.pdf,data\guanajuato\pdf_ocr\2017\2017_11504_Periodico_Número_225_Cuarta_Parte_ocr.pdf,already_exists
2017,data\guanajuato\pdf_raw\2017\2017_11505_Periodico_Numero_224_Segunda_Parte.pdf,data\guanajuato\pdf_ocr\2017\2017_11505_Periodico_Numero_224_Segunda_Parte_ocr.pdf,already_exists
2017,data\guanajuato\pdf_raw\2017\2017_11506_Periodico_Numero_224_Cuarta_Parte.pdf,data\guanajuato\pdf_ocr\2017\2017_11506_Periodico_Numero_224_Cuarta_Parte_ocr.pdf,already_exists
2017,data\guanajuato\pdf_raw\2017\2017_11508_Periodico_Numero_225_Segunda_Parte.pdf,data\guanajuato\pdf_ocr\2017\2017_11508_Periodico_Numero_225_Segunda_Parte_ocr.pdf,already_exists
2017,data\guanajuato\pdf_raw\2017\2017_11544_Periodico_Numero_228_Tercera_Parte.pdf,data\guanajuato\pdf_ocr\2017\2017_11544_Periodico_Numero_228_Tercera_Parte_ocr.pdf,already_exists
2017,data\guanajuato\pdf_raw\2017\2017_11545_Periodico_Numero_228_Cuarta_Parte.pdf,data\guanajuato\pdf_ocr\2017\2017_11545_Periodico_Numero_228_Cuarta_Parte_ocr.pdf,already_exists
2017,data\guanajuato\pdf_raw\2017\2017_11550_Periodico_Numero_228_Quinta_Parte.pdf,data\guanajuato\pdf_ocr\2017\2017_11550_Periodico_Numero_228_Quinta_Parte_ocr.pdf,already_exists
2018,data\guanajuato\pdf_raw\2018\2018_11902_Periodico_Numero_122_Segunda_Parte.pdf,data\guanajuato\pdf_ocr\2018\2018_11902_Periodico_Numero_122_Segunda_Parte_ocr.pdf,already_exists
2018,data\guanajuato\pdf_raw\2018\2018_12469_Periodico_Numero_259_Cuarta_Parte.pdf,data\guanajuato\pdf_ocr\2018\2018_12469_Periodico_Numero_259_Cuarta_Parte_ocr.pdf,already_exists
2018,data\guanajuato\pdf_raw\2018\2018_12470_Periodico_Numero_259_Sexta_Parte.pdf,data\guanajuato\pdf_ocr\2018\2018_12470_Periodico_Numero_259_Sexta_Parte_ocr.pdf,already_exists
2018,data\guanajuato\pdf_raw\2018\2018_12472_Periodico_Numero_259_Décima_Segunda_Parte.pdf,data\guanajuato\pdf_ocr\2018\2018_12472_Periodico_Numero_259_Décima_Segunda_Parte_ocr.pdf,already_exists
2018,data\guanajuato\pdf_raw\2018\2018_12473_Periodico_Numero_259_Septima_Parte.pdf,data\guanajuato\pdf_ocr\2018\2018_12473_Periodico_Numero_259_Septima_Parte_ocr.pdf,already_exists
2018,data\guanajuato\pdf_raw\2018\2018_12474_Periodico_Numero_259_Segunda_Parte.pdf,data\guanajuato\pdf_ocr\2018\2018_12474_Periodico_Numero_259_Segunda_Parte_ocr.pdf,already_exists
2018,data\guanajuato\pdf_raw\2018\2018_12475_Periodico_Numero_259_Tercera_Parte.pdf,data\guanajuato\pdf_ocr\2018\2018_12475_Periodico_Numero_259_Tercera_Parte_ocr.pdf,already_exists
2018,data\guanajuato\pdf_raw\2018\2018_12476_Periodico_Numero_259_Quinta_Parte.pdf,data\guanajuato\pdf_ocr\2018\2018_12476_Periodico_Numero_259_Quinta_Parte_ocr.pdf,already_exists
2018,data\guanajuato\pdf_raw\2018\2018_12477_Periodico_Numero_259_Octava_Parte.pdf,data\guanajuato\pdf_ocr\2018\2018_12477_Periodico_Numero_259_Octava_Parte_ocr.pdf,already_exists
2018,data\guanajuato\pdf_raw\2018\2018_12478_Periodico_Numero_259_Decima_Parte.pdf,data\guanajuato\pdf_ocr\2018\2018_12478_Periodico_Numero_259_Decima_Parte_ocr.pdf,already_exists
2018,data\guanajuato\pdf_raw\2018\2018_12479_Periodico_Numero_259_Decima_Primera_Parte.pdf,data\guanajuato\pdf_ocr\2018\2018_12479_Periodico_Numero_259_Decima_Primera_Parte_ocr.pdf,already_exists
2019,data\guanajuato\pdf_raw\2019\2019_12634_Periodico_Numero_45_Segunda_Parte.pdf,data\guanajuato\pdf_ocr\2019\2019_12634_Periodico_Numero_45_Segunda_Parte_ocr.pdf,already_exists
2019,data\guanajuato\pdf_raw\2019\2019_12641_Periodico_Numero_51_Segunda_Parte.pdf,data\guanajuato\pdf_ocr\2019\2019_12641_Periodico_Numero_51_Segunda_Parte_ocr.pdf,already_exists
2019,data\guanajuato\pdf_raw\2019\2019_12787_Periodico_Numero_114_Segunda_Parte.pdf,data\guanajuato\pdf_ocr\2019\2019_12787_Periodico_Numero_114_Segunda_Parte_ocr.pdf,already_exists
2019,data\guanajuato\pdf_raw\2019\2019_12812_Periodico_Numero_130_Segunda_Parte.pdf,data\guanajuato\pdf_ocr\2019\2019_12812_Periodico_Numero_130_Segunda_Parte_ocr.pdf,already_exists
2019,data\guanajuato\pdf_raw\2019\2019_12946_Periodico_Numero_153_Tercera_Parte.pdf,data\guanajuato\pdf_ocr\2019\2019_12946_Periodico_Numero_153_Tercera_Parte_ocr.pdf,already_exists
2019,data\guanajuato\pdf_raw\2019\2019_13182_Periodico_Numero_259_Septima_Parte.pdf,data\guanajuato\pdf_ocr\2019\2019_13182_Periodico_Numero_259_Septima_Parte_ocr.pdf,already_exists
2019,data\guanajuato\pdf_raw\2019\2019_13186_Periodico_Numero_259_Octava_Parte.pdf,data\guanajuato\pdf_ocr\2019\2019_13186_Periodico_Numero_259_Octava_Parte_ocr.pdf,already_exists
2019,data\guanajuato\pdf_raw\2019\2019_13187_Periodico_Numero_259_Tercera_Parte.pdf,data\guanajuato\pdf_ocr\2019\2019_13187_Periodico_Numero_259_Tercera_Parte_ocr.pdf,already_exists
2019,data\guanajuato\pdf_raw\2019\2019_13188_Periodico_Numero_259_Cuarta_Parte.pdf,data\guanajuato\pdf_ocr\2019\2019_13188_Periodico_Numero_259_Cuarta_Parte_ocr.pdf,already_exists
2019,data\guanajuato\pdf_raw\2019\2019_13191_Periodico_Numero_259_Segunda_Parte.pdf,data\guanajuato\pdf_ocr\2019\2019_13191_Periodico_Numero_259_Segunda_Parte_ocr.pdf,already_exists
2019,data\guanajuato\pdf_raw\2019\2019_13192_Periodico_Numero_259_Novena_Parte.pdf,data\guanajuato\pdf_ocr\2019\2019_13192_Periodico_Numero_259_Novena_Parte_ocr.pdf,already_exists
2019,data\guanajuato\pdf_raw\2019\2019_13195_Periodico_Numero_259_Quinta_Parte.pdf,data\guanajuato\pdf_ocr\2019\2019_13195_Periodico_Numero_259_Quinta_Parte_ocr.pdf,already_exists
2019,data\guanajuato\pdf_raw\2019\2019_13197_Periodico_Numero_259_Sexta_Parte.pdf,data\guanajuato\pdf_ocr\2019\2019_13197_Periodico_Numero_259_Sexta_Parte_ocr.pdf,already_exists
2019,data\guanajuato\pdf_raw\2019\2019_13201_Periodico_Numero_260_Septima_Parte.pdf,data\guanajuato\pdf_ocr\2019\2019_13201_Periodico_Numero_260_Septima_Parte_ocr.pdf,already_exists
2019,data\guanajuato\pdf_raw\2019\2019_13202_Periodico_Numero_260_Octava_Parte.pdf,data\guanajuato\pdf_ocr\2019\2019_13202_Periodico_Numero_260_Octava_Parte_ocr.pdf,already_exists
2019,data\guanajuato\pdf_raw\2019\2019_13218_Periodico_Numero_260_Sexta_Parte.pdf,data\guanajuato\pdf_ocr\2019\2019_13218_Periodico_Numero_260_Sexta_Parte_ocr.pdf,already_exists
2019,data\guanajuato\pdf_raw\2019\2019_13220_Periodico_Numero_260_Segunda_Parte.pdf,data\guanajuato\pdf_ocr\2019\2019_13220_Periodico_Numero_260_Segunda_Parte_ocr.pdf,already_exists
2019,data\guanajuato\pdf_raw\2019\2019_13221_Periodico_Numero_260_Tercera_Parte.pdf,data\guanajuato\pdf_ocr\2019\2019_13221_Periodico_Numero_260_Tercera_Parte_ocr.pdf,already_exists
2019,data\guanajuato\pdf_raw\2019\2019_13223_Periodico_Numero_260_Cuarta_Parte.pdf,data\guanajuato\pdf_ocr\2019\2019_13223_Periodico_Numero_260_Cuarta_Parte_ocr.pdf,already_exists
2019,data\guanajuato\pdf_raw\2019\2019_13229_Periodico_Numero_260_Decima_Parte.pdf,data\guanajuato\pdf_ocr\2019\2019_13229_Periodico_Numero_260_Decima_Parte_ocr.pdf,already_exists
2019,data\guanajuato\pdf_raw\2019\2019_13245_Periodico_Numero_260_Quinta_Parte.pdf,data\guanajuato\pdf_ocr\2019\2019_13245_Periodico_Numero_260_Quinta_Parte_ocr.pdf,already_exists
2020,data\guanajuato\pdf_raw\2020\2020_13337_Periodico_Numero_48_Segunda_Parte.pdf,data\guanajuato\pdf_ocr\2020\2020_13337_Periodico_Numero_48_Segunda_Parte_ocr.pdf,already_exists
2020,data\guanajuato\pdf_raw\2020\2020_13460_Periodico_Numero_99_Segunda_Parte.pdf,data\guanajuato\pdf_ocr\2020\2020_13460_Periodico_Numero_99_Segunda_Parte_ocr.pdf,already_exists
2020,data\guanajuato\pdf_raw\2020\2020_13480_Periodico_Numero_106_Segunda_Parte.pdf,data\guanajuato\pdf_ocr\2020\2020_13480_Periodico_Numero_106_Segunda_Parte_ocr.pdf,already_exists
2020,data\guanajuato\pdf_raw\2020\2020_13669_Periodico_Numero_169_Tercera_Parte.pdf,data\guanajuato\pdf_ocr\2020\2020_13669_Periodico_Numero_169_Tercera_Parte_ocr.pdf,already_exists
2020,data\guanajuato\pdf_raw\2020\2020_13727_Periodico_Numero_199_Segunda_Parte.pdf,data\guanajuato\pdf_ocr\2020\2020_13727_Periodico_Numero_199_Segunda_Parte_ocr.pdf,already_exists
2020,data\guanajuato\pdf_raw\2020\2020_13864_Periodico_Numero_261_Segunda_Parte.pdf,data\guanajuato\pdf_ocr\2020\2020_13864_Periodico_Numero_261_Segunda_Parte_ocr.pdf,"error:rc2:DigitalSignatureError: Input PDF has a digital signature. OCR would alter the document,
invalidating the signature.

"
2020,data\guanajuato\pdf_raw\2020\2020_13866_Periodico_Numero_261_Septima_Parte.pdf,data\guanajuato\pdf_ocr\2020\2020_13866_Periodico_Numero_261_Septima_Parte_ocr.pdf,"error:rc2:DigitalSignatureError: Input PDF has a digital signature. OCR would alter the document,
invalidating the signature.

"
2020,data\guanajuato\pdf_raw\2020\2020_13867_Periodico_Numero_261_Tercera_Parte.pdf,data\guanajuato\pdf_ocr\2020\2020_13867_Periodico_Numero_261_Tercera_Parte_ocr.pdf,"error:rc2:DigitalSignatureError: Input PDF has a digital signature. OCR would alter the document,
invalidating the signature.

"
2020,data\guanajuato\pdf_raw\2020\2020_13868_Periodico_número_261_Octava_Parte.pdf,data\guanajuato\pdf_ocr\2020\2020_13868_Periodico_número_261_Octava_Parte_ocr.pdf,"error:rc2:DigitalSignatureError: Input PDF has a digital signature. OCR would alter the document,
invalidating the signature.

"
2020,data\guanajuato\pdf_raw\2020\2020_13869_Periodico_Numero_261_Vigesima_Parte.pdf,data\guanajuato\pdf_ocr\2020\2020_13869_Periodico_Numero_261_Vigesima_Parte_ocr.pdf,"error:rc2:DigitalSignatureError: Input PDF has a digital signature. OCR would alter the document,
invalidating the signature.

"
2020,data\guanajuato\pdf_raw\2020\2020_13870_Periodico_Numero_261_Cuarta_Parte.pdf,data\guanajuato\pdf_ocr\2020\2020_13870_Periodico_Numero_261_Cuarta_Parte_ocr.pdf,"error:rc2:DigitalSignatureError: Input PDF has a digital signature. OCR would alter the document,
invalidating the signature.

"
2020,data\guanajuato\pdf_raw\2020\2020_13871_Periodico_Numero_261_Novena_Parte.pdf,data\guanajuato\pdf_ocr\2020\2020_13871_Periodico_Numero_261_Novena_Parte_ocr.pdf,"error:rc2:DigitalSignatureError: Input PDF has a digital signature. OCR would alter the document,
invalidating the signature.

"
2020,data\guanajuato\pdf_raw\2020\2020_13872_Periodico_Numero_261_Decima_Novena_Parte.pdf,data\guanajuato\pdf_ocr\2020\2020_13872_Periodico_Numero_261_Decima_Novena_Parte_ocr.pdf,"error:rc2:DigitalSignatureError: Input PDF has a digital signature. OCR would alter the document,
invalidating the signature.

"
2020,data\guanajuato\pdf_raw\2020\2020_13873_Periodico_Numero_261_Décima_Parte.pdf,data\guanajuato\pdf_ocr\2020\2020_13873_Periodico_Numero_261_Décima_Parte_ocr.pdf,"error:rc2:DigitalSignatureError: Input PDF has a digital signature. OCR would alter the document,
invalidating the signature.

"
2020,data\guanajuato\pdf_raw\2020\2020_13874_Periodico_Numero_261_Quinta_Parte.pdf,data\guanajuato\pdf_ocr\2020\2020_13874_Periodico_Numero_261_Quinta_Parte_ocr.pdf,"error:rc2:DigitalSignatureError: Input PDF has a digital signature. OCR would alter the document,
invalidating the signature.

"
2020,data\guanajuato\pdf_raw\2020\2020_13875_Periodico_Numero_261_Decima_Octava_Parte.pdf,data\guanajuato\pdf_ocr\2020\2020_13875_Periodico_Numero_261_Decima_Octava_Parte_ocr.pdf,"error:rc2:DigitalSignatureError: Input PDF has a digital signature. OCR would alter the document,
invalidating the signature.

"
2020,data\guanajuato\pdf_raw\2020\2020_13877_Periodico_Numero_261_Sexta_Parte.pdf,data\guanajuato\pdf_ocr\2020\2020_13877_Periodico_Numero_261_Sexta_Parte_ocr.pdf,"error:rc2:DigitalSignatureError: Input PDF has a digital signature. OCR would alter the document,
invalidating the signature.

"
2020,data\guanajuato\pdf_raw\2020\2020_13878_Periodico_Numero_261_Decima_Septima_Parte.pdf,data\guanajuato\pdf_ocr\2020\2020_13878_Periodico_Numero_261_Decima_Septima_Parte_ocr.pdf,"error:rc2:DigitalSignatureError: Input PDF has a digital signature. OCR would alter the document,
invalidating the signature.

"
2020,data\guanajuato\pdf_raw\2020\2020_13879_Periodico_Numero_261_Décima_Quinta_Parte.pdf,data\guanajuato\pdf_ocr\2020\2020_13879_Periodico_Numero_261_Décima_Quinta_Parte_ocr.pdf,"error:rc2:DigitalSignatureError: Input PDF has a digital signature. OCR would alter the document,
invalidating the signature.

"
2020,data\guanajuato\pdf_raw\2020\2020_13880_Periodico_Numero_261_Décima_Primera_Parte.pdf,data\guanajuato\pdf_ocr\2020\2020_13880_Periodico_Numero_261_Décima_Primera_Parte_ocr.pdf,"error:rc2:DigitalSignatureError: Input PDF has a digital signature. OCR would alter the document,
invalidating the signature.

"
2020,data\guanajuato\pdf_raw\2020\2020_13881_Periodico_Numero_261_Decima_Sexta_Parte.pdf,data\guanajuato\pdf_ocr\2020\2020_13881_Periodico_Numero_261_Decima_Sexta_Parte_ocr.pdf,"error:rc2:DigitalSignatureError: Input PDF has a digital signature. OCR would alter the document,
invalidating the signature.

"
2020,data\guanajuato\pdf_raw\2020\2020_13883_Periodico_Numero_261_Decima_Segunda_Parte.pdf,data\guanajuato\pdf_ocr\2020\2020_13883_Periodico_Numero_261_Decima_Segunda_Parte_ocr.pdf,"error:rc2:DigitalSignatureError: Input PDF has a digital signature. OCR would alter the document,
invalidating the signature.

"
2020,data\guanajuato\pdf_raw\2020\2020_13884_Periodico_Numero_261_Decima_Tercera_Parte.pdf,data\guanajuato\pdf_ocr\2020\2020_13884_Periodico_Numero_261_Decima_Tercera_Parte_ocr.pdf,"error:rc2:DigitalSignatureError: Input PDF has a digital signature. OCR would alter the document,
invalidating the signature.

"
2020,data\guanajuato\pdf_raw\2020\2020_13885_Periodico_Numero_2261_Decima_Cuarta_Parte.pdf,data\guanajuato\pdf_ocr\2020\2020_13885_Periodico_Numero_2261_Decima_Cuarta_Parte_ocr.pdf,"error:rc2:DigitalSignatureError: Input PDF has a digital signature. OCR would alter the document,
invalidating the signature.

"
2020,data\guanajuato\pdf_raw\2020\2020_13886_Periodico_Numero_261_Vigesima_Primera_Parte.pdf,data\guanajuato\pdf_ocr\2020\2020_13886_Periodico_Numero_261_Vigesima_Primera_Parte_ocr.pdf,"error:rc2:DigitalSignatureError: Input PDF has a digital signature. OCR would alter the document,
invalidating the signature.

"
2020,data\guanajuato\pdf_raw\2020\2020_13910_Periodico_Numero_260_Segunda_Parte.pdf,data\guanajuato\pdf_ocr\2020\2020_13910_Periodico_Numero_260_Segunda_Parte_ocr.pdf,"error:rc2:DigitalSignatureError: Input PDF has a digital signature. OCR would alter the document,
invalidating the signature.

"
2021,data\guanajuato\pdf_raw\2021\2021_14082_Periódico_Número_27_Segunda_Parte.pdf,data\guanajuato\pdf_ocr\2021\2021_14082_Periódico_Número_27_Segunda_Parte_ocr.pdf,already_exists
2021,data\guanajuato\pdf_raw\2021\2021_14619_Periodico_Numero_260_Segunda_Parte.pdf,data\guanajuato\pdf_ocr\2021\2021_14619_Periodico_Numero_260_Segunda_Parte_ocr.pdf,already_exists
2021,data\guanajuato\pdf_raw\2021\2021_14620_Periodico_Numero_260_Tercera_Parte.pdf,data\guanajuato\pdf_ocr\2021\2021_14620_Periodico_Numero_260_Tercera_Parte_ocr.pdf,already_exists
2021,data\guanajuato\pdf_raw\2021\2021_14621_Periodico_Numero_260_Cuarta_Parte.pdf,data\guanajuato\pdf_ocr\2021\2021_14621_Periodico_Numero_260_Cuarta_Parte_ocr.pdf,already_exists
2021,data\guanajuato\pdf_raw\2021\2021_14622_Periodico_Numero_260_Quinta_Parte.pdf,data\guanajuato\pdf_ocr\2021\2021_14622_Periodico_Numero_260_Quinta_Parte_ocr.pdf,already_exists
2021,data\guanajuato\pdf_raw\2021\2021_14623_Periodico_Numero_260_Sexta_Parte.pdf,data\guanajuato\pdf_ocr\2021\2021_14623_Periodico_Numero_260_Sexta_Parte_ocr.pdf,already_exists
2021,data\guanajuato\pdf_raw\2021\2021_14624_Periodico_Numero_260_Séptima_Parte.pdf,data\guanajuato\pdf_ocr\2021\2021_14624_Periodico_Numero_260_Séptima_Parte_ocr.pdf,already_exists
2021,data\guanajuato\pdf_raw\2021\2021_14625_Periodico_Numero_260_Octava_Parte.pdf,data\guanajuato\pdf_ocr\2021\2021_14625_Periodico_Numero_260_Octava_Parte_ocr.pdf,already_exists
2021,data\guanajuato\pdf_raw\2021\2021_14626_Periodico_Numero_260_Novena_Parte.pdf,data\guanajuato\pdf_ocr\2021\2021_14626_Periodico_Numero_260_Novena_Parte_ocr.pdf,already_exists
2021,data\guanajuato\pdf_raw\2021\2021_14627_Periodico_Numero_260_Décima_Parte.pdf,data\guanajuato\pdf_ocr\2021\2021_14627_Periodico_Numero_260_Décima_Parte_ocr.pdf,already_exists
2021,data\guanajuato\pdf_raw\2021\2021_14628_Periodico_Numero_260_Décima_Primera_Parte.pdf,data\guanajuato\pdf_ocr\2021\2021_14628_Periodico_Numero_260_Décima_Primera_Parte_ocr.pdf,already_exists
2021,data\guanajuato\pdf_raw\2021\2021_14629_Periodico_Numero_260_Décima_Segunda_Parte.pdf,data\guanajuato\pdf_ocr\2021\2021_14629_Periodico_Numero_260_Décima_Segunda_Parte_ocr.pdf,already_exists
2021,data\guanajuato\pdf_raw\2021\2021_14630_Periodico_Numero_260_Décima_Tercera_Parte.pdf,data\guanajuato\pdf_ocr\2021\2021_14630_Periodico_Numero_260_Décima_Tercera_Parte_ocr.pdf,already_exists
2021,data\guanajuato\pdf_raw\2021\2021_14631_Periodico_Numero_260_Decima_Cuarta_Parte.pdf,data\guanajuato\pdf_ocr\2021\2021_14631_Periodico_Numero_260_Decima_Cuarta_Parte_ocr.pdf,already_exists
2021,data\guanajuato\pdf_raw\2021\2021_14632_Periodico_Numero_260_Decima_Quinta_Parte.pdf,data\guanajuato\pdf_ocr\2021\2021_14632_Periodico_Numero_260_Decima_Quinta_Parte_ocr.pdf,already_exists
2021,data\guanajuato\pdf_raw\2021\2021_14633_Periodico_Numero_260_Decima_Sexta_Parte.pdf,data\guanajuato\pdf_ocr\2021\2021_14633_Periodico_Numero_260_Decima_Sexta_Parte_ocr.pdf,already_exists
2021,data\guanajuato\pdf_raw\2021\2021_14634_Periodico_Numero_260_Decima_Septima_Parte.pdf,data\guanajuato\pdf_ocr\2021\2021_14634_Periodico_Numero_260_Decima_Septima_Parte_ocr.pdf,already_exists
2021,data\guanajuato\pdf_raw\2021\2021_14635_Periodico_Numero_260_Decima_Octava_Parte.pdf,data\guanajuato\pdf_ocr\2021\2021_14635_Periodico_Numero_260_Decima_Octava_Parte_ocr.pdf,already_exists
2021,data\guanajuato\pdf_raw\2021\2021_14636_Periodico_Numero_260_Decima_Novena_Parte.pdf,data\guanajuato\pdf_ocr\2021\2021_14636_Periodico_Numero_260_Decima_Novena_Parte_ocr.pdf,already_exists
2021,data\guanajuato\pdf_raw\2021\2021_14637_Periodico_Numero_260_Vigesima_Parte.pdf,data\guanajuato\pdf_ocr\2021\2021_14637_Periodico_Numero_260_Vigesima_Parte_ocr.pdf,already_exists
2021,data\guanajuato\pdf_raw\2021\2021_14638_Periodico_Numero_260_Vigesima_Primera_Parte.pdf,data\guanajuato\pdf_ocr\2021\2021_14638_Periodico_Numero_260_Vigesima_Primera_Parte_ocr.pdf,already_exists
2021,data\guanajuato\pdf_raw\2021\2021_14647_Periodico_Numero_261_Segunda_Parte.pdf,data\guanajuato\pdf_ocr\2021\2021_14647_Periodico_Numero_261_Segunda_Parte_ocr.pdf,already_exists
2022,data\guanajuato\pdf_raw\2022\2022_14760_Periodico_Numero_15_Segunda_Parte.pdf,data\guanajuato\pdf_ocr\2022\2022_14760_Periodico_Numero_15_Segunda_Parte_ocr.pdf,already_exists
2022,data\guanajuato\pdf_raw\2022\2022_15244_Periodico_Numero_144_Quinta_Parte.pdf,data\guanajuato\pdf_ocr\2022\2022_15244_Periodico_Numero_144_Quinta_Parte_ocr.pdf,already_exists
2022,data\guanajuato\pdf_raw\2022\2022_15426_Periodico_Numero_236_Segunda_Parte.pdf,data\guanajuato\pdf_ocr\2022\2022_15426_Periodico_Numero_236_Segunda_Parte_ocr.pdf,already_exists
2022,data\guanajuato\pdf_raw\2022\2022_15477_Periodico_Numero_248_Tercera_Parte.pdf,data\guanajuato\pdf_ocr\2022\2022_15477_Periodico_Numero_248_Tercera_Parte_ocr.pdf,already_exists
2022,data\guanajuato\pdf_raw\2022\2022_15505_Periódico_Numero_260_Tercera_Parte.pdf,data\guanajuato\pdf_ocr\2022\2022_15505_Periódico_Numero_260_Tercera_Parte_ocr.pdf,already_exists
2022,data\guanajuato\pdf_raw\2022\2022_15506_Periodico_Numero_260_Segunda_Parte.pdf,data\guanajuato\pdf_ocr\2022\2022_15506_Periodico_Numero_260_Segunda_Parte_ocr.pdf,already_exists
2022,data\guanajuato\pdf_raw\2022\2022_15507_Periodico_Numero_260_Cuarta_Parte.pdf,data\guanajuato\pdf_ocr\2022\2022_15507_Periodico_Numero_260_Cuarta_Parte_ocr.pdf,already_exists
2022,data\guanajuato\pdf_raw\2022\2022_15512_Periodico_Numero_260_Sexta_Parte.pdf,data\guanajuato\pdf_ocr\2022\2022_15512_Periodico_Numero_260_Sexta_Parte_ocr.pdf,already_exists
2022,data\guanajuato\pdf_raw\2022\2022_15513_Periodico_Numero_260_Septima_Parte.pdf,data\guanajuato\pdf_ocr\2022\2022_15513_Periodico_Numero_260_Septima_Parte_ocr.pdf,already_exists
2022,data\guanajuato\pdf_raw\2022\2022_15514_Periodico_Numero_260_Octava_Parte.pdf,data\guanajuato\pdf_ocr\2022\2022_15514_Periodico_Numero_260_Octava_Parte_ocr.pdf,already_exists
2022,data\guanajuato\pdf_raw\2022\2022_15515_Periodico_Numero_260_Novena_Parte.pdf,data\guanajuato\pdf_ocr\2022\2022_15515_Periodico_Numero_260_Novena_Parte_ocr.pdf,already_exists
2022,data\guanajuato\pdf_raw\2022\2022_15516_Periodico_Numero_260_Decima_Parte.pdf,data\guanajuato\pdf_ocr\2022\2022_15516_Periodico_Numero_260_Decima_Parte_ocr.pdf,already_exists
2022,data\guanajuato\pdf_raw\2022\2022_15517_Periodico_Numero_260_Decima_Tercera_Parte.pdf,data\guanajuato\pdf_ocr\2022\2022_15517_Periodico_Numero_260_Decima_Tercera_Parte_ocr.pdf,already_exists
2022,data\guanajuato\pdf_raw\2022\2022_15518_Periodico_Numero_260_Decima_Cuarta_Parte.pdf,data\guanajuato\pdf_ocr\2022\2022_15518_Periodico_Numero_260_Decima_Cuarta_Parte_ocr.pdf,already_exists
2022,data\guanajuato\pdf_raw\2022\2022_15519_Periodico_Numero_260_Decima_Quinta_Parte.pdf,data\guanajuato\pdf_ocr\2022\2022_15519_Periodico_Numero_260_Decima_Quinta_Parte_ocr.pdf,already_exists
2022,data\guanajuato\pdf_raw\2022\2022_15520_Periodico_Numero_260_Decima_Sexta_Parte.pdf,data\guanajuato\pdf_ocr\2022\2022_15520_Periodico_Numero_260_Decima_Sexta_Parte_ocr.pdf,already_exists
2022,data\guanajuato\pdf_raw\2022\2022_15521_Periodico_Numero_260_Decima_Septima_Parte.pdf,data\guanajuato\pdf_ocr\2022\2022_15521_Periodico_Numero_260_Decima_Septima_Parte_ocr.pdf,already_exists
2022,data\guanajuato\pdf_raw\2022\2022_15522_Periodico_Numero_260_Decima_Octava_Parte.pdf,data\guanajuato\pdf_ocr\2022\2022_15522_Periodico_Numero_260_Decima_Octava_Parte_ocr.pdf,already_exists
2022,data\guanajuato\pdf_raw\2022\2022_15524_Periódico_Numero_260_Vigésima_Parte.pdf,data\guanajuato\pdf_ocr\2022\2022_15524_Periódico_Numero_260_Vigésima_Parte_ocr.pdf,already_exists
2022,data\guanajuato\pdf_raw\2022\2022_15525_Periodico_Numero_260_Vigesima_Primera_Parte.pdf,data\guanajuato\pdf_ocr\2022\2022_15525_Periodico_Numero_260_Vigesima_Primera_Parte_ocr.pdf,already_exists
2022,data\guanajuato\pdf_raw\2022\2022_15526_Periodico_Numero_260_Vigesima_Segunda_Parte.pdf,data\guanajuato\pdf_ocr\2022\2022_15526_Periodico_Numero_260_Vigesima_Segunda_Parte_ocr.pdf,already_exists
2022,data\guanajuato\pdf_raw\2022\2022_15527_Periodico_Numero_260_Vigesima_Tercera_Parte.pdf,data\guanajuato\pdf_ocr\2022\2022_15527_Periodico_Numero_260_Vigesima_Tercera_Parte_ocr.pdf,already_exists
2022,data\guanajuato\pdf_raw\2022\2022_15528_Periodico_Numero_260_Vigesima_Cuarta_Parte.pdf,data\guanajuato\pdf_ocr\2022\2022_15528_Periodico_Numero_260_Vigesima_Cuarta_Parte_ocr.pdf,already_exists
2022,data\guanajuato\pdf_raw\2022\2022_15529_Periodico_Numero_260_Vigesima_Quinta_Parte.pdf,data\guanajuato\pdf_ocr\2022\2022_15529_Periodico_Numero_260_Vigesima_Quinta_Parte_ocr.pdf,already_exists
2022,data\guanajuato\pdf_raw\2022\2022_15530_Periodico_Numero_260_Décima_Primera_Parte.pdf,data\guanajuato\pdf_ocr\2022\2022_15530_Periodico_Numero_260_Décima_Primera_Parte_ocr.pdf,already_exists
2022,data\guanajuato\pdf_raw\2022\2022_15531_Periodico_Numero_260_Décima_Segunda_Parte.pdf,data\guanajuato\pdf_ocr\2022\2022_15531_Periodico_Numero_260_Décima_Segunda_Parte_ocr.pdf,already_exists
2022,data\guanajuato\pdf_raw\2022\2022_15541_Periodico_Numero_260_Quinta_Parte.pdf,data\guanajuato\pdf_ocr\2022\2022_15541_Periodico_Numero_260_Quinta_Parte_ocr.pdf,already_exists
2022,data\guanajuato\pdf_raw\2022\2022_15552_Periodico_Numero_260_Cuadragesima_Novena_Parte.pdf,data\guanajuato\pdf_ocr\2022\2022_15552_Periodico_Numero_260_Cuadragesima_Novena_Parte_ocr.pdf,already_exists
2022,data\guanajuato\pdf_raw\2022\2022_15578_Periodico_Numero_260_Décima_Novena_Parte.pdf,data\guanajuato\pdf_ocr\2022\2022_15578_Periodico_Numero_260_Décima_Novena_Parte_ocr.pdf,already_exists
2023,data\guanajuato\pdf_raw\2023\2023_15611_Periodico_Numero_12_Segunda_Parte.pdf,data\guanajuato\pdf_ocr\2023\2023_15611_Periodico_Numero_12_Segunda_Parte_ocr.pdf,already_exists
2023,data\guanajuato\pdf_raw\2023\2023_16356_Periodico_Numero_261_Primera_Parte.pdf,data\guanajuato\pdf_ocr\2023\2023_16356_Periodico_Numero_261_Primera_Parte_ocr.pdf,already_exists
2023,data\guanajuato\pdf_raw\2023\2023_16360_Periodico_Numero_261_Sexta_Parte.pdf,data\guanajuato\pdf_ocr\2023\2023_16360_Periodico_Numero_261_Sexta_Parte_ocr.pdf,already_exists
2023,data\guanajuato\pdf_raw\2023\2023_16361_Periodico_Numero_261_Quinta_Parte.pdf,data\guanajuato\pdf_ocr\2023\2023_16361_Periodico_Numero_261_Quinta_Parte_ocr.pdf,already_exists
2023,data\guanajuato\pdf_raw\2023\2023_16362_Periodico_Numero_261_Septima_Parte.pdf,data\guanajuato\pdf_ocr\2023\2023_16362_Periodico_Numero_261_Septima_Parte_ocr.pdf,already_exists
2023,data\guanajuato\pdf_raw\2023\2023_16363_Periodico_Numero_261_Octava_Parte.pdf,data\guanajuato\pdf_ocr\2023\2023_16363_Periodico_Numero_261_Octava_Parte_ocr.pdf,already_exists
2023,data\guanajuato\pdf_raw\2023\2023_16364_Periodico_Numero_261_Novena_Parte.pdf,data\guanajuato\pdf_ocr\2023\2023_16364_Periodico_Numero_261_Novena_Parte_ocr.pdf,"error:rc4:This PDF is marked as a Tagged PDF. This often indicates that the PDF was generated from an office document and does not need OCR. PDF pages processed by OCRmyPDF may not be tagged correctly.
Starting processing with 4 workers concurrently
    1 page already has text! - rasterizing text and running "
2023,data\guanajuato\pdf_raw\2023\2023_16366_Periodico_Numero_261_Decima_Tercera_Parte.pdf,data\guanajuato\pdf_ocr\2023\2023_16366_Periodico_Numero_261_Decima_Tercera_Parte_ocr.pdf,already_exists
2023,data\guanajuato\pdf_raw\2023\2023_16367_Periodico_Numero_261_Decima_Segunda_Parte.pdf,data\guanajuato\pdf_ocr\2023\2023_16367_Periodico_Numero_261_Decima_Segunda_Parte_ocr.pdf,already_exists
2023,data\guanajuato\pdf_raw\2023\2023_16368_Periodico_Numero_261_Decima_Primera_Parte.pdf,data\guanajuato\pdf_ocr\2023\2023_16368_Periodico_Numero_261_Decima_Primera_Parte_ocr.pdf,already_exists
2023,data\guanajuato\pdf_raw\2023\2023_16369_Periodico_Numero_261_Segunda_Parte.pdf,data\guanajuato\pdf_ocr\2023\2023_16369_Periodico_Numero_261_Segunda_Parte_ocr.pdf,already_exists
2023,data\guanajuato\pdf_raw\2023\2023_16370_Periodico_Numero_261_Decima_Parte.pdf,data\guanajuato\pdf_ocr\2023\2023_16370_Periodico_Numero_261_Decima_Parte_ocr.pdf,"error:rc4:This PDF is marked as a Tagged PDF. This often indicates that the PDF was generated from an office document and does not need OCR. PDF pages processed by OCRmyPDF may not be tagged correctly.
Starting processing with 4 workers concurrently
    1 page already has text! - rasterizing text and running "
2023,data\guanajuato\pdf_raw\2023\2023_16371_Periodico_Numero_261_Cuarta_Parte.pdf,data\guanajuato\pdf_ocr\2023\2023_16371_Periodico_Numero_261_Cuarta_Parte_ocr.pdf,already_exists
2023,data\guanajuato\pdf_raw\2023\2023_16372_Periodico_Numero_261_Tercera_Parte.pdf,data\guanajuato\pdf_ocr\2023\2023_16372_Periodico_Numero_261_Tercera_Parte_ocr.pdf,already_exists
2023,data\guanajuato\pdf_raw\2023\2023_16390_Periodico_Numero_261_Decima_Cuarta_Parte.pdf,data\guanajuato\pdf_ocr\2023\2023_16390_Periodico_Numero_261_Decima_Cuarta_Parte_ocr.pdf,already_exists
2023,data\guanajuato\pdf_raw\2023\2023_16391_Periodico_Numero_261_Vigesima_Septima_Parte.pdf,data\guanajuato\pdf_ocr\2023\2023_16391_Periodico_Numero_261_Vigesima_Septima_Parte_ocr.pdf,already_exists
2023,data\guanajuato\pdf_raw\2023\2023_16392_Periodico_Numero_261_Decima_Quinta_Parte.pdf,data\guanajuato\pdf_ocr\2023\2023_16392_Periodico_Numero_261_Decima_Quinta_Parte_ocr.pdf,already_exists
2023,data\guanajuato\pdf_raw\2023\2023_16393_Periodico_Numero_261_Vigesima_Tercera_Parte.pdf,data\guanajuato\pdf_ocr\2023\2023_16393_Periodico_Numero_261_Vigesima_Tercera_Parte_ocr.pdf,already_exists
2023,data\guanajuato\pdf_raw\2023\2023_16397_Periodico_Numero_261_Vigesima_Octava_Parte.pdf,data\guanajuato\pdf_ocr\2023\2023_16397_Periodico_Numero_261_Vigesima_Octava_Parte_ocr.pdf,already_exists
2023,data\guanajuato\pdf_raw\2023\2023_16411_Periodico_Numero_261_Vigesima_Segunda_Parte.pdf,data\guanajuato\pdf_ocr\2023\2023_16411_Periodico_Numero_261_Vigesima_Segunda_Parte_ocr.pdf,"error:rc4:This PDF is marked as a Tagged PDF. This often indicates that the PDF was generated from an office document and does not need OCR. PDF pages processed by OCRmyPDF may not be tagged correctly.
Starting processing with 4 workers concurrently
    1 page already has text! - rasterizing text and running "
2023,data\guanajuato\pdf_raw\2023\2023_16419_Periodico_Numero_261_Decima_Sexta_Parte.pdf,data\guanajuato\pdf_ocr\2023\2023_16419_Periodico_Numero_261_Decima_Sexta_Parte_ocr.pdf,already_exists
2023,data\guanajuato\pdf_raw\2023\2023_16420_Periodico_Numero_261_Decima_Septima_Parte.pdf,data\guanajuato\pdf_ocr\2023\2023_16420_Periodico_Numero_261_Decima_Septima_Parte_ocr.pdf,already_exists
2023,data\guanajuato\pdf_raw\2023\2023_16425_Periodico_Numero_261_Decima_Octava_Parte.pdf,data\guanajuato\pdf_ocr\2023\2023_16425_Periodico_Numero_261_Decima_Octava_Parte_ocr.pdf,already_exists
2023,data\guanajuato\pdf_raw\2023\2023_16431_Periodico_Numero_261_Decima_Novena_Parte.pdf,data\guanajuato\pdf_ocr\2023\2023_16431_Periodico_Numero_261_Decima_Novena_Parte_ocr.pdf,already_exists
2023,data\guanajuato\pdf_raw\2023\2023_16432_Periodico_Numero_261_Vigesima_Parte.pdf,data\guanajuato\pdf_ocr\2023\2023_16432_Periodico_Numero_261_Vigesima_Parte_ocr.pdf,already_exists
2023,data\guanajuato\pdf_raw\2023\2023_16442_Periodico_Numero_261_Vigesima_Primera_Parte.pdf,data\guanajuato\pdf_ocr\2023\2023_16442_Periodico_Numero_261_Vigesima_Primera_Parte_ocr.pdf,already_exists
2023,data\guanajuato\pdf_raw\2023\2023_16446_Periodico_Numero_261_Vigesima_Cuarta_Parte.pdf,data\guanajuato\pdf_ocr\2023\2023_16446_Periodico_Numero_261_Vigesima_Cuarta_Parte_ocr.pdf,already_exists
2023,data\guanajuato\pdf_raw\2023\2023_16447_Periodico_Numero_261_Vigesima_Quinta_Parte.pdf,data\guanajuato\pdf_ocr\2023\2023_16447_Periodico_Numero_261_Vigesima_Quinta_Parte_ocr.pdf,already_exists
2023,data\guanajuato\pdf_raw\2023\2023_16449_Periodico_Numero_261_Vigesima_Sexta_Parte.pdf,data\guanajuato\pdf_ocr\2023\2023_16449_Periodico_Numero_261_Vigesima_Sexta_Parte_ocr.pdf,already_exists
2024,data\guanajuato\pdf_raw\2024\2024_16341_Periodico_Numero_12_Segunda_Parte.pdf,data\guanajuato\pdf_ocr\2024\2024_16341_Periodico_Numero_12_Segunda_Parte_ocr.pdf,already_exists
2024,data\guanajuato\pdf_raw\2024\2024_16458_Periodico_Numero_7_Segunda_Parte.pdf,data\guanajuato\pdf_ocr\2024\2024_16458_Periodico_Numero_7_Segunda_Parte_ocr.pdf,already_exists
2024,data\guanajuato\pdf_raw\2024\2024_17194_Periódico_Número_261_Segunda_Parte.pdf,data\guanajuato\pdf_ocr\2024\2024_17194_Periódico_Número_261_Segunda_Parte_ocr.pdf,already_exists
2024,data\guanajuato\pdf_raw\2024\2024_17195_Periódico_Número_261_Tercera_Parte.pdf,data\guanajuato\pdf_ocr\2024\2024_17195_Periódico_Número_261_Tercera_Parte_ocr.pdf,ok
2024,data\guanajuato\pdf_raw\2024\2024_17196_Periódico_Número_261_Novena_Parte.pdf,data\guanajuato\pdf_ocr\2024\2024_17196_Periódico_Número_261_Novena_Parte_ocr.pdf,ok
2024,data\guanajuato\pdf_raw\2024\2024_17197_Periódico_Número_261_Décima_Parte.pdf,data\guanajuato\pdf_ocr\2024\2024_17197_Periódico_Número_261_Décima_Parte_ocr.pdf,ok
2024,data\guanajuato\pdf_raw\2024\2024_17198_Periódico_Número_261_Décima_Segunda_Parte.pdf,data\guanajuato\pdf_ocr\2024\2024_17198_Periódico_Número_261_Décima_Segunda_Parte_ocr.pdf,ok
2024,data\guanajuato\pdf_raw\2024\2024_17199_Periódico_Número_261_Décima_Tercera_Parte.pdf,data\guanajuato\pdf_ocr\2024\2024_17199_Periódico_Número_261_Décima_Tercera_Parte_ocr.pdf,ok
2024,data\guanajuato\pdf_raw\2024\2024_17200_Periódico_Número_261_Décima_Quinta_Parte.pdf,data\guanajuato\pdf_ocr\2024\2024_17200_Periódico_Número_261_Décima_Quinta_Parte_ocr.pdf,ok
2024,data\guanajuato\pdf_raw\2024\2024_17201_Periódico_Número_261_Décima_Séptima_Parte.pdf,data\guanajuato\pdf_ocr\2024\2024_17201_Periódico_Número_261_Décima_Séptima_Parte_ocr.pdf,ok
2024,data\guanajuato\pdf_raw\2024\2024_17202_Periódico_Número_261_Décima_Octava_Parte.pdf,data\guanajuato\pdf_ocr\2024\2024_17202_Periódico_Número_261_Décima_Octava_Parte_ocr.pdf,ok
2024,data\guanajuato\pdf_raw\2024\2024_17211_Periódico_Número_261_Vigésima_Parte.pdf,data\guanajuato\pdf_ocr\2024\2024_17211_Periódico_Número_261_Vigésima_Parte_ocr.pdf,ok
2024,data\guanajuato\pdf_raw\2024\2024_17212_Periódico_Número_261_Vigésima_Primera_Parte.pdf,data\guanajuato\pdf_ocr\2024\2024_17212_Periódico_Número_261_Vigésima_Primera_Parte_ocr.pdf,ok
2024,data\guanajuato\pdf_raw\2024\2024_17213_Periódico_Número_261_Vigésima_Segunda_Parte.pdf,data\guanajuato\pdf_ocr\2024\2024_17213_Periódico_Número_261_Vigésima_Segunda_Parte_ocr.pdf,ok
2024,data\guanajuato\pdf_raw\2024\2024_17214_Periódico_Número_261_Vigésima_Tercera_Parte.pdf,data\guanajuato\pdf_ocr\2024\2024_17214_Periódico_Número_261_Vigésima_Tercera_Parte_ocr.pdf,ok
2024,data\guanajuato\pdf_raw\2024\2024_17215_Periódico_Número_261_Vigésima_Cuarta_Parte.pdf,data\guanajuato\pdf_ocr\2024\2024_17215_Periódico_Número_261_Vigésima_Cuarta_Parte_ocr.pdf,ok
2024,data\guanajuato\pdf_raw\2024\2024_17216_Periódico_Número_261_Vigésima_Quinta_Parte.pdf,data\guanajuato\pdf_ocr\2024\2024_17216_Periódico_Número_261_Vigésima_Quinta_Parte_ocr.pdf,ok
2024,data\guanajuato\pdf_raw\2024\2024_17222_Periódico_Número_260_Octava_Parte.pdf,data\guanajuato\pdf_ocr\2024\2024_17222_Periódico_Número_260_Octava_Parte_ocr.pdf,ok
2024,data\guanajuato\pdf_raw\2024\2024_17223_Periódico_Número_261_Cuarta_Parte.pdf,data\guanajuato\pdf_ocr\2024\2024_17223_Periódico_Número_261_Cuarta_Parte_ocr.pdf,ok
2024,data\guanajuato\pdf_raw\2024\2024_17224_Periódico_Número_261_Quinta_Parte.pdf,data\guanajuato\pdf_ocr\2024\2024_17224_Periódico_Número_261_Quinta_Parte_ocr.pdf,ok
2024,data\guanajuato\pdf_raw\2024\2024_17225_Periódico_Número_261_Sexta_Parte.pdf,data\guanajuato\pdf_ocr\2024\2024_17225_Periódico_Número_261_Sexta_Parte_ocr.pdf,ok
2024,data\guanajuato\pdf_raw\2024\2024_17226_Periódico_Número_261_Séptima_Parte.pdf,data\guanajuato\pdf_ocr\2024\2024_17226_Periódico_Número_261_Séptima_Parte_ocr.pdf,ok
2024,data\guanajuato\pdf_raw\2024\2024_17227_Periódico_Número_261_Octava_Parte.pdf,data\guanajuato\pdf_ocr\2024\2024_17227_Periódico_Número_261_Octava_Parte_ocr.pdf,ok
2024,data\guanajuato\pdf_raw\2024\2024_17228_Periódico_Número_261_Décima_Primera_Parte.pdf,data\guanajuato\pdf_ocr\2024\2024_17228_Periódico_Número_261_Décima_Primera_Parte_ocr.pdf,ok
2024,data\guanajuato\pdf_raw\2024\2024_17229_Periódico_Número_261_Décima_Cuarta_Parte.pdf,data\guanajuato\pdf_ocr\2024\2024_17229_Periódico_Número_261_Décima_Cuarta_Parte_ocr.pdf,ok
2024,data\guanajuato\pdf_raw\2024\2024_17241_Periódico_Número_261_Décima_Sexta_Parte.pdf,data\guanajuato\pdf_ocr\2024\2024_17241_Periódico_Número_261_Décima_Sexta_Parte_ocr.pdf,ok
2024,data\guanajuato\pdf_raw\2024\2024_17242_Periódico_Número_261_Décima_Novena_Parte.pdf,data\guanajuato\pdf_ocr\2024\2024_17242_Periódico_Número_261_Décima_Novena_Parte_ocr.pdf,ok
2025,data\guanajuato\pdf_raw\2025\2025_17971_Periódico_Número_260_Segunda_Parte.pdf,data\guanajuato\pdf_ocr\2025\2025_17971_Periódico_Número_260_Segunda_Parte_ocr.pdf,ok
2025,data\guanajuato\pdf_raw\2025\2025_17972_Periódico_Número_260_Tercera_Parte.pdf,data\guanajuato\pdf_ocr\2025\2025_17972_Periódico_Número_260_Tercera_Parte_ocr.pdf,ok
2025,data\guanajuato\pdf_raw\2025\2025_17973_Periódico_Número_260_Décima_Quinta_Parte.pdf,data\guanajuato\pdf_ocr\2025\2025_17973_Periódico_Número_260_Décima_Quinta_Parte_ocr.pdf,ok
2025,data\guanajuato\pdf_raw\2025\2025_17974_Periódico_Número_260_Décima_Sexta_Parte.pdf,data\guanajuato\pdf_ocr\2025\2025_17974_Periódico_Número_260_Décima_Sexta_Parte_ocr.pdf,ok
2025,data\guanajuato\pdf_raw\2025\2025_17975_Periódico_Número_260_Décima_Novena_Parte.pdf,data\guanajuato\pdf_ocr\2025\2025_17975_Periódico_Número_260_Décima_Novena_Parte_ocr.pdf,ok
2025,data\guanajuato\pdf_raw\2025\2025_17976_Periódico_Número_260_Vigésima_Parte.pdf,data\guanajuato\pdf_ocr\2025\2025_17976_Periódico_Número_260_Vigésima_Parte_ocr.pdf,ok
2025,data\guanajuato\pdf_raw\2025\2025_17977_Periódico_Número_260_Vigésima_Primera_Parte.pdf,data\guanajuato\pdf_ocr\2025\2025_17977_Periódico_Número_260_Vigésima_Primera_Parte_ocr.pdf,ok
2025,data\guanajuato\pdf_raw\2025\2025_17978_Periódico_Número_260_Vigésima_Segunda_Parte.pdf,data\guanajuato\pdf_ocr\2025\2025_17978_Periódico_Número_260_Vigésima_Segunda_Parte_ocr.pdf,ok
2025,data\guanajuato\pdf_raw\2025\2025_17979_Periódico_Número_260_Vigésima_Quinta_Parte.pdf,data\guanajuato\pdf_ocr\2025\2025_17979_Periódico_Número_260_Vigésima_Quinta_Parte_ocr.pdf,ok
2025,data\guanajuato\pdf_raw\2025\2025_17981_Periódico_Número_260_Octava_Parte.pdf,data\guanajuato\pdf_ocr\2025\2025_17981_Periódico_Número_260_Octava_Parte_ocr.pdf,ok
2025,data\guanajuato\pdf_raw\2025\2025_17982_Periódico_Número_260_Novena_Parte.pdf,data\guanajuato\pdf_ocr\2025\2025_17982_Periódico_Número_260_Novena_Parte_ocr.pdf,ok
2025,data\guanajuato\pdf_raw\2025\2025_17983_Periódico_Número_260_Décima_Parte.pdf,data\guanajuato\pdf_ocr\2025\2025_17983_Periódico_Número_260_Décima_Parte_ocr.pdf,ok
2025,data\guanajuato\pdf_raw\2025\2025_17984_Periódico_Número_260_Décima_Primera_Parte.pdf,data\guanajuato\pdf_ocr\2025\2025_17984_Periódico_Número_260_Décima_Primera_Parte_ocr.pdf,ok
2025,data\guanajuato\pdf_raw\2025\2025_17985_Periódico_Número_260_Décima_Segunda_Parte.pdf,data\guanajuato\pdf_ocr\2025\2025_17985_Periódico_Número_260_Décima_Segunda_Parte_ocr.pdf,ok
2025,data\guanajuato\pdf_raw\2025\2025_17986_Periódico_Número_260_Décima_Octava_Parte.pdf,data\guanajuato\pdf_ocr\2025\2025_17986_Periódico_Número_260_Décima_Octava_Parte_ocr.pdf,ok
2025,data\guanajuato\pdf_raw\2025\2025_17987_Periódico_Número_260_Vigésima_Tercera_Parte.pdf,data\guanajuato\pdf_ocr\2025\2025_17987_Periódico_Número_260_Vigésima_Tercera_Parte_ocr.pdf,ok
2025,data\guanajuato\pdf_raw\2025\2025_17988_Periódico_Número_260_Vigésima_Sexta_Parte.pdf,data\guanajuato\pdf_ocr\2025\2025_17988_Periódico_Número_260_Vigésima_Sexta_Parte_ocr.pdf,ok
2025,data\guanajuato\pdf_raw\2025\2025_17989_Periódico_Número_260_Vigésima_Séptima_Parte.pdf,data\guanajuato\pdf_ocr\2025\2025_17989_Periódico_Número_260_Vigésima_Séptima_Parte_ocr.pdf,ok
2025,data\guanajuato\pdf_raw\2025\2025_17998_Periódico_Número_260_Cuarta_Parte.pdf,data\guanajuato\pdf_ocr\2025\2025_17998_Periódico_Número_260_Cuarta_Parte_ocr.pdf,ok
2025,data\guanajuato\pdf_raw\2025\2025_17999_Periódico_Número_260_Quinta_Parte.pdf,data\guanajuato\pdf_ocr\2025\2025_17999_Periódico_Número_260_Quinta_Parte_ocr.pdf,ok
2025,data\guanajuato\pdf_raw\2025\2025_18000_Periódico_Número_260_Sexta_Parte.pdf,data\guanajuato\pdf_ocr\2025\2025_18000_Periódico_Número_260_Sexta_Parte_ocr.pdf,ok
2025,data\guanajuato\pdf_raw\2025\2025_18003_Periódico_Número_260_Séptima_Parte.pdf,data\guanajuato\pdf_ocr\2025\2025_18003_Periódico_Número_260_Séptima_Parte_ocr.pdf,ok
2025,data\guanajuato\pdf_raw\2025\2025_18005_Periódico_Número_Décima_Tercera_Parte.pdf,data\guanajuato\pdf_ocr\2025\2025_18005_Periódico_Número_Décima_Tercera_Parte_ocr.pdf,ok
2025,data\guanajuato\pdf_raw\2025\2025_18006_Periódico_Número_Décima_Cuarta_Parte.pdf,data\guanajuato\pdf_ocr\2025\2025_18006_Periódico_Número_Décima_Cuarta_Parte_ocr.pdf,ok
2025,data\guanajuato\pdf_raw\2025\2025_18007_Periódico_Número_260_Décima_Séptima_Parte.pdf,data\guanajuato\pdf_ocr\2025\2025_18007_Periódico_Número_260_Décima_Séptima_Parte_ocr.pdf,ok
2025,data\guanajuato\pdf_raw\2025\2025_18008_Periódico_Número_260_Vigésima_Cuarta_Parte.pdf,data\guanajuato\pdf_ocr\2025\2025_18008_Periódico_Número_260_Vigésima_Cuarta_Parte_ocr.pdf,ok
2025,data\guanajuato\pdf_raw\2025\2025_18009_Periódico_Número_260_Vigésima_Novena_Parte.pdf,data\guanajuato\pdf_ocr\2025\2025_18009_Periódico_Número_260_Vigésima_Novena_Parte_ocr.pdf,ok
2025,data\guanajuato\pdf_raw\2025\2025_18010_Periódico_Número_260_Vigésima_Octava_Parte.pdf,data\guanajuato\pdf_ocr\2025\2025_18010_Periódico_Número_260_Vigésima_Octava_Parte_ocr.pdf,ok
2025,data\guanajuato\pdf_raw\2025\2025_18037_Periódico_Número_260_Quincuagésima_Parte.pdf,data\guanajuato\pdf_ocr\2025\2025_18037_Periódico_Número_260_Quincuagésima_Parte_ocr.pdf,ok
