cvegeo,estado,municipio,ejercicio,tipo_esquema,numero_rangos,monto_max_rango,imputed,imputed_from_year,audit_source,pragmatic_method
26001,Sonora,Aconchi,2010,progresivo,8,1060473.0,false,,,existing
26001,Sonora,Aconchi,2011,progresivo,,,false,,audit_individual,existing
26001,Sonora,Aconchi,2012,progresivo,11,2316072.0,false,,,existing
26001,Sonora,Aconchi,2013,progresivo,11,2316072.0,false,,,existing
26001,Sonora,Aconchi,2014,progresivo,10,2930600.0,false,,,existing
26001,Sonora,Aconchi,2015,mixto,10,1930060.0,false,,,existing
26001,Sonora,Aconchi,2016,progresivo,10,1930060.0,false,,,existing
26001,Sonora,Aconchi,2017,progresivo,10,1930060.0,false,,,existing
26001,Sonora,Aconchi,2018,progresivo,,,false,,audit_individual,existing
26001,Sonora,Aconchi,2019,progresivo,,,pragmatic,,,always_T_modal_fill
26001,Sonora,Aconchi,2020,progresivo,10,1930060.0,false,,,existing
26001,Sonora,Aconchi,2021,progresivo,10,1930060.0,false,,,existing
26001,Sonora,Aconchi,2022,progresivo,10,1930060.0,false,,,existing
26001,Sonora,Aconchi,2023,progresivo,10,1930060.0,false,,,existing
26001,Sonora,Aconchi,2024,progresivo,10,1930060.0,false,,,existing
26001,Sonora,Aconchi,2025,progresivo,10,1930060.01,false,,,existing
26002,Sonora,Agua Prieta,2010,progresivo,,,bfill,2012,,existing
26002,Sonora,Agua Prieta,2011,progresivo,,,bfill,2012,,existing
26002,Sonora,Agua Prieta,2012,progresivo,11,2316972.0,false,,,existing
26002,Sonora,Agua Prieta,2013,progresivo,,,false,,audit_individual,existing
26002,Sonora,Agua Prieta,2014,mixto,11,2316072.0,false,,,existing
26002,Sonora,Agua Prieta,2015,mixto,11,2316072.0,false,,,existing
26002,Sonora,Agua Prieta,2016,progresivo,11,2316072.0,false,,,existing
26002,Sonora,Agua Prieta,2017,progresivo,,,false,,audit_individual,existing
26002,Sonora,Agua Prieta,2018,progresivo,11,2316072.0,false,,,existing
26002,Sonora,Agua Prieta,2019,progresivo,11,2316072.0,false,,,existing
26002,Sonora,Agua Prieta,2020,progresivo,,,false,,audit_individual,existing
26002,Sonora,Agua Prieta,2021,progresivo,11,2316072.0,false,,,existing
26002,Sonora,Agua Prieta,2022,progresivo,11,2316072.0,false,,,existing
26002,Sonora,Agua Prieta,2023,progresivo,,,false,,audit_individual,existing
26002,Sonora,Agua Prieta,2024,progresivo,11,2316072.0,false,,,existing
26002,Sonora,Agua Prieta,2025,progresivo,11,2316072.0,false,,,existing
26003,Sonora,alamos,2010,progresivo,,,false,,audit_individual,existing
26003,Sonora,alamos,2011,progresivo,11,2316072.0,false,,,existing
26003,Sonora,alamos,2012,progresivo,11,2316072.0,false,,,existing
26003,Sonora,alamos,2013,progresivo,,,false,,audit_individual,existing
26003,Sonora,alamos,2014,progresivo,11,2316072.0,false,,,existing
26003,Sonora,alamos,2015,mixto,11,2316072.0,false,,,existing
26003,Sonora,alamos,2016,progresivo,11,2316072.0,false,,,existing
26003,Sonora,alamos,2017,progresivo,11,2316072.0,false,,,existing
26003,Sonora,alamos,2018,progresivo,11,2316072.0,false,,,existing
26003,Sonora,alamos,2019,progresivo,,,tipo_only_fill,2018,,existing
26003,Sonora,alamos,2020,progresivo,11,2316072.0,false,,,existing
26003,Sonora,alamos,2021,progresivo,12,4916578.86,false,,,existing
26003,Sonora,alamos,2022,progresivo,12,4916578.87,false,,,existing
26003,Sonora,alamos,2023,progresivo,12,4916578.86,false,,,existing
26003,Sonora,alamos,2024,progresivo,12,4916578.86,false,,,existing
26003,Sonora,alamos,2025,progresivo,12,4916578.86,false,,,existing
26004,Sonora,Altar,2010,progresivo,11,2316072.0,false,,,existing
26004,Sonora,Altar,2011,progresivo,,,bfill,2012,,existing
26004,Sonora,Altar,2012,progresivo,6,441864.0,false,,,existing
26004,Sonora,Altar,2013,progresivo,11,2316072.0,false,,,existing
26004,Sonora,Altar,2014,progresivo,,,tipo_only_fill,2012,,existing
26004,Sonora,Altar,2015,progresivo,11,2316072.01,false,,,existing
26004,Sonora,Altar,2016,progresivo,11,2316072.0,false,,,existing
26004,Sonora,Altar,2017,progresivo,11,2316072.0,false,,,existing
26004,Sonora,Altar,2018,progresivo,,,false,,audit_individual,existing
26004,Sonora,Altar,2019,progresivo,,,false,,user_reversion_noise,existing
26004,Sonora,Altar,2020,progresivo,,,false,,user_reversion_noise,existing
26004,Sonora,Altar,2021,progresivo,11,2316072.0,false,,,existing
26004,Sonora,Altar,2022,progresivo,,,pragmatic,,,always_T_modal_fill
26004,Sonora,Altar,2023,progresivo,11,2316072.0,false,,,existing
26004,Sonora,Altar,2024,progresivo,,,false,,audit_individual,existing
26004,Sonora,Altar,2025,progresivo,11,2316072.01,false,,,existing
26005,Sonora,Arivechi,2010,progresivo,6,441864.0,false,,,existing
26005,Sonora,Arivechi,2011,mixto,6,441854.0,false,,,existing
26005,Sonora,Arivechi,2012,progresivo,6,441864.0,false,,,existing
26005,Sonora,Arivechi,2013,progresivo,,,false,,audit_individual,existing
26005,Sonora,Arivechi,2014,progresivo,6,441864.0,false,,,existing
26005,Sonora,Arivechi,2015,progresivo,6,441864.01,false,,,existing
26005,Sonora,Arivechi,2016,progresivo,6,441864.0,false,,,existing
26005,Sonora,Arivechi,2017,progresivo,,,false,,audit_individual,existing
26005,Sonora,Arivechi,2018,progresivo,6,441864.0,false,,,existing
26005,Sonora,Arivechi,2019,progresivo,11,2316072.0,false,,,existing
26005,Sonora,Arivechi,2020,progresivo,6,441864.0,false,,,existing
26005,Sonora,Arivechi,2021,progresivo,6,441864.0,false,,,existing
26005,Sonora,Arivechi,2022,mixto,3,15212.0,false,,,existing
26005,Sonora,Arivechi,2023,progresivo,,,false,,audit_individual,existing
26005,Sonora,Arivechi,2024,mixto,6,441864.0,false,,,existing
26005,Sonora,Arivechi,2025,progresivo,6,441864.0,false,,,existing
26006,Sonora,Arizpe,2010,progresivo,9,1484662.0,false,,,existing
26006,Sonora,Arizpe,2011,mixto,11,2316072.01,false,,,existing
26006,Sonora,Arizpe,2012,progresivo,11,2316072.0,false,,,existing
26006,Sonora,Arizpe,2013,progresivo,11,2316072.0,false,,,existing
26006,Sonora,Arizpe,2014,mixto,11,2316072.0,false,,,existing
26006,Sonora,Arizpe,2015,progresivo,11,2316072.01,false,,,existing
26006,Sonora,Arizpe,2016,progresivo,11,2316072.0,false,,,existing
26006,Sonora,Arizpe,2017,progresivo,11,2316072.0,false,,,existing
26006,Sonora,Arizpe,2018,progresivo,11,2316072.0,false,,,existing
26006,Sonora,Arizpe,2019,progresivo,11,2316072.0,false,,,existing
26006,Sonora,Arizpe,2020,progresivo,11,2316072.0,false,,,existing
26006,Sonora,Arizpe,2021,progresivo,11,2316072.0,false,,,existing
26006,Sonora,Arizpe,2022,progresivo,11,2316072.0,false,,,existing
26006,Sonora,Arizpe,2023,progresivo,,,false,,audit_individual,existing
26006,Sonora,Arizpe,2024,mixto,11,2316072.0,false,,,existing
26006,Sonora,Arizpe,2025,progresivo,11,2316072.0,false,,,existing
26007,Sonora,Atil,2010,progresivo,5,259920.9,false,,,existing
26007,Sonora,Atil,2011,progresivo,5,259920.0,false,,,existing
26007,Sonora,Atil,2012,progresivo,5,259920.0,false,,,existing
26007,Sonora,Atil,2013,progresivo,5,259920.0,false,,,existing
26007,Sonora,Atil,2014,mixto,5,259920.0,false,,,existing
26007,Sonora,Atil,2015,progresivo,5,259920.0,false,,,existing
26007,Sonora,Atil,2016,progresivo,,,false,,audit_individual,existing
26007,Sonora,Atil,2017,progresivo,5,259920.0,false,,,existing
26007,Sonora,Atil,2018,progresivo,,,false,,audit_individual,existing
26007,Sonora,Atil,2019,progresivo,,,pragmatic,,,always_T_modal_fill
26007,Sonora,Atil,2020,progresivo,5,259920.0,false,,,existing
26007,Sonora,Atil,2021,progresivo,5,259920.0,false,,,existing
26007,Sonora,Atil,2022,mixto,3,23142.0,false,,,existing
26007,Sonora,Atil,2023,progresivo,,,false,,audit_individual,existing
26007,Sonora,Atil,2024,mixto,5,259920.0,false,,,existing
26007,Sonora,Atil,2025,progresivo,5,259920.0,false,,,existing
26008,Sonora,Bacadehuachi,2010,progresivo,5,259920.0,false,,,existing
26008,Sonora,Bacadehuachi,2011,mixto,11,2316072.0,false,,,existing
26008,Sonora,Bacadehuachi,2012,progresivo,10,2316072.0,false,,,existing
26008,Sonora,Bacadehuachi,2013,progresivo,11,2316072.0,false,,,existing
26008,Sonora,Bacadehuachi,2014,mixto,11,2316072.0,false,,,existing
26008,Sonora,Bacadehuachi,2015,progresivo,11,2316072.01,false,,,existing
26008,Sonora,Bacadehuachi,2016,progresivo,11,2316072.0,false,,,existing
26008,Sonora,Bacadehuachi,2017,progresivo,,,false,,audit_individual,existing
26008,Sonora,Bacadehuachi,2018,progresivo,11,2316072.0,false,,,existing
26008,Sonora,Bacadehuachi,2019,progresivo,,,pragmatic,,,always_T_modal_fill
26008,Sonora,Bacadehuachi,2020,progresivo,11,2316072.0,false,,,existing
26008,Sonora,Bacadehuachi,2021,progresivo,11,2316072.0,false,,,existing
26008,Sonora,Bacadehuachi,2022,mixto,3,51224.0,false,,,existing
26008,Sonora,Bacadehuachi,2023,progresivo,11,2316072.0,false,,,existing
26008,Sonora,Bacadehuachi,2024,progresivo,11,2316072.0,false,,,existing
26008,Sonora,Bacadehuachi,2025,mixto,11,2316072.0,false,,,existing
26009,Sonora,Bacanora,2010,progresivo,5,259920.0,false,,,existing
26009,Sonora,Bacanora,2011,mixto,5,259920.0,false,,,existing
26009,Sonora,Bacanora,2012,progresivo,5,259920.0,false,,,existing
26009,Sonora,Bacanora,2013,progresivo,5,259920.0,false,,,existing
26009,Sonora,Bacanora,2014,mixto,5,259920.0,false,,,existing
26009,Sonora,Bacanora,2015,mixto,5,259920.0,false,,,existing
26009,Sonora,Bacanora,2016,progresivo,5,259920.0,false,,,existing
26009,Sonora,Bacanora,2017,progresivo,5,259920.0,false,,,existing
26009,Sonora,Bacanora,2018,progresivo,,,false,,audit_individual,existing
26009,Sonora,Bacanora,2019,progresivo,,,false,,audit_individual,existing
26009,Sonora,Bacanora,2020,progresivo,5,259920.0,false,,,existing
26009,Sonora,Bacanora,2021,progresivo,5,259920.0,false,,,existing
26009,Sonora,Bacanora,2022,mixto,3,22191.0,false,,,existing
26009,Sonora,Bacanora,2023,progresivo,5,259920.0,false,,,existing
26009,Sonora,Bacanora,2024,mixto,5,259920.0,false,,,existing
26009,Sonora,Bacanora,2025,progresivo,,,false,,audit_individual,existing
26010,Sonora,Bacerac,2010,progresivo,8,1060473.0,false,,,existing
26010,Sonora,Bacerac,2011,progresivo,,,bfill,2012,,existing
26010,Sonora,Bacerac,2012,progresivo,,,pragmatic,,,always_T_modal_fill
26010,Sonora,Bacerac,2013,progresivo,,,false,,audit_individual,existing
26010,Sonora,Bacerac,2014,mixto,11,2316072.0,false,,,existing
26010,Sonora,Bacerac,2015,mixto,11,2316072.0,false,,,existing
26010,Sonora,Bacerac,2016,progresivo,11,2316072.0,false,,,existing
26010,Sonora,Bacerac,2017,progresivo,,,false,,audit_individual,existing
26010,Sonora,Bacerac,2018,progresivo,11,2316072.0,false,,,existing
26010,Sonora,Bacerac,2019,progresivo,11,2316072.0,false,,,existing
26010,Sonora,Bacerac,2020,progresivo,11,2316072.0,false,,,existing
26010,Sonora,Bacerac,2021,progresivo,,,false,,audit_individual,existing
26010,Sonora,Bacerac,2022,mixto,3,22294.0,false,,,existing
26010,Sonora,Bacerac,2023,progresivo,11,2316072.0,false,,,existing
26010,Sonora,Bacerac,2024,progresivo,,,false,,audit_individual,existing
26010,Sonora,Bacerac,2025,progresivo,,,false,,audit_individual,existing
26011,Sonora,Bacoachi,2010,progresivo,6,441864.0,false,,,existing
26011,Sonora,Bacoachi,2011,mixto,6,441864.0,false,,,existing
26011,Sonora,Bacoachi,2012,progresivo,6,441864.0,false,,,existing
26011,Sonora,Bacoachi,2013,progresivo,6,441864.0,false,,,existing
26011,Sonora,Bacoachi,2014,progresivo,6,441864.0,false,,,existing
26011,Sonora,Bacoachi,2015,mixto,6,441864.0,false,,,existing
26011,Sonora,Bacoachi,2016,progresivo,6,441864.0,false,,,existing
26011,Sonora,Bacoachi,2017,progresivo,6,441864.0,false,,,existing
26011,Sonora,Bacoachi,2018,progresivo,,,false,,audit_individual,existing
26011,Sonora,Bacoachi,2019,progresivo,,,confirmed_fill,2018,user_reversion_noise,existing
26011,Sonora,Bacoachi,2020,progresivo,,,false,,user_reversion_noise,existing
26011,Sonora,Bacoachi,2021,progresivo,6,441864.0,false,,,existing
26011,Sonora,Bacoachi,2022,progresivo,,,false,,audit_individual,existing
26011,Sonora,Bacoachi,2023,progresivo,,,false,,audit_individual,existing
26011,Sonora,Bacoachi,2024,progresivo,6,441864.0,false,,,existing
26011,Sonora,Bacoachi,2025,progresivo,,,false,,audit_individual,existing
26012,Sonora,Bacum,2010,progresivo,9,1484662.0,false,,,existing
26012,Sonora,Bacum,2011,progresivo,,,bfill,2012,user_reversion_noise,existing
26012,Sonora,Bacum,2012,progresivo,,,false,,user_reversion_noise,existing
26012,Sonora,Bacum,2013,progresivo,,,false,,user_reversion_noise,existing
26012,Sonora,Bacum,2014,mixto,9,1484662.0,false,,,existing
26012,Sonora,Bacum,2015,mixto,9,1484662.0,false,,,existing
26012,Sonora,Bacum,2016,progresivo,9,1484662.0,false,,,existing
26012,Sonora,Bacum,2017,progresivo,9,1484662.0,false,,,existing
26012,Sonora,Bacum,2018,progresivo,9,1484662.0,false,,,existing
26012,Sonora,Bacum,2019,progresivo,9,1484662.0,false,,,existing
26012,Sonora,Bacum,2020,progresivo,,,false,,audit_individual,existing
26012,Sonora,Bacum,2021,progresivo,9,1484662.0,false,,,existing
26012,Sonora,Bacum,2022,progresivo,9,1484662.0,false,,,existing
26012,Sonora,Bacum,2023,progresivo,,,false,,audit_individual,existing
26012,Sonora,Bacum,2024,progresivo,9,1474662.0,false,,,existing
26012,Sonora,Bacum,2025,progresivo,,,false,,audit_individual,existing
26013,Sonora,Banamichi,2010,progresivo,7,706982.0,false,,,existing
26013,Sonora,Banamichi,2011,progresivo,,,bfill,2012,,existing
26013,Sonora,Banamichi,2012,progresivo,7,706982.0,false,,,existing
26013,Sonora,Banamichi,2013,progresivo,,,false,,audit_individual,existing
26013,Sonora,Banamichi,2014,mixto,7,706982.0,false,,,existing
26013,Sonora,Banamichi,2015,mixto,7,706982.0,false,,,existing
26013,Sonora,Banamichi,2016,progresivo,7,706982.0,false,,,existing
26013,Sonora,Banamichi,2017,progresivo,7,706982.0,false,,,existing
26013,Sonora,Banamichi,2018,progresivo,,,false,,audit_individual,existing
26013,Sonora,Banamichi,2019,progresivo,,,pragmatic,,,always_T_modal_fill
26013,Sonora,Banamichi,2020,progresivo,7,706982.0,false,,,existing
26013,Sonora,Banamichi,2021,progresivo,7,706982.0,false,,,existing
26013,Sonora,Banamichi,2022,progresivo,7,706982.0,false,,,existing
26013,Sonora,Banamichi,2023,progresivo,7,706982.0,false,,,existing
26013,Sonora,Banamichi,2024,progresivo,7,706982.0,false,,,existing
26013,Sonora,Banamichi,2025,mixto,7,706982.0,false,,,existing
26014,Sonora,Baviacora,2010,progresivo,8,1060473.0,false,,,existing
26014,Sonora,Baviacora,2011,mixto,8,1069473.0,false,,,existing
26014,Sonora,Baviacora,2012,progresivo,8,1060473.0,false,,,existing
26014,Sonora,Baviacora,2013,progresivo,,,bfill,2017,audit_individual,existing
26014,Sonora,Baviacora,2014,mixto,8,1060473.0,false,,,existing
26014,Sonora,Baviacora,2015,progresivo,8,1060473.0,false,,,existing
26014,Sonora,Baviacora,2016,progresivo,8,1060473.0,false,,,existing
26014,Sonora,Baviacora,2017,progresivo,,,false,,audit_individual,existing
26014,Sonora,Baviacora,2018,progresivo,,,pragmatic,,,always_T_modal_fill
26014,Sonora,Baviacora,2019,progresivo,8,1060473.0,false,,,existing
26014,Sonora,Baviacora,2020,progresivo,,,false,,audit_individual,existing
26014,Sonora,Baviacora,2021,progresivo,8,1060473.0,false,,,existing
26014,Sonora,Baviacora,2022,progresivo,8,1060473.0,false,,,existing
26014,Sonora,Baviacora,2023,progresivo,,,false,,audit_individual,existing
26014,Sonora,Baviacora,2024,progresivo,8,1060473.0,false,,,existing
26014,Sonora,Baviacora,2025,mixto,8,1060473.0,false,,,existing
26015,Sonora,Bavispe,2010,progresivo,,,false,,audit_individual,existing
26015,Sonora,Bavispe,2011,progresivo,5,259920.0,false,,audit_individual,existing
26015,Sonora,Bavispe,2012,progresivo,,,false,,audit_individual,existing
26015,Sonora,Bavispe,2013,progresivo,,,closure_fill,2010,audit_individual,existing
26015,Sonora,Bavispe,2014,mixto,5,259920.0,false,,,existing
26015,Sonora,Bavispe,2015,progresivo,5,259920.0,false,,,existing
26015,Sonora,Bavispe,2016,progresivo,5,259920.0,false,,,existing
26015,Sonora,Bavispe,2017,progresivo,5,259920.0,false,,,existing
26015,Sonora,Bavispe,2018,progresivo,,,false,,audit_individual,existing
26015,Sonora,Bavispe,2019,progresivo,,,confirmed_fill,2018,user_reversion_noise,existing
26015,Sonora,Bavispe,2020,progresivo,,,false,,user_reversion_noise,existing
26015,Sonora,Bavispe,2021,progresivo,,,confirmed_fill,2020,user_reversion_noise,existing
26015,Sonora,Bavispe,2022,progresivo,5,259920.0,false,,,existing
26015,Sonora,Bavispe,2023,progresivo,5,259920.0,false,,,existing
26015,Sonora,Bavispe,2024,progresivo,,,false,,audit_individual,existing
26015,Sonora,Bavispe,2025,progresivo,,,false,,audit_individual,existing
26016,Sonora,Benjamin Hill,2010,progresivo,11,2316072.0,false,,,existing
26016,Sonora,Benjamin Hill,2011,progresivo,11,2316072.0,false,,,existing
26016,Sonora,Benjamin Hill,2012,progresivo,11,2316072.0,false,,,existing
26016,Sonora,Benjamin Hill,2013,progresivo,11,2316072.0,false,,,existing
26016,Sonora,Benjamin Hill,2014,mixto,11,2316072.0,false,,,existing
26016,Sonora,Benjamin Hill,2015,progresivo,11,2316072.0,false,,,existing
26016,Sonora,Benjamin Hill,2016,progresivo,,,false,,audit_individual,existing
26016,Sonora,Benjamin Hill,2017,progresivo,11,2316072.0,false,,,existing
26016,Sonora,Benjamin Hill,2018,progresivo,11,2316072.0,false,,,existing
26016,Sonora,Benjamin Hill,2019,progresivo,11,2895090.0,false,,,existing
26016,Sonora,Benjamin Hill,2020,progresivo,,,false,,audit_individual,existing
26016,Sonora,Benjamin Hill,2021,progresivo,,,false,,audit_individual,existing
26016,Sonora,Benjamin Hill,2022,mixto,3,26949.0,false,,,existing
26016,Sonora,Benjamin Hill,2023,progresivo,11,2316072.0,false,,,existing
26016,Sonora,Benjamin Hill,2024,progresivo,11,2316072.0,false,,,existing
26016,Sonora,Benjamin Hill,2025,mixto,11,2316072.0,false,,,existing
26017,Sonora,Caborca,2010,progresivo,,,bfill,2012,audit_individual,existing
26017,Sonora,Caborca,2011,progresivo,10,2895090.0,false,,,existing
26017,Sonora,Caborca,2012,progresivo,,,false,,audit_individual,existing
26017,Sonora,Caborca,2013,progresivo,11,2895090.0,false,,,existing
26017,Sonora,Caborca,2014,mixto,11,2895090.0,false,,,existing
26017,Sonora,Caborca,2015,progresivo,,,pragmatic,,,always_T_modal_fill
26017,Sonora,Caborca,2016,progresivo,,,pragmatic,,,always_T_modal_fill
26017,Sonora,Caborca,2017,progresivo,11,2895090.0,false,,,existing
26017,Sonora,Caborca,2018,progresivo,,,false,,audit_individual,existing
26017,Sonora,Caborca,2019,progresivo,11,2895090.0,false,,,existing
26017,Sonora,Caborca,2020,progresivo,11,2895090.0,false,,,existing
26017,Sonora,Caborca,2021,progresivo,,,pragmatic,,,always_T_modal_fill
26017,Sonora,Caborca,2022,progresivo,,,false,,audit_individual,existing
26017,Sonora,Caborca,2023,progresivo,11,2895090.0,false,,,existing
26017,Sonora,Caborca,2024,progresivo,11,2895090.0,false,,,existing
26017,Sonora,Caborca,2025,progresivo,11,2895090.0,false,,,existing
26018,Sonora,Cajeme,2010,tarifa_millar,,,bfill,2012,,existing
26018,Sonora,Cajeme,2011,tarifa_millar,,,bfill,2012,,existing
26018,Sonora,Cajeme,2012,tarifa_millar,,,false,,,existing
26018,Sonora,Cajeme,2013,tarifa_millar,,,false,,,existing
26018,Sonora,Cajeme,2014,tarifa_millar,,,confirmed_fill,2012,,existing
26018,Sonora,Cajeme,2015,tarifa_millar,,,false,,,existing
26018,Sonora,Cajeme,2016,tarifa_millar,,,confirmed_fill,2012,,existing
26018,Sonora,Cajeme,2017,tarifa_millar,,,false,,,existing
26018,Sonora,Cajeme,2018,tarifa_millar,,,false,,,existing
26018,Sonora,Cajeme,2019,tarifa_millar,11,2316072.0,false,,audit_individual,existing
26018,Sonora,Cajeme,2020,tarifa_millar,,,false,,,existing
26018,Sonora,Cajeme,2021,tarifa_millar,,,pragmatic,,,cohort_pre_fill
26018,Sonora,Cajeme,2022,tarifa_millar,,,false,,,existing
26018,Sonora,Cajeme,2023,progresivo,9,4000000.0,false,,,existing
26018,Sonora,Cajeme,2024,progresivo,9,4000000.0,false,,,existing
26018,Sonora,Cajeme,2025,progresivo,9,320000.0,false,,,existing
26019,Sonora,Cananea,2010,progresivo,,,bfill,2012,,existing
26019,Sonora,Cananea,2011,progresivo,,,bfill,2012,,existing
26019,Sonora,Cananea,2012,progresivo,11,2316072.0,false,,,existing
26019,Sonora,Cananea,2013,progresivo,11,2316072.0,false,,,existing
26019,Sonora,Cananea,2014,mixto,11,2316072.01,false,,,existing
26019,Sonora,Cananea,2015,progresivo,,,pragmatic,,,always_T_modal_fill
26019,Sonora,Cananea,2016,progresivo,11,2316072.0,false,,,existing
26019,Sonora,Cananea,2017,progresivo,11,2316072.0,false,,,existing
26019,Sonora,Cananea,2018,progresivo,11,2316072.0,false,,,existing
26019,Sonora,Cananea,2019,progresivo,11,2316072.0,false,,,existing
26019,Sonora,Cananea,2020,progresivo,11,2316072.0,confirmed_fill,2018,,existing
26019,Sonora,Cananea,2021,progresivo,11,2316072.0,false,,,existing
26019,Sonora,Cananea,2022,progresivo,,,pragmatic,,,always_T_modal_fill
26019,Sonora,Cananea,2023,progresivo,,,false,,audit_individual,existing
26019,Sonora,Cananea,2024,progresivo,,,false,,user_reversion_noise,existing
26019,Sonora,Cananea,2025,progresivo,,,ffill,2024,user_reversion_noise,existing
26020,Sonora,Carbo,2010,progresivo,,,bfill,2012,user_reversion_noise,existing
26020,Sonora,Carbo,2011,progresivo,,,bfill,2012,user_reversion_noise,existing
26020,Sonora,Carbo,2012,progresivo,,,false,,user_reversion_noise,existing
26020,Sonora,Carbo,2013,progresivo,11,2316072.0,false,,,existing
26020,Sonora,Carbo,2014,mixto,11,2316072.0,false,,,existing
26020,Sonora,Carbo,2015,progresivo,11,2316072.0,confirmed_fill,2013,,existing
26020,Sonora,Carbo,2016,progresivo,11,2316072.0,confirmed_fill,2013,,existing
26020,Sonora,Carbo,2017,progresivo,11,2316072.0,false,,,existing
26020,Sonora,Carbo,2018,progresivo,,,closure_fill,2012,audit_individual,existing
26020,Sonora,Carbo,2019,progresivo,,,closure_fill,2012,user_reversion_noise,existing
26020,Sonora,Carbo,2020,progresivo,,,false,,user_reversion_noise,existing
26020,Sonora,Carbo,2021,progresivo,11,2316072.0,false,,,existing
26020,Sonora,Carbo,2022,progresivo,11,2316072.0,false,,,existing
26020,Sonora,Carbo,2023,progresivo,,,false,,audit_individual,existing
26020,Sonora,Carbo,2024,mixto,,,ffill,2023,audit_individual,existing
26020,Sonora,Carbo,2025,mixto,11,2316072.0,false,,,existing
26021,Sonora,La Colorada,2010,progresivo,,,bfill,2012,audit_range,existing
26021,Sonora,La Colorada,2011,progresivo,,,bfill,2012,audit_range,existing
26021,Sonora,La Colorada,2012,progresivo,,,false,,audit_range,existing
26021,Sonora,La Colorada,2013,progresivo,,,closure_fill,2012,audit_range,existing
26021,Sonora,La Colorada,2014,progresivo,,,closure_fill,2012,audit_range,existing
26021,Sonora,La Colorada,2015,progresivo,,,closure_fill,2012,audit_range,existing
26021,Sonora,La Colorada,2016,progresivo,,,closure_fill,2012,audit_range,existing
26021,Sonora,La Colorada,2017,progresivo,11,2316072.0,false,,audit_range,existing
26021,Sonora,La Colorada,2018,progresivo,11,2316072.0,false,,,existing
26021,Sonora,La Colorada,2019,progresivo,,,false,,audit_individual,existing
26021,Sonora,La Colorada,2020,progresivo,,,false,,user_reversion_noise,existing
26021,Sonora,La Colorada,2021,progresivo,,,false,,user_reversion_noise,existing
26021,Sonora,La Colorada,2022,progresivo,,,false,,user_reversion_noise,existing
26021,Sonora,La Colorada,2023,progresivo,,,false,,user_reversion_noise,existing
26021,Sonora,La Colorada,2024,progresivo,,,false,,user_reversion_noise,existing
26021,Sonora,La Colorada,2025,progresivo,,,false,,user_reversion_noise,existing
26022,Sonora,Cucurpe,2010,progresivo,,,bfill,2012,audit_range,existing
26022,Sonora,Cucurpe,2011,progresivo,,,bfill,2012,audit_range,existing
26022,Sonora,Cucurpe,2012,progresivo,,,false,,audit_range,existing
26022,Sonora,Cucurpe,2013,progresivo,,,false,,audit_range,existing
26022,Sonora,Cucurpe,2014,progresivo,11,2316072.0,false,,audit_range,existing
26022,Sonora,Cucurpe,2015,progresivo,,,pragmatic,,,always_T_modal_fill
26022,Sonora,Cucurpe,2016,progresivo,11,2316072.0,false,,audit_range,existing
26022,Sonora,Cucurpe,2017,progresivo,11,2316072.0,false,,audit_range,existing
26022,Sonora,Cucurpe,2018,progresivo,11,2316072.0,false,,audit_range,existing
26022,Sonora,Cucurpe,2019,progresivo,,,pragmatic,,,always_T_modal_fill
26022,Sonora,Cucurpe,2020,progresivo,11,2316072.0,false,,audit_range,existing
26022,Sonora,Cucurpe,2021,progresivo,,,false,,audit_individual,existing
26022,Sonora,Cucurpe,2022,progresivo,11,2316072.0,false,,,existing
26022,Sonora,Cucurpe,2023,progresivo,11,2316072.0,false,,,existing
26022,Sonora,Cucurpe,2024,progresivo,11,2316072.0,false,,,existing
26022,Sonora,Cucurpe,2025,mixto,11,2316072.0,false,,,existing
26023,Sonora,Cumpas,2010,progresivo,,,bfill,2012,audit_range,existing
26023,Sonora,Cumpas,2011,progresivo,,,bfill,2012,audit_range,existing
26023,Sonora,Cumpas,2012,progresivo,,,false,,audit_range,existing
26023,Sonora,Cumpas,2013,progresivo,11,2316072.0,false,,audit_range,existing
26023,Sonora,Cumpas,2014,progresivo,11,2316072.0,false,,audit_range,existing
26023,Sonora,Cumpas,2015,progresivo,11,2316072.0,false,,audit_range,existing
26023,Sonora,Cumpas,2016,progresivo,10,2316072.0,false,,audit_range,existing
26023,Sonora,Cumpas,2017,progresivo,,,false,,audit_individual,existing
26023,Sonora,Cumpas,2018,progresivo,,,false,,audit_individual,existing
26023,Sonora,Cumpas,2019,progresivo,,,pragmatic,,,always_T_modal_fill
26023,Sonora,Cumpas,2020,progresivo,11,2316072.0,false,,,existing
26023,Sonora,Cumpas,2021,progresivo,,,false,,audit_individual,existing
26023,Sonora,Cumpas,2022,progresivo,11,2316072.0,false,,,existing
26023,Sonora,Cumpas,2023,progresivo,11,2316072.0,false,,,existing
26023,Sonora,Cumpas,2024,progresivo,11,2316072.0,false,,,existing
26023,Sonora,Cumpas,2025,mixto,11,2316072.0,false,,,existing
26024,Sonora,Divisaderos,2010,progresivo,,,false,,audit_range,existing
26024,Sonora,Divisaderos,2011,progresivo,,,confirmed_fill,2010,audit_range,existing
26024,Sonora,Divisaderos,2012,progresivo,,,false,,audit_range,existing
26024,Sonora,Divisaderos,2013,progresivo,,,false,,audit_range,existing
26024,Sonora,Divisaderos,2014,progresivo,4,144400.0,false,,audit_range,existing
26024,Sonora,Divisaderos,2015,progresivo,,,confirmed_fill,2013,audit_individual,existing
26024,Sonora,Divisaderos,2016,progresivo,,,confirmed_fill,2013,audit_range,existing
26024,Sonora,Divisaderos,2017,progresivo,,,false,,audit_range,existing
26024,Sonora,Divisaderos,2018,progresivo,,,false,,audit_range,existing
26024,Sonora,Divisaderos,2019,progresivo,,,false,,audit_range,existing
26024,Sonora,Divisaderos,2020,progresivo,,,false,,audit_range,existing
26024,Sonora,Divisaderos,2021,progresivo,,,false,,audit_range,existing
26024,Sonora,Divisaderos,2022,progresivo,,,false,,audit_range,existing
26024,Sonora,Divisaderos,2023,progresivo,,,false,,audit_range,existing
26024,Sonora,Divisaderos,2024,progresivo,,,false,,audit_range,existing
26024,Sonora,Divisaderos,2025,progresivo,4,144400.0,false,,audit_range,existing
26025,Sonora,Empalme,2010,progresivo,,,bfill,2012,,existing
26025,Sonora,Empalme,2011,progresivo,,,bfill,2012,,existing
26025,Sonora,Empalme,2012,progresivo,11,2577788.0,false,,,existing
26025,Sonora,Empalme,2013,progresivo,11,2316072.0,false,,,existing
26025,Sonora,Empalme,2014,progresivo,,,tipo_only_fill,2013,,existing
26025,Sonora,Empalme,2015,progresivo,,,tipo_only_fill,2013,,existing
26025,Sonora,Empalme,2016,progresivo,,,tipo_only_fill,2013,,existing
26025,Sonora,Empalme,2017,progresivo,11,2710637.65,false,,,existing
26025,Sonora,Empalme,2018,progresivo,,,false,,audit_individual,existing
26025,Sonora,Empalme,2019,progresivo,,,confirmed_fill,2018,user_reversion_noise,existing
26025,Sonora,Empalme,2020,progresivo,,,confirmed_fill,2018,user_reversion_noise,existing
26025,Sonora,Empalme,2021,progresivo,,,confirmed_fill,2018,user_reversion_noise,existing
26025,Sonora,Empalme,2022,progresivo,,,false,,user_reversion_noise,existing
26025,Sonora,Empalme,2023,progresivo,11,2710637.65,false,,,existing
26025,Sonora,Empalme,2024,progresivo,,,ffill,2023,,existing
26025,Sonora,Empalme,2025,progresivo,,,ffill,2023,,existing
26026,Sonora,Etchojoa,2010,progresivo,,,bfill,2012,,existing
26026,Sonora,Etchojoa,2011,progresivo,,,bfill,2012,,existing
26026,Sonora,Etchojoa,2012,progresivo,11,2316072.0,false,,,existing
26026,Sonora,Etchojoa,2013,progresivo,11,2316072.0,confirmed_fill,2012,,existing
26026,Sonora,Etchojoa,2014,progresivo,11,2316072.0,confirmed_fill,2012,,existing
26026,Sonora,Etchojoa,2015,progresivo,11,2316072.0,confirmed_fill,2012,,existing
26026,Sonora,Etchojoa,2016,progresivo,11,2316072.0,false,,,existing
26026,Sonora,Etchojoa,2017,progresivo,11,2316072.0,false,,,existing
26026,Sonora,Etchojoa,2018,progresivo,11,2316072.0,false,,,existing
26026,Sonora,Etchojoa,2019,progresivo,11,2316072.0,false,,,existing
26026,Sonora,Etchojoa,2020,progresivo,11,2316072.0,false,,,existing
26026,Sonora,Etchojoa,2021,progresivo,11,2316072.0,confirmed_fill,2020,,existing
26026,Sonora,Etchojoa,2022,progresivo,11,2316072.0,confirmed_fill,2020,,existing
26026,Sonora,Etchojoa,2023,progresivo,11,2316072.0,false,,,existing
26026,Sonora,Etchojoa,2024,progresivo,11,2316072.0,false,,,existing
26026,Sonora,Etchojoa,2025,mixto,11,2316072.0,false,,,existing
26027,Sonora,Fronteras,2010,progresivo,11,2316072.0,false,,,existing
26027,Sonora,Fronteras,2011,progresivo,11,2316072.01,false,,,existing
26027,Sonora,Fronteras,2012,progresivo,,,false,,audit_individual,existing
26027,Sonora,Fronteras,2013,progresivo,11,2316072.0,false,,,existing
26027,Sonora,Fronteras,2014,mixto,11,2316072.0,false,,,existing
26027,Sonora,Fronteras,2015,progresivo,11,2316072.0,false,,,existing
26027,Sonora,Fronteras,2016,progresivo,11,2316072.0,false,,,existing
26027,Sonora,Fronteras,2017,progresivo,,,false,,audit_individual,existing
26027,Sonora,Fronteras,2018,progresivo,,,false,,user_reversion_noise,existing
26027,Sonora,Fronteras,2019,progresivo,,,confirmed_fill,2018,user_reversion_noise,existing
26027,Sonora,Fronteras,2020,progresivo,,,false,,user_reversion_noise,existing
26027,Sonora,Fronteras,2021,progresivo,,,confirmed_fill,2020,user_reversion_noise,existing
26027,Sonora,Fronteras,2022,progresivo,,,confirmed_fill,2020,user_reversion_noise,existing
26027,Sonora,Fronteras,2023,progresivo,,,confirmed_fill,2020,user_reversion_noise,existing
26027,Sonora,Fronteras,2024,progresivo,,,false,,user_reversion_noise,existing
26027,Sonora,Fronteras,2025,progresivo,,,ffill,2024,user_reversion_noise,existing
26028,Sonora,Granados,2010,progresivo,,,bfill,2012,,existing
26028,Sonora,Granados,2011,progresivo,,,bfill,2012,,existing
26028,Sonora,Granados,2012,progresivo,6,441864.0,false,,,existing
26028,Sonora,Granados,2013,progresivo,11,2316072.0,false,,,existing
26028,Sonora,Granados,2014,mixto,6,441864.0,false,,,existing
26028,Sonora,Granados,2015,progresivo,6,441864.0,false,,,existing
26028,Sonora,Granados,2016,progresivo,6,441864.0,false,,,existing
26028,Sonora,Granados,2017,progresivo,,,false,,audit_individual,existing
26028,Sonora,Granados,2018,progresivo,,,false,,audit_individual,existing
26028,Sonora,Granados,2019,progresivo,6,441864.0,false,,,existing
26028,Sonora,Granados,2020,progresivo,,,false,,audit_individual,existing
26028,Sonora,Granados,2021,progresivo,,,false,,user_reversion_noise,existing
26028,Sonora,Granados,2022,progresivo,,,confirmed_fill,2021,user_reversion_noise,existing
26028,Sonora,Granados,2023,progresivo,,,false,,user_reversion_noise,existing
26028,Sonora,Granados,2024,progresivo,,,ffill,2023,user_reversion_noise,existing
26028,Sonora,Granados,2025,progresivo,,,ffill,2023,user_reversion_noise,existing
26029,Sonora,Guaymas,2010,progresivo,,,bfill,2012,,existing
26029,Sonora,Guaymas,2011,progresivo,,,bfill,2012,,existing
26029,Sonora,Guaymas,2012,progresivo,11,2316072.0,false,,,existing
26029,Sonora,Guaymas,2013,progresivo,11,2316072.0,closure_fill,2012,,existing
26029,Sonora,Guaymas,2014,tasa_unica,,,false,,,existing
26029,Sonora,Guaymas,2015,tarifa_millar,11,2316072.0,closure_fill,2012,audit_individual,existing
26029,Sonora,Guaymas,2016,tarifa_millar,11,2316072.0,closure_fill,2012,audit_individual,existing
26029,Sonora,Guaymas,2017,tarifa_millar,,,false,,,existing
26029,Sonora,Guaymas,2018,tasa_unica,,,false,,,existing
26029,Sonora,Guaymas,2019,tarifa_millar,11,2316072.0,closure_fill,2012,audit_individual,existing
26029,Sonora,Guaymas,2020,tarifa_millar,,,false,,,existing
26029,Sonora,Guaymas,2021,tarifa_millar,,,false,,,existing
26029,Sonora,Guaymas,2022,tarifa_millar,,,pragmatic,,,reversion_neighbor_fill
26029,Sonora,Guaymas,2023,tarifa_millar,,,false,,,existing
26029,Sonora,Guaymas,2024,tarifa_millar,11,2316072.0,false,,audit_individual,existing
26029,Sonora,Guaymas,2025,tarifa_millar,,,ffill,2024,audit_individual,existing
26030,Sonora,Hermosillo,2010,tarifa_millar,,,false,,,existing
26030,Sonora,Hermosillo,2011,tarifa_millar,,,confirmed_fill,2010,,existing
26030,Sonora,Hermosillo,2012,tarifa_millar,,,confirmed_fill,2010,,existing
26030,Sonora,Hermosillo,2013,tarifa_millar,,,false,,,existing
26030,Sonora,Hermosillo,2014,tarifa_millar,,,pragmatic,,,cohort_pre_fill
26030,Sonora,Hermosillo,2015,tarifa_millar,,,false,,,existing
26030,Sonora,Hermosillo,2016,tarifa_millar,,,false,,,existing
26030,Sonora,Hermosillo,2017,tarifa_millar,,,false,,,existing
26030,Sonora,Hermosillo,2018,tarifa_millar,,,false,,,existing
26030,Sonora,Hermosillo,2019,tarifa_millar,,,pragmatic,,,cohort_pre_fill
26030,Sonora,Hermosillo,2020,tarifa_millar,,,false,,,existing
26030,Sonora,Hermosillo,2021,tarifa_millar,,,false,,,existing
26030,Sonora,Hermosillo,2022,progresivo,9,17500000.0,false,,,existing
26030,Sonora,Hermosillo,2023,progresivo,,,tipo_only_fill,2022,,existing
26030,Sonora,Hermosillo,2024,progresivo,9,117500000.0,false,,,existing
26030,Sonora,Hermosillo,2025,progresivo,,,pragmatic,,,cohort_post_fill
26031,Sonora,Huachinera,2010,progresivo,,,bfill,2012,audit_range,existing
26031,Sonora,Huachinera,2011,progresivo,,,bfill,2012,audit_range,existing
26031,Sonora,Huachinera,2012,progresivo,,,false,,audit_range,existing
26031,Sonora,Huachinera,2013,progresivo,,,closure_fill,2012,audit_range,existing
26031,Sonora,Huachinera,2014,progresivo,,,closure_fill,2012,audit_range,existing
26031,Sonora,Huachinera,2015,progresivo,,,closure_fill,2012,audit_range,existing
26031,Sonora,Huachinera,2016,progresivo,,,closure_fill,2012,audit_range,existing
26031,Sonora,Huachinera,2017,progresivo,11,2316072.0,false,,audit_range,existing
26031,Sonora,Huachinera,2018,progresivo,,,false,,audit_individual,existing
26031,Sonora,Huachinera,2019,progresivo,,,confirmed_fill,2018,audit_range,existing
26031,Sonora,Huachinera,2020,progresivo,,,confirmed_fill,2018,audit_range,existing
26031,Sonora,Huachinera,2021,progresivo,,,false,,audit_range,existing
26031,Sonora,Huachinera,2022,progresivo,,,closure_fill,2012,audit_range,existing
26031,Sonora,Huachinera,2023,progresivo,11,2316072.0,false,,audit_range,existing
26031,Sonora,Huachinera,2024,progresivo,,,false,,audit_individual,existing
26031,Sonora,Huachinera,2025,progresivo,,,ffill,2024,audit_individual,existing
26032,Sonora,Huasabas,2010,progresivo,,,bfill,2012,,existing
26032,Sonora,Huasabas,2011,progresivo,,,bfill,2012,,existing
26032,Sonora,Huasabas,2012,progresivo,11,2316072.0,false,,,existing
26032,Sonora,Huasabas,2013,progresivo,11,2316072.0,false,,,existing
26032,Sonora,Huasabas,2014,progresivo,,,false,,audit_individual,existing
26032,Sonora,Huasabas,2015,progresivo,,,pragmatic,,,always_T_modal_fill
26032,Sonora,Huasabas,2016,progresivo,,,pragmatic,,,always_T_modal_fill
26032,Sonora,Huasabas,2017,progresivo,,,false,,user_reversion_noise,existing
26032,Sonora,Huasabas,2018,progresivo,,,false,,user_reversion_noise,existing
26032,Sonora,Huasabas,2019,progresivo,,,false,,user_reversion_noise,existing
26032,Sonora,Huasabas,2020,progresivo,11,2316072.0,false,,,existing
26032,Sonora,Huasabas,2021,progresivo,,,false,,audit_individual,existing
26032,Sonora,Huasabas,2022,progresivo,,,false,,user_reversion_noise,existing
26032,Sonora,Huasabas,2023,progresivo,,,false,,user_reversion_noise,existing
26032,Sonora,Huasabas,2024,progresivo,11,2316072.0,false,,,existing
26032,Sonora,Huasabas,2025,progresivo,11,2316072.0,false,,,existing
26033,Sonora,Huatabampo,2010,mixto,,,bfill,2013,user_manual,existing
26033,Sonora,Huatabampo,2011,mixto,,,bfill,2013,user_manual,existing
26033,Sonora,Huatabampo,2012,mixto,,,bfill,2013,user_manual,existing
26033,Sonora,Huatabampo,2013,mixto,,,false,,user_manual,existing
26033,Sonora,Huatabampo,2014,progresivo,,,pragmatic,,,always_T_modal_fill
26033,Sonora,Huatabampo,2015,mixto,11,2316072.0,false,,user_manual,existing
26033,Sonora,Huatabampo,2016,progresivo,11,2316072.0,false,,,existing
26033,Sonora,Huatabampo,2017,progresivo,11,2316072.0,false,,,existing
26033,Sonora,Huatabampo,2018,progresivo,,,false,,audit_individual,existing
26033,Sonora,Huatabampo,2019,progresivo,,,false,,audit_individual,existing
26033,Sonora,Huatabampo,2020,progresivo,11,2316072.0,false,,,existing
26033,Sonora,Huatabampo,2021,mixto,11,2316072.0,false,,,existing
26033,Sonora,Huatabampo,2022,progresivo,11,2316072.0,false,,,existing
26033,Sonora,Huatabampo,2023,progresivo,11,2316072.0,false,,,existing
26033,Sonora,Huatabampo,2024,progresivo,11,2316072.0,false,,,existing
26033,Sonora,Huatabampo,2025,progresivo,11,2316072.0,false,,,existing
26034,Sonora,Huepac,2010,progresivo,,,bfill,2012,audit_range,existing
26034,Sonora,Huepac,2011,progresivo,,,bfill,2012,audit_range,existing
26034,Sonora,Huepac,2012,progresivo,,,false,,audit_range,existing
26034,Sonora,Huepac,2013,progresivo,,,confirmed_fill,2012,audit_range,existing
26034,Sonora,Huepac,2014,progresivo,,,confirmed_fill,2012,audit_range,existing
26034,Sonora,Huepac,2015,progresivo,,,confirmed_fill,2012,audit_range,existing
26034,Sonora,Huepac,2016,progresivo,,,confirmed_fill,2012,audit_range,existing
26034,Sonora,Huepac,2017,progresivo,,,false,,audit_range,existing
26034,Sonora,Huepac,2018,progresivo,6,441864.0,false,,audit_range,existing
26034,Sonora,Huepac,2019,progresivo,,,closure_fill,2012,audit_individual,existing
26034,Sonora,Huepac,2020,progresivo,,,pragmatic,,,always_T_modal_fill
26034,Sonora,Huepac,2021,progresivo,6,441864.0,false,,,existing
26034,Sonora,Huepac,2022,progresivo,,,closure_fill,2012,audit_individual,existing
26034,Sonora,Huepac,2023,progresivo,6,441864.0,false,,,existing
26034,Sonora,Huepac,2024,progresivo,6,441864.0,false,,,existing
26034,Sonora,Huepac,2025,progresivo,,,false,,audit_individual,existing
26035,Sonora,Imuris,2010,progresivo,,,bfill,2012,audit_range,existing
26035,Sonora,Imuris,2011,progresivo,,,bfill,2012,audit_range,existing
26035,Sonora,Imuris,2012,progresivo,,,false,,audit_range,existing
26035,Sonora,Imuris,2013,progresivo,11,2316072.0,false,,audit_range,existing
26035,Sonora,Imuris,2014,progresivo,11,2316072.01,false,,audit_range,existing
26035,Sonora,Imuris,2015,progresivo,11,2316072.0,false,,audit_range,existing
26035,Sonora,Imuris,2016,progresivo,,,pragmatic,,,always_T_modal_fill
26035,Sonora,Imuris,2017,progresivo,,,false,,audit_range,existing
26035,Sonora,Imuris,2018,progresivo,11,2316072.0,false,,,existing
26035,Sonora,Imuris,2019,progresivo,11,2316072.0,confirmed_fill,2018,,existing
26035,Sonora,Imuris,2020,progresivo,11,2316072.0,false,,,existing
26035,Sonora,Imuris,2021,progresivo,11,2316072.0,false,,,existing
26035,Sonora,Imuris,2022,progresivo,,,false,,audit_individual,existing
26035,Sonora,Imuris,2023,progresivo,11,2316072.0,false,,,existing
26035,Sonora,Imuris,2024,progresivo,11,2316072.0,false,,,existing
26035,Sonora,Imuris,2025,progresivo,11,2316072.0,false,,,existing
26036,Sonora,Magdalena,2010,progresivo,11,2316072.0,false,,,existing
26036,Sonora,Magdalena,2011,progresivo,11,2316072.0,false,,,existing
26036,Sonora,Magdalena,2012,progresivo,,,pragmatic,,,always_T_modal_fill
26036,Sonora,Magdalena,2013,mixto,3,6943.0,false,,,existing
26036,Sonora,Magdalena,2014,mixto,11,1000000000.0,false,,,existing
26036,Sonora,Magdalena,2015,mixto,11,2316072.01,false,,,existing
26036,Sonora,Magdalena,2016,progresivo,11,2316072.0,false,,,existing
26036,Sonora,Magdalena,2017,progresivo,11,2316072.0,false,,,existing
26036,Sonora,Magdalena,2018,progresivo,11,2316072.0,false,,,existing
26036,Sonora,Magdalena,2019,progresivo,11,2316072.0,confirmed_fill,2018,,existing
26036,Sonora,Magdalena,2020,progresivo,11,2316072.0,false,,,existing
26036,Sonora,Magdalena,2021,progresivo,11,2316072.0,false,,,existing
26036,Sonora,Magdalena,2022,progresivo,11,2316072.0,false,,,existing
26036,Sonora,Magdalena,2023,progresivo,11,2316072.0,false,,,existing
26036,Sonora,Magdalena,2024,mixto,11,2316072.0,false,,,existing
26036,Sonora,Magdalena,2025,progresivo,11,2316072.0,false,,,existing
26037,Sonora,Mazatan,2010,progresivo,,,bfill,2012,,existing
26037,Sonora,Mazatan,2011,progresivo,,,bfill,2012,,existing
26037,Sonora,Mazatan,2012,progresivo,8,1060473.0,false,,,existing
26037,Sonora,Mazatan,2013,progresivo,,,false,,audit_individual,existing
26037,Sonora,Mazatan,2014,mixto,7,706982.01,false,,,existing
26037,Sonora,Mazatan,2015,mixto,7,706982.0,false,,,existing
26037,Sonora,Mazatan,2016,progresivo,7,706982.0,false,,,existing
26037,Sonora,Mazatan,2017,mixto,7,706982.0,false,,,existing
26037,Sonora,Mazatan,2018,progresivo,7,706982.0,false,,,existing
26037,Sonora,Mazatan,2019,progresivo,,,false,,audit_individual,existing
26037,Sonora,Mazatan,2020,progresivo,7,706982.0,false,,,existing
26037,Sonora,Mazatan,2021,progresivo,7,706982.0,false,,,existing
26037,Sonora,Mazatan,2022,progresivo,,,pragmatic,,,always_T_modal_fill
26037,Sonora,Mazatan,2023,progresivo,,,false,,audit_individual,existing
26037,Sonora,Mazatan,2024,progresivo,7,706982.0,false,,,existing
26037,Sonora,Mazatan,2025,progresivo,,,ffill,2024,,existing
26038,Sonora,Moctezuma,2010,progresivo,,,bfill,2012,,existing
26038,Sonora,Moctezuma,2011,progresivo,,,bfill,2012,,existing
26038,Sonora,Moctezuma,2012,progresivo,11,2316072.0,false,,,existing
26038,Sonora,Moctezuma,2013,progresivo,11,2316072.0,confirmed_fill,2012,,existing
26038,Sonora,Moctezuma,2014,progresivo,11,2316072.0,confirmed_fill,2012,,existing
26038,Sonora,Moctezuma,2015,progresivo,11,2316072.0,confirmed_fill,2012,,existing
26038,Sonora,Moctezuma,2016,progresivo,11,2316072.0,confirmed_fill,2012,,existing
26038,Sonora,Moctezuma,2017,progresivo,11,2316072.0,false,,,existing
26038,Sonora,Moctezuma,2018,progresivo,11,2316072.0,false,,,existing
26038,Sonora,Moctezuma,2019,progresivo,,,pragmatic,,,always_T_modal_fill
26038,Sonora,Moctezuma,2020,progresivo,,,false,,audit_individual,existing
26038,Sonora,Moctezuma,2021,progresivo,11,2316072.0,false,,,existing
26038,Sonora,Moctezuma,2022,progresivo,,,pragmatic,,,always_T_modal_fill
26038,Sonora,Moctezuma,2023,progresivo,,,false,,audit_individual,existing
26038,Sonora,Moctezuma,2024,progresivo,11,2316072.0,false,,,existing
26038,Sonora,Moctezuma,2025,progresivo,11,2316072.0,false,,,existing
26039,Sonora,Naco,2010,mixto,,,false,,audit_range,existing
26039,Sonora,Naco,2011,mixto,,,ffill,2010,audit_range,existing
26039,Sonora,Naco,2012,mixto,,,ffill,2010,audit_range,existing
26039,Sonora,Naco,2013,mixto,,,ffill,2010,audit_range,existing
26039,Sonora,Naco,2014,mixto,,,ffill,2010,audit_range,existing
26039,Sonora,Naco,2015,mixto,11,2316072.0,false,,audit_range,existing
26039,Sonora,Naco,2016,progresivo,11,2316072.0,false,,,existing
26039,Sonora,Naco,2017,progresivo,,,false,,audit_individual,existing
26039,Sonora,Naco,2018,progresivo,,,false,,audit_individual,existing
26039,Sonora,Naco,2019,progresivo,11,2316072.0,false,,,existing
26039,Sonora,Naco,2020,progresivo,11,2316072.0,false,,,existing
26039,Sonora,Naco,2021,progresivo,11,2316072.0,false,,,existing
26039,Sonora,Naco,2022,progresivo,,,false,,audit_individual,existing
26039,Sonora,Naco,2023,progresivo,11,2316072.0,false,,,existing
26039,Sonora,Naco,2024,mixto,11,2316072.0,false,,,existing
26039,Sonora,Naco,2025,progresivo,11,2316072.0,false,,,existing
26040,Sonora,Nacori Chico,2010,progresivo,,,bfill,2013,,existing
26040,Sonora,Nacori Chico,2011,progresivo,,,bfill,2013,,existing
26040,Sonora,Nacori Chico,2012,progresivo,,,bfill,2013,,existing
26040,Sonora,Nacori Chico,2013,progresivo,11,2316072.0,false,,,existing
26040,Sonora,Nacori Chico,2014,progresivo,,,tipo_only_fill,2013,,existing
26040,Sonora,Nacori Chico,2015,progresivo,,,tipo_only_fill,2013,,existing
26040,Sonora,Nacori Chico,2016,progresivo,11,2316072.0,false,,,existing
26040,Sonora,Nacori Chico,2017,progresivo,,,false,,audit_individual,existing
26040,Sonora,Nacori Chico,2018,progresivo,11,2316072.0,false,,,existing
26040,Sonora,Nacori Chico,2019,progresivo,,,pragmatic,,,always_T_modal_fill
26040,Sonora,Nacori Chico,2020,progresivo,11,2316072.0,false,,,existing
26040,Sonora,Nacori Chico,2021,progresivo,11,2316072.0,false,,,existing
26040,Sonora,Nacori Chico,2022,mixto,11,2316072.0,false,,,existing
26040,Sonora,Nacori Chico,2023,progresivo,11,2316072.0,false,,,existing
26040,Sonora,Nacori Chico,2024,progresivo,11,2316072.0,false,,,existing
26040,Sonora,Nacori Chico,2025,progresivo,,,pragmatic,,,always_T_modal_fill
26041,Sonora,Nacozari de Garcia,2010,progresivo,,,bfill,2012,,existing
26041,Sonora,Nacozari de Garcia,2011,progresivo,,,bfill,2012,,existing
26041,Sonora,Nacozari de Garcia,2012,progresivo,11,2316072.0,false,,,existing
26041,Sonora,Nacozari de Garcia,2013,progresivo,11,2316072.0,false,,,existing
26041,Sonora,Nacozari de Garcia,2014,mixto,11,2316072.0,false,,,existing
26041,Sonora,Nacozari de Garcia,2015,progresivo,11,2316072.0,confirmed_fill,2013,,existing
26041,Sonora,Nacozari de Garcia,2016,progresivo,11,2316072.0,confirmed_fill,2013,,existing
26041,Sonora,Nacozari de Garcia,2017,progresivo,11,2316072.0,false,,,existing
26041,Sonora,Nacozari de Garcia,2018,progresivo,11,2316072.0,false,,,existing
26041,Sonora,Nacozari de Garcia,2019,progresivo,8,3442500.0,false,,,existing
26041,Sonora,Nacozari de Garcia,2020,progresivo,11,2316072.0,false,,,existing
26041,Sonora,Nacozari de Garcia,2021,progresivo,,,false,,audit_individual,existing
26041,Sonora,Nacozari de Garcia,2022,progresivo,11,2316072.0,false,,,existing
26041,Sonora,Nacozari de Garcia,2023,progresivo,11,2316072.0,false,,,existing
26041,Sonora,Nacozari de Garcia,2024,progresivo,11,2316072.0,false,,,existing
26041,Sonora,Nacozari de Garcia,2025,progresivo,,,false,,audit_individual,existing
26042,Sonora,Navojoa,2010,progresivo,11,2316072.0,false,,,existing
26042,Sonora,Navojoa,2011,progresivo,,,bfill,2012,,existing
26042,Sonora,Navojoa,2012,progresivo,11,2316072.0,false,,,existing
26042,Sonora,Navojoa,2013,progresivo,11,2895090.0,false,,,existing
26042,Sonora,Navojoa,2014,progresivo,11,2316072.0,false,,,existing
26042,Sonora,Navojoa,2015,progresivo,11,2316072.0,false,,,existing
26042,Sonora,Navojoa,2016,progresivo,,,false,,audit_individual,existing
26042,Sonora,Navojoa,2017,progresivo,,,false,,audit_range,existing
26042,Sonora,Navojoa,2018,progresivo,,,false,,audit_range,existing
26042,Sonora,Navojoa,2019,progresivo,,,pragmatic,,,always_T_modal_fill
26042,Sonora,Navojoa,2020,progresivo,,,false,,audit_range,existing
26042,Sonora,Navojoa,2021,progresivo,,,tipo_only_fill,2020,audit_range,existing
26042,Sonora,Navojoa,2022,progresivo,,,tipo_only_fill,2020,audit_range,existing
26042,Sonora,Navojoa,2023,progresivo,12,10850000.0,false,,audit_range,existing
26042,Sonora,Navojoa,2024,progresivo,,,ffill,2023,,existing
26042,Sonora,Navojoa,2025,progresivo,,,ffill,2023,,existing
26043,Sonora,Nogales,2010,tasa_unica,,,bfill,2012,,existing
26043,Sonora,Nogales,2011,tasa_unica,,,bfill,2012,,existing
26043,Sonora,Nogales,2012,tasa_unica,,,false,,,existing
26043,Sonora,Nogales,2013,tasa_unica,,,false,,,existing
26043,Sonora,Nogales,2014,tarifa_millar,,,pragmatic,,,never_T_modal_fill
26043,Sonora,Nogales,2015,tarifa_millar,,,pragmatic,,,never_T_modal_fill
26043,Sonora,Nogales,2016,tarifa_millar,,,pragmatic,,,never_T_modal_fill
26043,Sonora,Nogales,2017,tasa_unica,,,false,,,existing
26043,Sonora,Nogales,2018,tasa_unica,,,false,,,existing
26043,Sonora,Nogales,2019,tarifa_millar,,,false,,,existing
26043,Sonora,Nogales,2020,tarifa_millar,,,false,,,existing
26043,Sonora,Nogales,2021,tarifa_millar,,,confirmed_fill,2020,,existing
26043,Sonora,Nogales,2022,tarifa_millar,,,confirmed_fill,2020,,existing
26043,Sonora,Nogales,2023,tarifa_millar,,,false,,,existing
26043,Sonora,Nogales,2024,tarifa_millar,,,false,,,existing
26043,Sonora,Nogales,2025,tarifa_millar,,,false,,,existing
26044,Sonora,onavas,2010,progresivo,,,bfill,2012,,existing
26044,Sonora,onavas,2011,progresivo,,,bfill,2012,,existing
26044,Sonora,onavas,2012,progresivo,,,pragmatic,,,always_T_modal_fill
26044,Sonora,onavas,2013,progresivo,,,closure_fill,2012,,existing
26044,Sonora,onavas,2014,progresivo,,,closure_fill,2012,,existing
26044,Sonora,onavas,2015,progresivo,,,closure_fill,2012,,existing
26044,Sonora,onavas,2016,progresivo,,,closure_fill,2012,,existing
26044,Sonora,onavas,2017,progresivo,,,false,,audit_individual,existing
26044,Sonora,onavas,2018,progresivo,,,closure_fill,2012,,existing
26044,Sonora,onavas,2019,progresivo,5,259920.0,false,,,existing
26044,Sonora,onavas,2020,progresivo,,,false,,audit_individual,existing
26044,Sonora,onavas,2021,progresivo,,,confirmed_fill,2020,audit_range,existing
26044,Sonora,onavas,2022,progresivo,,,false,,audit_range,existing
26044,Sonora,onavas,2023,progresivo,,,false,,audit_range,existing
26044,Sonora,onavas,2024,progresivo,,,closure_fill,2012,audit_range,existing
26044,Sonora,onavas,2025,mixto,5,259920.0,false,,,existing
26045,Sonora,Opodepe,2010,progresivo,11,2316072.0,false,,,existing
26045,Sonora,Opodepe,2011,progresivo,11,2316072.0,false,,,existing
26045,Sonora,Opodepe,2012,progresivo,,,pragmatic,,,always_T_modal_fill
26045,Sonora,Opodepe,2013,progresivo,,,bfill,2017,,existing
26045,Sonora,Opodepe,2014,progresivo,,,bfill,2017,,existing
26045,Sonora,Opodepe,2015,progresivo,,,bfill,2017,,existing
26045,Sonora,Opodepe,2016,progresivo,,,bfill,2017,,existing
26045,Sonora,Opodepe,2017,progresivo,11,2316072.0,false,,,existing
26045,Sonora,Opodepe,2018,progresivo,11,2316072.0,false,,,existing
26045,Sonora,Opodepe,2019,progresivo,11,2316072.0,false,,,existing
26045,Sonora,Opodepe,2020,progresivo,11,2316072.0,false,,,existing
26045,Sonora,Opodepe,2021,mixto,11,2316072.0,false,,,existing
26045,Sonora,Opodepe,2022,mixto,11,2316072.0,false,,,existing
26045,Sonora,Opodepe,2023,progresivo,,,false,,audit_individual,existing
26045,Sonora,Opodepe,2024,mixto,11,2316072.0,false,,,existing
26045,Sonora,Opodepe,2025,progresivo,11,2316072.0,false,,,existing
26046,Sonora,Oquitoa,2010,progresivo,5,259920.0,false,,,existing
26046,Sonora,Oquitoa,2011,progresivo,5,259920.0,false,,,existing
26046,Sonora,Oquitoa,2012,progresivo,,,pragmatic,,,always_T_modal_fill
26046,Sonora,Oquitoa,2013,progresivo,,,bfill,2017,audit_individual,existing
26046,Sonora,Oquitoa,2014,progresivo,,,bfill,2017,user_reversion_noise,existing
26046,Sonora,Oquitoa,2015,progresivo,,,bfill,2017,user_reversion_noise,existing
26046,Sonora,Oquitoa,2016,progresivo,,,bfill,2017,user_reversion_noise,existing
26046,Sonora,Oquitoa,2017,progresivo,,,false,,user_reversion_noise,existing
26046,Sonora,Oquitoa,2018,progresivo,,,false,,user_reversion_noise,existing
26046,Sonora,Oquitoa,2019,progresivo,5,259920.0,false,,,existing
26046,Sonora,Oquitoa,2020,progresivo,,,false,,audit_individual,existing
26046,Sonora,Oquitoa,2021,progresivo,,,false,,audit_individual,existing
26046,Sonora,Oquitoa,2022,progresivo,11,2316072.0,false,,,existing
26046,Sonora,Oquitoa,2023,progresivo,5,259920.0,false,,,existing
26046,Sonora,Oquitoa,2024,progresivo,,,false,,audit_individual,existing
26046,Sonora,Oquitoa,2025,progresivo,5,259920.0,false,,,existing
26047,Sonora,Pitiquito,2010,progresivo,11,2316072.0,false,,,existing
26047,Sonora,Pitiquito,2011,progresivo,11,2316072.0,false,,,existing
26047,Sonora,Pitiquito,2012,progresivo,,,pragmatic,,,always_T_modal_fill
26047,Sonora,Pitiquito,2013,progresivo,11,2318072.0,false,,,existing
26047,Sonora,Pitiquito,2014,progresivo,,,bfill,2018,,existing
26047,Sonora,Pitiquito,2015,progresivo,,,bfill,2018,,existing
26047,Sonora,Pitiquito,2016,progresivo,,,bfill,2018,,existing
26047,Sonora,Pitiquito,2017,progresivo,,,bfill,2018,,existing
26047,Sonora,Pitiquito,2018,progresivo,11,2316072.0,false,,,existing
26047,Sonora,Pitiquito,2019,progresivo,11,2316072.0,false,,,existing
26047,Sonora,Pitiquito,2020,progresivo,11,2316072.0,false,,,existing
26047,Sonora,Pitiquito,2021,progresivo,,,false,,audit_individual,existing
26047,Sonora,Pitiquito,2022,progresivo,,,pragmatic,,,always_T_modal_fill
26047,Sonora,Pitiquito,2023,progresivo,11,2316072.0,false,,,existing
26047,Sonora,Pitiquito,2024,progresivo,11,2316072.0,false,,,existing
26047,Sonora,Pitiquito,2025,mixto,11,2316072.0,false,,,existing
26048,Sonora,Puerto Peñasco,2010,tarifa_millar,,,bfill,2011,,existing
26048,Sonora,Puerto Peñasco,2011,tarifa_millar,,,false,,,existing
26048,Sonora,Puerto Peñasco,2012,tarifa_millar,,,ffill,2011,,existing
26048,Sonora,Puerto Peñasco,2013,tarifa_millar,,,ffill,2011,,existing
26048,Sonora,Puerto Peñasco,2014,tarifa_millar,,,ffill,2011,,existing
26048,Sonora,Puerto Peñasco,2015,tarifa_millar,,,ffill,2011,,existing
26048,Sonora,Puerto Peñasco,2016,tarifa_millar,,,false,,audit_individual,existing
26048,Sonora,Puerto Peñasco,2017,tarifa_millar,,,false,,,existing
26048,Sonora,Puerto Peñasco,2018,tarifa_millar,,,false,,,existing
26048,Sonora,Puerto Peñasco,2019,tarifa_millar,,,false,,,existing
26048,Sonora,Puerto Peñasco,2020,tarifa_millar,,,false,,,existing
26048,Sonora,Puerto Peñasco,2021,tarifa_millar,,,false,,,existing
26048,Sonora,Puerto Peñasco,2022,tarifa_millar,,,false,,,existing
26048,Sonora,Puerto Peñasco,2023,tarifa_millar,,,false,,,existing
26048,Sonora,Puerto Peñasco,2024,tarifa_millar,,,false,,,existing
26048,Sonora,Puerto Peñasco,2025,cuota_fija_simple,,,false,,,existing
26049,Sonora,Quiriego,2010,progresivo,,,bfill,2012,audit_range,existing
26049,Sonora,Quiriego,2011,progresivo,,,bfill,2012,audit_range,existing
26049,Sonora,Quiriego,2012,progresivo,,,false,,audit_range,existing
26049,Sonora,Quiriego,2013,progresivo,,,false,,audit_range,existing
26049,Sonora,Quiriego,2014,progresivo,,,closure_fill,2012,audit_range,existing
26049,Sonora,Quiriego,2015,progresivo,,,closure_fill,2012,audit_range,existing
26049,Sonora,Quiriego,2016,progresivo,,,closure_fill,2012,audit_range,existing
26049,Sonora,Quiriego,2017,progresivo,5,259920.0,false,,audit_range,existing
26049,Sonora,Quiriego,2018,progresivo,5,259920.0,false,,audit_range,existing
26049,Sonora,Quiriego,2019,progresivo,5,259920.0,false,,audit_range,existing
26049,Sonora,Quiriego,2020,progresivo,5,259920.0,false,,audit_range,existing
26049,Sonora,Quiriego,2021,progresivo,,,closure_fill,2012,audit_individual,existing
26049,Sonora,Quiriego,2022,progresivo,,,closure_fill,2012,user_reversion_noise,existing
26049,Sonora,Quiriego,2023,progresivo,,,false,,user_reversion_noise,existing
26049,Sonora,Quiriego,2024,progresivo,,,ffill,2023,user_reversion_noise,existing
26049,Sonora,Quiriego,2025,progresivo,,,ffill,2023,user_reversion_noise,existing
26050,Sonora,Rayon,2010,progresivo,8,1060473.0,false,,,existing
26050,Sonora,Rayon,2011,progresivo,,,ffill,2010,,existing
26050,Sonora,Rayon,2012,progresivo,,,ffill,2010,,existing
26050,Sonora,Rayon,2013,progresivo,,,ffill,2010,,existing
26050,Sonora,Rayon,2014,progresivo,,,ffill,2010,,existing
26050,Sonora,Rayon,2015,mixto,6,441864.0,false,,,existing
26050,Sonora,Rayon,2016,progresivo,6,441864.0,false,,,existing
26050,Sonora,Rayon,2017,progresivo,,,false,,audit_individual,existing
26050,Sonora,Rayon,2018,progresivo,6,441864.0,false,,,existing
26050,Sonora,Rayon,2019,progresivo,6,441864.0,false,,,existing
26050,Sonora,Rayon,2020,progresivo,,,false,,audit_individual,existing
26050,Sonora,Rayon,2021,progresivo,,,confirmed_fill,2020,user_reversion_noise,existing
26050,Sonora,Rayon,2022,progresivo,,,confirmed_fill,2020,user_reversion_noise,existing
26050,Sonora,Rayon,2023,progresivo,,,false,,user_reversion_noise,existing
26050,Sonora,Rayon,2024,progresivo,,,ffill,2023,user_reversion_noise,existing
26050,Sonora,Rayon,2025,progresivo,,,ffill,2023,user_reversion_noise,existing
26051,Sonora,Rosario,2010,progresivo,,,pragmatic,,,always_T_modal_fill
26051,Sonora,Rosario,2011,progresivo,8,1060473.0,false,,,existing
26051,Sonora,Rosario,2012,progresivo,,,pragmatic,,,always_T_modal_fill
26051,Sonora,Rosario,2013,progresivo,,,bfill,2017,,existing
26051,Sonora,Rosario,2014,progresivo,,,bfill,2017,,existing
26051,Sonora,Rosario,2015,progresivo,,,bfill,2017,,existing
26051,Sonora,Rosario,2016,progresivo,,,bfill,2017,,existing
26051,Sonora,Rosario,2017,progresivo,8,1060473.0,false,,,existing
26051,Sonora,Rosario,2018,progresivo,8,1060473.0,false,,,existing
26051,Sonora,Rosario,2019,progresivo,8,1060473.0,confirmed_fill,2018,,existing
26051,Sonora,Rosario,2020,progresivo,8,1060473.0,false,,,existing
26051,Sonora,Rosario,2021,progresivo,8,1060473.0,closure_fill,2017,,existing
26051,Sonora,Rosario,2022,progresivo,,,false,,audit_individual,existing
26051,Sonora,Rosario,2023,progresivo,,,false,,audit_individual,existing
26051,Sonora,Rosario,2024,progresivo,8,1060473.0,false,,,existing
26051,Sonora,Rosario,2025,progresivo,8,1060473.0,false,,,existing
26052,Sonora,Sahuaripa,2010,progresivo,,,bfill,2012,audit_range,existing
26052,Sonora,Sahuaripa,2011,progresivo,,,bfill,2012,audit_range,existing
26052,Sonora,Sahuaripa,2012,progresivo,,,false,,audit_range,existing
26052,Sonora,Sahuaripa,2013,progresivo,7,706982.0,false,,audit_range,existing
26052,Sonora,Sahuaripa,2014,progresivo,7,706982.0,confirmed_fill,2013,audit_range,existing
26052,Sonora,Sahuaripa,2015,progresivo,7,706982.0,confirmed_fill,2013,audit_range,existing
26052,Sonora,Sahuaripa,2016,progresivo,7,706982.0,confirmed_fill,2013,audit_range,existing
26052,Sonora,Sahuaripa,2017,progresivo,7,706982.0,false,,audit_range,existing
26052,Sonora,Sahuaripa,2018,progresivo,7,706982.0,false,,audit_range,existing
26052,Sonora,Sahuaripa,2019,progresivo,7,706982.0,confirmed_fill,2018,audit_range,existing
26052,Sonora,Sahuaripa,2020,progresivo,7,706982.0,false,,audit_range,existing
26052,Sonora,Sahuaripa,2021,progresivo,,,closure_fill,2012,audit_individual,existing
26052,Sonora,Sahuaripa,2022,progresivo,,,closure_fill,2012,user_reversion_noise,existing
26052,Sonora,Sahuaripa,2023,progresivo,,,false,,user_reversion_noise,existing
26052,Sonora,Sahuaripa,2024,progresivo,,,ffill,2023,user_reversion_noise,existing
26052,Sonora,Sahuaripa,2025,progresivo,,,ffill,2023,user_reversion_noise,existing
26053,Sonora,San Felipe de Jesus,2010,progresivo,5,259920.0,false,,,existing
26053,Sonora,San Felipe de Jesus,2011,progresivo,5,259920.0,false,,,existing
26053,Sonora,San Felipe de Jesus,2012,progresivo,,,pragmatic,,,always_T_modal_fill
26053,Sonora,San Felipe de Jesus,2013,progresivo,,,bfill,2017,audit_individual,existing
26053,Sonora,San Felipe de Jesus,2014,progresivo,,,bfill,2017,user_reversion_noise,existing
26053,Sonora,San Felipe de Jesus,2015,progresivo,,,bfill,2017,user_reversion_noise,existing
26053,Sonora,San Felipe de Jesus,2016,progresivo,,,bfill,2017,user_reversion_noise,existing
26053,Sonora,San Felipe de Jesus,2017,progresivo,,,false,,user_reversion_noise,existing
26053,Sonora,San Felipe de Jesus,2018,progresivo,5,259920.0,false,,,existing
26053,Sonora,San Felipe de Jesus,2019,progresivo,,,pragmatic,,,always_T_modal_fill
26053,Sonora,San Felipe de Jesus,2020,progresivo,5,259920.0,false,,,existing
26053,Sonora,San Felipe de Jesus,2021,progresivo,,,pragmatic,,,always_T_modal_fill
26053,Sonora,San Felipe de Jesus,2022,progresivo,,,pragmatic,,,always_T_modal_fill
26053,Sonora,San Felipe de Jesus,2023,progresivo,,,false,,audit_individual,existing
26053,Sonora,San Felipe de Jesus,2024,progresivo,,,false,,audit_individual,existing
26053,Sonora,San Felipe de Jesus,2025,progresivo,,,pragmatic,,,always_T_modal_fill
26054,Sonora,San Javier,2010,progresivo,,,bfill,2011,,existing
26054,Sonora,San Javier,2011,progresivo,11,2516072.0,false,,,existing
26054,Sonora,San Javier,2012,progresivo,,,pragmatic,,,always_T_modal_fill
26054,Sonora,San Javier,2013,progresivo,,,pragmatic,,,always_T_modal_fill
26054,Sonora,San Javier,2014,mixto,11,2316072.0,false,,,existing
26054,Sonora,San Javier,2015,mixto,11,2316072.0,false,,,existing
26054,Sonora,San Javier,2016,progresivo,11,2316072.0,false,,,existing
26054,Sonora,San Javier,2017,progresivo,11,2316072.0,false,,,existing
26054,Sonora,San Javier,2018,progresivo,11,2316072.0,false,,,existing
26054,Sonora,San Javier,2019,progresivo,11,2316072.0,false,,,existing
26054,Sonora,San Javier,2020,progresivo,,,false,,audit_individual,existing
26054,Sonora,San Javier,2021,progresivo,,,pragmatic,,,always_T_modal_fill
26054,Sonora,San Javier,2022,progresivo,,,pragmatic,,,always_T_modal_fill
26054,Sonora,San Javier,2023,progresivo,11,2316072.0,false,,,existing
26054,Sonora,San Javier,2024,progresivo,,,pragmatic,,,always_T_modal_fill
26054,Sonora,San Javier,2025,mixto,3,22073.0,false,,,existing
26055,Sonora,San Luis Rio Colorado,2010,progresivo,,,bfill,2012,audit_individual,existing
26055,Sonora,San Luis Rio Colorado,2011,mixto,21,5500000.0,false,,,existing
26055,Sonora,San Luis Rio Colorado,2012,progresivo,,,false,,audit_individual,existing
26055,Sonora,San Luis Rio Colorado,2013,progresivo,2,34000.0,false,,audit_individual,existing
26055,Sonora,San Luis Rio Colorado,2014,progresivo,,,closure_fill,2012,audit_individual,existing
26055,Sonora,San Luis Rio Colorado,2015,progresivo,,,closure_fill,2012,user_reversion_noise,existing
26055,Sonora,San Luis Rio Colorado,2016,progresivo,,,false,,user_reversion_noise,existing
26055,Sonora,San Luis Rio Colorado,2017,progresivo,21,5500000.0,false,,,existing
26055,Sonora,San Luis Rio Colorado,2018,progresivo,,,false,,audit_individual,existing
26055,Sonora,San Luis Rio Colorado,2019,progresivo,,,confirmed_fill,2018,user_reversion_noise,existing
26055,Sonora,San Luis Rio Colorado,2020,progresivo,,,false,,user_reversion_noise,existing
26055,Sonora,San Luis Rio Colorado,2021,progresivo,48,999999999999.0,false,,audit_individual,existing
26055,Sonora,San Luis Rio Colorado,2022,progresivo,,,closure_fill,2012,audit_individual,existing
26055,Sonora,San Luis Rio Colorado,2023,progresivo,,,false,,user_reversion_noise,existing
26055,Sonora,San Luis Rio Colorado,2024,progresivo,,,ffill,2023,user_reversion_noise,existing
26055,Sonora,San Luis Rio Colorado,2025,progresivo,,,ffill,2023,user_reversion_noise,existing
26056,Sonora,San Miguel de Horcasitas,2010,progresivo,,,false,,audit_range,existing
26056,Sonora,San Miguel de Horcasitas,2011,progresivo,,,ffill,2010,audit_range,existing
26056,Sonora,San Miguel de Horcasitas,2012,progresivo,,,ffill,2010,audit_range,existing
26056,Sonora,San Miguel de Horcasitas,2013,progresivo,,,ffill,2010,audit_range,existing
26056,Sonora,San Miguel de Horcasitas,2014,progresivo,,,ffill,2010,audit_range,existing
26056,Sonora,San Miguel de Horcasitas,2015,progresivo,,,closure_fill,2010,audit_range,existing
26056,Sonora,San Miguel de Horcasitas,2016,progresivo,,,closure_fill,2010,audit_range,existing
26056,Sonora,San Miguel de Horcasitas,2017,progresivo,6,441864.0,false,,audit_range,existing
26056,Sonora,San Miguel de Horcasitas,2018,progresivo,6,441864.0,false,,,existing
26056,Sonora,San Miguel de Horcasitas,2019,progresivo,6,441864.0,confirmed_fill,2018,,existing
26056,Sonora,San Miguel de Horcasitas,2020,progresivo,6,441864.0,confirmed_fill,2018,,existing
26056,Sonora,San Miguel de Horcasitas,2021,progresivo,6,441864.0,confirmed_fill,2018,,existing
26056,Sonora,San Miguel de Horcasitas,2022,progresivo,6,441864.0,false,,,existing
26056,Sonora,San Miguel de Horcasitas,2023,progresivo,,,false,,audit_individual,existing
26056,Sonora,San Miguel de Horcasitas,2024,progresivo,,,ffill,2023,user_reversion_noise,existing
26056,Sonora,San Miguel de Horcasitas,2025,progresivo,,,ffill,2023,user_reversion_noise,existing
26057,Sonora,San Pedro de la Cueva,2010,progresivo,,,bfill,2013,,existing
26057,Sonora,San Pedro de la Cueva,2011,progresivo,,,bfill,2013,,existing
26057,Sonora,San Pedro de la Cueva,2012,progresivo,,,bfill,2013,,existing
26057,Sonora,San Pedro de la Cueva,2013,progresivo,6,441864.0,false,,,existing
26057,Sonora,San Pedro de la Cueva,2014,mixto,6,441864.0,false,,,existing
26057,Sonora,San Pedro de la Cueva,2015,progresivo,,,pragmatic,,,always_T_modal_fill
26057,Sonora,San Pedro de la Cueva,2016,progresivo,6,441864.0,false,,,existing
26057,Sonora,San Pedro de la Cueva,2017,progresivo,,,false,,audit_individual,existing
26057,Sonora,San Pedro de la Cueva,2018,progresivo,,,false,,audit_individual,existing
26057,Sonora,San Pedro de la Cueva,2019,progresivo,6,441864.0,false,,,existing
26057,Sonora,San Pedro de la Cueva,2020,progresivo,,,false,,audit_individual,existing
26057,Sonora,San Pedro de la Cueva,2021,progresivo,,,confirmed_fill,2020,user_reversion_noise,existing
26057,Sonora,San Pedro de la Cueva,2022,progresivo,,,confirmed_fill,2020,user_reversion_noise,existing
26057,Sonora,San Pedro de la Cueva,2023,progresivo,,,false,,user_reversion_noise,existing
26057,Sonora,San Pedro de la Cueva,2024,progresivo,6,441864.0,false,,,existing
26057,Sonora,San Pedro de la Cueva,2025,progresivo,6,441864.0,false,,,existing
26058,Sonora,Santa Ana,2010,progresivo,,,bfill,2012,,existing
26058,Sonora,Santa Ana,2011,progresivo,,,bfill,2012,,existing
26058,Sonora,Santa Ana,2012,progresivo,11,2316072.0,false,,,existing
26058,Sonora,Santa Ana,2013,progresivo,11,2316072.0,false,,,existing
26058,Sonora,Santa Ana,2014,progresivo,11,2316072.0,confirmed_fill,2013,,existing
26058,Sonora,Santa Ana,2015,progresivo,11,2316072.0,confirmed_fill,2013,,existing
26058,Sonora,Santa Ana,2016,progresivo,11,2316072.0,confirmed_fill,2013,,existing
26058,Sonora,Santa Ana,2017,progresivo,11,2316072.0,false,,,existing
26058,Sonora,Santa Ana,2018,progresivo,11,2316072.0,false,,,existing
26058,Sonora,Santa Ana,2019,progresivo,11,2316072.0,closure_fill,2012,,existing
26058,Sonora,Santa Ana,2020,progresivo,,,false,,audit_individual,existing
26058,Sonora,Santa Ana,2021,progresivo,11,2316072.0,false,,,existing
26058,Sonora,Santa Ana,2022,progresivo,11,2316072.0,confirmed_fill,2021,,existing
26058,Sonora,Santa Ana,2023,progresivo,11,2316072.0,false,,,existing
26058,Sonora,Santa Ana,2024,progresivo,11,2316072.0,false,,,existing
26058,Sonora,Santa Ana,2025,progresivo,11,2316072.0,false,,,existing
26059,Sonora,Santa Cruz,2010,progresivo,5,259920.0,false,,,existing
26059,Sonora,Santa Cruz,2011,progresivo,,,pragmatic,,,always_T_modal_fill
26059,Sonora,Santa Cruz,2012,progresivo,,,pragmatic,,,always_T_modal_fill
26059,Sonora,Santa Cruz,2013,progresivo,,,bfill,2017,,existing
26059,Sonora,Santa Cruz,2014,progresivo,,,bfill,2017,,existing
26059,Sonora,Santa Cruz,2015,progresivo,,,bfill,2017,,existing
26059,Sonora,Santa Cruz,2016,progresivo,,,bfill,2017,,existing
26059,Sonora,Santa Cruz,2017,progresivo,11,2316072.0,false,,,existing
26059,Sonora,Santa Cruz,2018,progresivo,11,2316072.0,confirmed_fill,2017,,existing
26059,Sonora,Santa Cruz,2019,progresivo,11,2316072.0,confirmed_fill,2017,,existing
26059,Sonora,Santa Cruz,2020,progresivo,11,2316072.0,false,,,existing
26059,Sonora,Santa Cruz,2021,progresivo,11,2316072.0,confirmed_fill,2020,,existing
26059,Sonora,Santa Cruz,2022,progresivo,11,2316072.0,false,,,existing
26059,Sonora,Santa Cruz,2023,progresivo,11,2316072.0,false,,,existing
26059,Sonora,Santa Cruz,2024,progresivo,11,2316072.0,false,,,existing
26059,Sonora,Santa Cruz,2025,progresivo,,,pragmatic,,,always_T_modal_fill
26060,Sonora,Saric,2010,progresivo,,,bfill,2012,,existing
26060,Sonora,Saric,2011,progresivo,,,bfill,2012,,existing
26060,Sonora,Saric,2012,progresivo,7,706982.0,false,,,existing
26060,Sonora,Saric,2013,progresivo,7,706982.0,closure_fill,2012,,existing
26060,Sonora,Saric,2014,progresivo,7,706982.0,closure_fill,2012,,existing
26060,Sonora,Saric,2015,progresivo,7,706982.0,closure_fill,2012,,existing
26060,Sonora,Saric,2016,progresivo,7,706982.0,closure_fill,2012,,existing
26060,Sonora,Saric,2017,progresivo,,,false,,audit_individual,existing
26060,Sonora,Saric,2018,progresivo,7,706982.0,false,,,existing
26060,Sonora,Saric,2019,progresivo,7,706982.0,false,,,existing
26060,Sonora,Saric,2020,progresivo,7,706982.0,closure_fill,2012,,existing
26060,Sonora,Saric,2021,progresivo,,,false,,audit_individual,existing
26060,Sonora,Saric,2022,progresivo,7,706982.0,closure_fill,2012,audit_individual,existing
26060,Sonora,Saric,2023,progresivo,7,706982.0,false,,,existing
26060,Sonora,Saric,2024,progresivo,,,ffill,2023,,existing
26060,Sonora,Saric,2025,progresivo,,,ffill,2023,,existing
26061,Sonora,Soyopa,2010,progresivo,,,bfill,2012,,existing
26061,Sonora,Soyopa,2011,progresivo,,,bfill,2012,,existing
26061,Sonora,Soyopa,2012,progresivo,11,2316072.0,false,,,existing
26061,Sonora,Soyopa,2013,progresivo,,,false,,audit_individual,existing
26061,Sonora,Soyopa,2014,progresivo,11,2316072.0,closure_fill,2012,,existing
26061,Sonora,Soyopa,2015,progresivo,11,2316072.0,closure_fill,2012,,existing
26061,Sonora,Soyopa,2016,progresivo,11,2316072.0,closure_fill,2012,,existing
26061,Sonora,Soyopa,2017,progresivo,11,2316072.0,false,,,existing
26061,Sonora,Soyopa,2018,progresivo,11,2316072.0,closure_fill,2012,,existing
26061,Sonora,Soyopa,2019,progresivo,,,false,,audit_individual,existing
26061,Sonora,Soyopa,2020,progresivo,,,false,,audit_individual,existing
26061,Sonora,Soyopa,2021,progresivo,11,2316072.0,closure_fill,2012,,existing
26061,Sonora,Soyopa,2022,progresivo,11,2316072.0,false,,,existing
26061,Sonora,Soyopa,2023,progresivo,11,2316072.0,false,,,existing
26061,Sonora,Soyopa,2024,progresivo,,,ffill,2023,,existing
26061,Sonora,Soyopa,2025,progresivo,,,ffill,2023,,existing
26062,Sonora,Suaqui Grande,2010,progresivo,,,bfill,2012,user_manual,existing
26062,Sonora,Suaqui Grande,2011,progresivo,,,bfill,2012,user_manual,existing
26062,Sonora,Suaqui Grande,2012,progresivo,,,false,,user_manual,existing
26062,Sonora,Suaqui Grande,2013,progresivo,,,confirmed_fill,2012,user_manual,existing
26062,Sonora,Suaqui Grande,2014,progresivo,,,confirmed_fill,2012,user_manual,existing
26062,Sonora,Suaqui Grande,2015,progresivo,,,confirmed_fill,2012,user_manual,existing
26062,Sonora,Suaqui Grande,2016,progresivo,,,confirmed_fill,2012,user_manual,existing
26062,Sonora,Suaqui Grande,2017,progresivo,,,false,,user_manual,existing
26062,Sonora,Suaqui Grande,2018,progresivo,,,false,,user_manual,existing
26062,Sonora,Suaqui Grande,2019,progresivo,,,confirmed_fill,2018,user_manual,existing
26062,Sonora,Suaqui Grande,2020,progresivo,,,false,,user_manual,existing
26062,Sonora,Suaqui Grande,2021,progresivo,6,441864.01,false,,,existing
26062,Sonora,Suaqui Grande,2022,progresivo,11,2316072.0,false,,,existing
26062,Sonora,Suaqui Grande,2023,progresivo,6,441864.0,false,,,existing
26062,Sonora,Suaqui Grande,2024,progresivo,6,441864.0,false,,,existing
26062,Sonora,Suaqui Grande,2025,mixto,6,441864.0,false,,,existing
26063,Sonora,Tepache,2010,mixto,,,bfill,2013,user_manual,existing
26063,Sonora,Tepache,2011,mixto,,,bfill,2013,user_manual,existing
26063,Sonora,Tepache,2012,mixto,,,bfill,2013,user_manual,existing
26063,Sonora,Tepache,2013,mixto,,,false,,user_manual,existing
26063,Sonora,Tepache,2014,mixto,11,2316072.0,false,,user_manual,existing
26063,Sonora,Tepache,2015,mixto,,,pragmatic,,,always_T_modal_fill
26063,Sonora,Tepache,2016,progresivo,11,2316072.0,false,,,existing
26063,Sonora,Tepache,2017,progresivo,11,2316072.0,false,,,existing
26063,Sonora,Tepache,2018,progresivo,11,2316072.0,false,,,existing
26063,Sonora,Tepache,2019,progresivo,11,2316072.0,false,,,existing
26063,Sonora,Tepache,2020,mixto,3,17011.0,false,,,existing
26063,Sonora,Tepache,2021,progresivo,11,2316072.01,false,,,existing
26063,Sonora,Tepache,2022,mixto,11,2316072.0,false,,,existing
26063,Sonora,Tepache,2023,progresivo,11,2316072.0,false,,,existing
26063,Sonora,Tepache,2024,mixto,11,2316072.0,false,,,existing
26063,Sonora,Tepache,2025,mixto,,,ffill,2024,,existing
26064,Sonora,Trincheras,2010,progresivo,5,259920.0,false,,,existing
26064,Sonora,Trincheras,2011,progresivo,,,pragmatic,,,always_T_modal_fill
26064,Sonora,Trincheras,2012,progresivo,,,bfill,2016,,existing
26064,Sonora,Trincheras,2013,progresivo,,,bfill,2016,,existing
26064,Sonora,Trincheras,2014,progresivo,,,bfill,2016,,existing
26064,Sonora,Trincheras,2015,progresivo,,,bfill,2016,,existing
26064,Sonora,Trincheras,2016,progresivo,11,2316072.0,false,,,existing
26064,Sonora,Trincheras,2017,progresivo,,,false,,audit_individual,existing
26064,Sonora,Trincheras,2018,progresivo,5,259920.0,false,,audit_individual,existing
26064,Sonora,Trincheras,2019,progresivo,,,pragmatic,,,always_T_modal_fill
26064,Sonora,Trincheras,2020,progresivo,,,false,,audit_individual,existing
26064,Sonora,Trincheras,2021,progresivo,5,259920.0,false,,,existing
26064,Sonora,Trincheras,2022,progresivo,11,2316072.0,false,,,existing
26064,Sonora,Trincheras,2023,progresivo,5,259920.0,false,,,existing
26064,Sonora,Trincheras,2024,progresivo,5,259920.0,false,,,existing
26064,Sonora,Trincheras,2025,progresivo,,,ffill,2024,,existing
26065,Sonora,Tubutama,2010,progresivo,11,2316072.0,false,,,existing
26065,Sonora,Tubutama,2011,progresivo,5,259920.0,false,,,existing
26065,Sonora,Tubutama,2012,progresivo,,,ffill,2011,,existing
26065,Sonora,Tubutama,2013,progresivo,,,ffill,2011,,existing
26065,Sonora,Tubutama,2014,progresivo,,,ffill,2011,,existing
26065,Sonora,Tubutama,2015,progresivo,,,ffill,2011,,existing
26065,Sonora,Tubutama,2016,progresivo,5,259920.0,false,,,existing
26065,Sonora,Tubutama,2017,progresivo,5,259920.0,false,,,existing
26065,Sonora,Tubutama,2018,progresivo,5,259920.0,false,,,existing
26065,Sonora,Tubutama,2019,progresivo,,,false,,audit_individual,existing
26065,Sonora,Tubutama,2020,progresivo,5,259920.0,false,,,existing
26065,Sonora,Tubutama,2021,progresivo,5,259920.0,confirmed_fill,2020,,existing
26065,Sonora,Tubutama,2022,progresivo,5,259920.0,false,,,existing
26065,Sonora,Tubutama,2023,progresivo,5,259920.0,false,,,existing
26065,Sonora,Tubutama,2024,mixto,5,259920.0,false,,,existing
26065,Sonora,Tubutama,2025,progresivo,5,259920.0,false,,,existing
26066,Sonora,Ures,2010,progresivo,,,bfill,2013,audit_individual,existing
26066,Sonora,Ures,2011,progresivo,11,2316072.0,false,,,existing
26066,Sonora,Ures,2012,progresivo,11,2316072.0,false,,,existing
26066,Sonora,Ures,2013,progresivo,,,false,,audit_individual,existing
26066,Sonora,Ures,2014,progresivo,,,ffill,2013,user_reversion_noise,existing
26066,Sonora,Ures,2015,progresivo,,,ffill,2013,user_reversion_noise,existing
26066,Sonora,Ures,2016,progresivo,,,ffill,2013,user_reversion_noise,existing
26066,Sonora,Ures,2017,progresivo,,,ffill,2013,user_reversion_noise,existing
26066,Sonora,Ures,2018,progresivo,,,closure_fill,2013,user_reversion_noise,existing
26066,Sonora,Ures,2019,progresivo,,,closure_fill,2013,user_reversion_noise,existing
26066,Sonora,Ures,2020,mixto,3,12540.0,false,,,existing
26066,Sonora,Ures,2021,mixto,3,12540.0,confirmed_fill,2020,,existing
26066,Sonora,Ures,2022,progresivo,11,2316072.0,false,,,existing
26066,Sonora,Ures,2023,progresivo,,,false,,audit_individual,existing
26066,Sonora,Ures,2024,progresivo,,,false,,audit_range,existing
26066,Sonora,Ures,2025,progresivo,,,ffill,2024,audit_range,existing
26067,Sonora,Villa Hidalgo,2010,progresivo,,,bfill,2012,,existing
26067,Sonora,Villa Hidalgo,2011,progresivo,5,259920.0,false,,,existing
26067,Sonora,Villa Hidalgo,2012,progresivo,3,21972.0,false,,,existing
26067,Sonora,Villa Hidalgo,2013,progresivo,,,tipo_only_fill,2012,,existing
26067,Sonora,Villa Hidalgo,2014,progresivo,,,tipo_only_fill,2012,,existing
26067,Sonora,Villa Hidalgo,2015,progresivo,,,tipo_only_fill,2012,,existing
26067,Sonora,Villa Hidalgo,2016,progresivo,,,tipo_only_fill,2012,,existing
26067,Sonora,Villa Hidalgo,2017,progresivo,5,259920.0,false,,,existing
26067,Sonora,Villa Hidalgo,2018,progresivo,,,tipo_only_fill,2017,,existing
26067,Sonora,Villa Hidalgo,2019,progresivo,,,tipo_only_fill,2017,,existing
26067,Sonora,Villa Hidalgo,2020,progresivo,,,tipo_only_fill,2017,,existing
26067,Sonora,Villa Hidalgo,2021,progresivo,,,tipo_only_fill,2017,,existing
26067,Sonora,Villa Hidalgo,2022,progresivo,11,2316072.0,false,,,existing
26067,Sonora,Villa Hidalgo,2023,progresivo,,,false,,audit_individual,existing
26067,Sonora,Villa Hidalgo,2024,mixto,5,259920.0,false,,,existing
26067,Sonora,Villa Hidalgo,2025,progresivo,5,259920.0,false,,,existing
26068,Sonora,Villa Pesqueira,2010,progresivo,,,bfill,2012,,existing
26068,Sonora,Villa Pesqueira,2011,progresivo,,,bfill,2012,,existing
26068,Sonora,Villa Pesqueira,2012,progresivo,5,259920.0,false,,,existing
26068,Sonora,Villa Pesqueira,2013,progresivo,5,259920.0,confirmed_fill,2012,,existing
26068,Sonora,Villa Pesqueira,2014,progresivo,5,259920.0,confirmed_fill,2012,,existing
26068,Sonora,Villa Pesqueira,2015,progresivo,5,259920.0,confirmed_fill,2012,,existing
26068,Sonora,Villa Pesqueira,2016,progresivo,5,259920.0,confirmed_fill,2012,,existing
26068,Sonora,Villa Pesqueira,2017,progresivo,5,259920.0,false,,,existing
26068,Sonora,Villa Pesqueira,2018,progresivo,5,259920.0,false,,,existing
26068,Sonora,Villa Pesqueira,2019,progresivo,,,pragmatic,,,always_T_modal_fill
26068,Sonora,Villa Pesqueira,2020,progresivo,,,false,,audit_individual,existing
26068,Sonora,Villa Pesqueira,2021,progresivo,,,confirmed_fill,2020,user_reversion_noise,existing
26068,Sonora,Villa Pesqueira,2022,progresivo,,,confirmed_fill,2020,user_reversion_noise,existing
26068,Sonora,Villa Pesqueira,2023,progresivo,,,false,,user_reversion_noise,existing
26068,Sonora,Villa Pesqueira,2024,mixto,5,259920.0,false,,,existing
26068,Sonora,Villa Pesqueira,2025,mixto,5,259920.0,false,,,existing
26069,Sonora,Yecora,2010,progresivo,,,bfill,2012,audit_range,existing
26069,Sonora,Yecora,2011,progresivo,,,bfill,2012,audit_range,existing
26069,Sonora,Yecora,2012,progresivo,,,false,,audit_range,existing
26069,Sonora,Yecora,2013,progresivo,,,pragmatic,,,always_T_modal_fill
26069,Sonora,Yecora,2014,progresivo,11,2316072.0,false,,audit_range,existing
26069,Sonora,Yecora,2015,progresivo,11,2316072.0,false,,audit_range,existing
26069,Sonora,Yecora,2016,progresivo,11,2316072.0,false,,audit_range,existing
26069,Sonora,Yecora,2017,progresivo,11,2316072.0,false,,audit_range,existing
26069,Sonora,Yecora,2018,progresivo,,,false,,audit_individual,existing
26069,Sonora,Yecora,2019,progresivo,,,confirmed_fill,2018,user_reversion_noise,existing
26069,Sonora,Yecora,2020,progresivo,,,false,,user_reversion_noise,existing
26069,Sonora,Yecora,2021,progresivo,,,pragmatic,,,always_T_modal_fill
26069,Sonora,Yecora,2022,progresivo,,,pragmatic,,,always_T_modal_fill
26069,Sonora,Yecora,2023,progresivo,11,2316072.0,false,,,existing
26069,Sonora,Yecora,2024,mixto,11,2316072.0,false,,,existing
26069,Sonora,Yecora,2025,progresivo,11,2316072.0,false,,,existing
26070,Sonora,General Plutarco Elias Calles,2010,progresivo,,,bfill,2012,,existing
26070,Sonora,General Plutarco Elias Calles,2011,progresivo,,,bfill,2012,,existing
26070,Sonora,General Plutarco Elias Calles,2012,progresivo,11,2316072.0,false,,,existing
26070,Sonora,General Plutarco Elias Calles,2013,mixto,11,2316072.0,false,,,existing
26070,Sonora,General Plutarco Elias Calles,2014,mixto,11,2316072.0,false,,,existing
26070,Sonora,General Plutarco Elias Calles,2015,mixto,11,2316072.0,false,,,existing
26070,Sonora,General Plutarco Elias Calles,2016,progresivo,11,2316072.0,false,,,existing
26070,Sonora,General Plutarco Elias Calles,2017,progresivo,,,false,,audit_individual,existing
26070,Sonora,General Plutarco Elias Calles,2018,progresivo,,,false,,audit_individual,existing
26070,Sonora,General Plutarco Elias Calles,2019,progresivo,,,pragmatic,,,always_T_modal_fill
26070,Sonora,General Plutarco Elias Calles,2020,progresivo,11,2316072.0,false,,,existing
26070,Sonora,General Plutarco Elias Calles,2021,progresivo,11,2316072.0,false,,,existing
26070,Sonora,General Plutarco Elias Calles,2022,progresivo,11,2316072.0,false,,,existing
26070,Sonora,General Plutarco Elias Calles,2023,progresivo,11,2316072.0,false,,,existing
26070,Sonora,General Plutarco Elias Calles,2024,progresivo,,,false,,audit_individual,existing
26070,Sonora,General Plutarco Elias Calles,2025,progresivo,,,false,,audit_individual,existing
26071,Sonora,Benito Juarez,2010,progresivo,11,2316072.0,false,,,existing
26071,Sonora,Benito Juarez,2011,progresivo,11,2316072.0,closure_fill,2010,,existing
26071,Sonora,Benito Juarez,2012,mixto,11,2316072.0,false,,,existing
26071,Sonora,Benito Juarez,2013,progresivo,11,2316072.0,false,,,existing
26071,Sonora,Benito Juarez,2014,mixto,11,2316072.0,false,,,existing
26071,Sonora,Benito Juarez,2015,progresivo,11,2316072.0,false,,,existing
26071,Sonora,Benito Juarez,2016,progresivo,11,2316072.0,confirmed_fill,2013,,existing
26071,Sonora,Benito Juarez,2017,progresivo,11,2316072.0,false,,,existing
26071,Sonora,Benito Juarez,2018,progresivo,11,2316072.0,false,,,existing
26071,Sonora,Benito Juarez,2019,progresivo,,,false,,audit_individual,existing
26071,Sonora,Benito Juarez,2020,progresivo,11,2316072.0,false,,,existing
26071,Sonora,Benito Juarez,2021,progresivo,,,false,,audit_individual,existing
26071,Sonora,Benito Juarez,2022,progresivo,11,2316072.0,false,,,existing
26071,Sonora,Benito Juarez,2023,progresivo,11,2316072.0,false,,,existing
26071,Sonora,Benito Juarez,2024,progresivo,11,2316072.0,false,,,existing
26071,Sonora,Benito Juarez,2025,progresivo,11,2316072.0,false,,,existing
26072,Sonora,San Ignacio Rio Muerto,2010,progresivo,,,bfill,2013,audit_range,existing
26072,Sonora,San Ignacio Rio Muerto,2011,progresivo,,,bfill,2013,audit_range,existing
26072,Sonora,San Ignacio Rio Muerto,2012,progresivo,,,bfill,2013,audit_range,existing
26072,Sonora,San Ignacio Rio Muerto,2013,progresivo,,,false,,audit_range,existing
26072,Sonora,San Ignacio Rio Muerto,2014,progresivo,,,closure_fill,2013,audit_range,existing
26072,Sonora,San Ignacio Rio Muerto,2015,progresivo,,,closure_fill,2013,audit_range,existing
26072,Sonora,San Ignacio Rio Muerto,2016,progresivo,11,2316072.0,false,,audit_range,existing
26072,Sonora,San Ignacio Rio Muerto,2017,progresivo,,,false,,audit_individual,existing
26072,Sonora,San Ignacio Rio Muerto,2018,progresivo,10,2451520.0,false,,,existing
26072,Sonora,San Ignacio Rio Muerto,2019,progresivo,,,closure_fill,2013,audit_individual,existing
26072,Sonora,San Ignacio Rio Muerto,2020,progresivo,10,2451520.0,false,,,existing
26072,Sonora,San Ignacio Rio Muerto,2021,progresivo,,,closure_fill,2013,audit_individual,existing
26072,Sonora,San Ignacio Rio Muerto,2022,progresivo,10,2451520.0,false,,,existing
26072,Sonora,San Ignacio Rio Muerto,2023,progresivo,10,2451520.0,false,,,existing
26072,Sonora,San Ignacio Rio Muerto,2024,progresivo,10,2451520.0,false,,,existing
26072,Sonora,San Ignacio Rio Muerto,2025,progresivo,,,false,,audit_individual,existing
